Base_Learner,Algorithm,Algorithm_Metric,Algorithm_Height,Algorithm_Order,Prediction_Type,Metric,Mean,Std
RF,,,,,BinaryVector,hamming_accuracy,0.8159984129947724,0.021019011678929347
RF,,,,,BinaryVector,subset0_1,0.4210324869305452,0.08680666009462314
RF,,,,,BinaryVector,f1,0.46397186955439373,0.10056628127450362
RF,,,,,BinaryVector,mfrd,0.9869169608437435,0.012061243831997668
RF,,,,,BinaryVector,afrd,0.5738509228697104,0.0926293830799338
