Base_Learner,Algorithm,Algorithm_Metric,Algorithm_Height,Algorithm_Order,Prediction_Type,Metric,Mean,Std
RF,,,,,BinaryVector,hamming_accuracy,0.805864917849141,0.021536829296902482
RF,,,,,BinaryVector,subset0_1,0.42293689320388356,0.04651175606798806
RF,,,,,BinaryVector,f1,0.47172952452078665,0.05755603723210836
RF,,,,,BinaryVector,mfrd,0.9750161886536792,0.016438826736399383
RF,,,,,BinaryVector,afrd,0.5331498635554388,0.04981257086220459
