Base_Learner,Algorithm,Algorithm_Metric,Algorithm_Height,Algorithm_Order,Prediction_Type,Metric,Mean,Std
RF,,,,,BinaryVector,hamming_accuracy,0.8165118079752226,0.021399130500687195
RF,,,,,BinaryVector,subset0_1,0.4156794425087108,0.048625937350298284
RF,,,,,BinaryVector,f1,0.5100271002710027,0.056541901635116146
RF,,,,,BinaryVector,jaccard,0.4858304297328687,0.05356222911232565
RF,,,,,BinaryVector,macro_f1,0.3157640758200299,0.0877715197262913
RF,,,,,BinaryVector,micro_f1,0.504641067883462,0.05538487990048357
RF,,,,,BinaryVector,macro_precision,0.33035634990345136,0.09555494176777408
RF,,,,,BinaryVector,micro_precision,0.5577235772357724,0.0612824534303844
RF,,,,,BinaryVector,macro_recall,0.32299422533589317,0.09672054182083555
RF,,,,,BinaryVector,micro_recall,0.4613150251917461,0.05322338090596186
RF,,,,,BinaryVector,example_precision,0.5608594657375146,0.06579371569015845
RF,,,,,BinaryVector,example_recall,0.4858304297328687,0.05356222911232565
RF,,,,,BinaryVector,mfrd,1.0,0.0
RF,,,,,BinaryVector,afrd,0.5399648344198418,0.0398118543662533
RF,,,,,ScoreVector,ranking_loss,0.19934185056136275,0.03519493171077451
RF,,,,,ScoreVector,one_error,0.4391405342624855,0.07235912176619788
RF,,,,,ScoreVector,coverage,1.2124274099883856,0.1810082824677217
RF,,,,,ScoreVector,lr_ap,0.7142953929539295,0.042097745412679105
RF,,,,,ScoreVector,auc_macro,0.7880471165109694,0.05264550227350671
RF,,,,,ScoreVector,auc_micro,0.8233017253720019,0.03222687131568941
RF,,,,,ScoreVector,auprc_macro,0.4451023480962032,0.13045027568333578
RF,,,,,ScoreVector,auprc_micro,0.549289434474512,0.049506889853805226
