Base_Learner,Algorithm,Algorithm_Metric,Algorithm_Height,Algorithm_Order,Prediction_Type,Metric,Mean,Std
RF,,,,,BinaryVector,hamming_accuracy,0.7385035370080235,0.0177382932287058
RF,,,,,BinaryVector,subset0_1,0.09532830081185018,0.03716222786056279
RF,,,,,BinaryVector,f1,0.2456770165693396,0.05802316147193116
RF,,,,,BinaryVector,mfrd,0.9165451325826401,0.06844071953811047
RF,,,,,BinaryVector,afrd,0.7460763412491613,0.07471007953656764
