Base_Learner,Algorithm,Algorithm_Metric,Algorithm_Height,Algorithm_Order,Prediction_Type,Metric,Mean,Std
RF,,,,,BinaryVector,hamming_accuracy,0.9176007798414437,0.004435208727790783
RF,,,,,BinaryVector,subset0_1,0.6015734853909128,0.024573544129284305
RF,,,,,BinaryVector,f1,0.6322486866055329,0.024160690553309192
RF,,,,,BinaryVector,mfrd,0.6130633709920223,0.025175537180156603
RF,,,,,BinaryVector,afrd,0.3550738760357456,0.028388233919413083
