Base_Learner,Algorithm,Algorithm_Metric,Algorithm_Height,Algorithm_Order,Prediction_Type,Metric,Mean,Std
RF,,,,,BinaryVector,hamming_accuracy,0.6285285285285285,0.01841651424199637
RF,,,,,BinaryVector,subset0_1,0.06576576576576577,0.026126126126126126
RF,,,,,BinaryVector,f1,0.5302273702273698,0.034777232175806354
RF,,,,,BinaryVector,mfrd,0.9350500781636383,0.08022026182830623
RF,,,,,BinaryVector,afrd,0.44299574127839864,0.042512313657964096
