Base_Learner,Algorithm,Algorithm_Metric,Algorithm_Height,Algorithm_Order,Prediction_Type,Metric,Mean,Std
RF,,,,,BinaryVector,hamming_accuracy,0.8139343873142476,0.012039338249547529
RF,,,,,BinaryVector,subset0_1,0.31529696624412484,0.042021962849822306
RF,,,,,BinaryVector,f1,0.623876940606751,0.020023963161907132
RF,,,,,BinaryVector,mfrd,0.7331112021386392,0.06805555895917863
RF,,,,,BinaryVector,afrd,0.3290266005329065,0.015787328841074873
