Base_Learner,Algorithm,Algorithm_Metric,Algorithm_Height,Algorithm_Order,Prediction_Type,Metric,Mean,Std
RF,,,,,BinaryVector,hamming_accuracy,0.67987987987988,0.01922625621923016
RF,,,,,BinaryVector,subset0_1,0.11441441441441443,0.030960072571963215
RF,,,,,BinaryVector,f1,0.5913420563420559,0.02532966430346387
RF,,,,,BinaryVector,mfrd,0.9972222222222221,0.005928818738363746
RF,,,,,BinaryVector,afrd,0.5270345094576692,0.033031833946097294
