Base_Learner,Algorithm,Algorithm_Metric,Algorithm_Height,Algorithm_Order,Prediction_Type,Metric,Mean,Std
RF,,,,,BinaryVector,hamming_accuracy,0.8846074050430897,0.007027225218652274
RF,,,,,BinaryVector,subset0_1,0.4665556715349247,0.03034617818110123
RF,,,,,BinaryVector,f1,0.5578076304839787,0.026151173865186183
RF,,,,,BinaryVector,mfrd,0.5741691849305063,0.05649626233177415
RF,,,,,BinaryVector,afrd,0.3582974052779166,0.029857817507139398
