Base_Learner,Algorithm,Algorithm_Metric,Algorithm_Height,Algorithm_Order,Prediction_Type,Metric,Mean,Std
RF,,,,,BinaryVector,hamming_accuracy,0.7464938517779994,0.013353027898459413
RF,,,,,BinaryVector,subset0_1,0.1829796325309785,0.03442880749323993
RF,,,,,BinaryVector,f1,0.5265432105045404,0.03658561999231503
RF,,,,,BinaryVector,mfrd,0.5763111329843532,0.09900339376543178
RF,,,,,BinaryVector,afrd,0.3001607769640645,0.026469541388598757
