Base_Learner,Algorithm,Algorithm_Metric,Algorithm_Height,Algorithm_Order,Prediction_Type,Metric,Mean,Std
RF,,,,,BinaryVector,hamming_accuracy,0.7962481602810616,0.014922041680377942
RF,,,,,BinaryVector,subset0_1,0.265596068936049,0.035898373670179624
RF,,,,,BinaryVector,f1,0.5978442224347363,0.024773095947361205
RF,,,,,BinaryVector,mfrd,0.6129688091852392,0.062104099388061496
RF,,,,,BinaryVector,afrd,0.2995887481482211,0.04018823914389823
