Base_Learner,Algorithm,Algorithm_Metric,Algorithm_Height,Algorithm_Order,Prediction_Type,Metric,Mean,Std
RF,,,,,BinaryVector,hamming_accuracy,0.7560449603570241,0.008821564172485074
RF,,,,,BinaryVector,subset0_1,0.19309215211508332,0.02933507332426537
RF,,,,,BinaryVector,f1,0.5301684741693283,0.01737044701615914
RF,,,,,BinaryVector,mfrd,0.6293892791234831,0.10501060653870085
RF,,,,,BinaryVector,afrd,0.31179299495069174,0.0342836363216526
