Base_Learner,Algorithm,Algorithm_Metric,Algorithm_Height,Algorithm_Order,Prediction_Type,Metric,Mean,Std
RF,,,,,BinaryVector,hamming_accuracy,0.7615546218487396,0.011195559085851967
RF,,,,,BinaryVector,subset0_1,0.1399729383278735,0.030631348005623924
RF,,,,,BinaryVector,f1,0.3349802972036272,0.03141787105191605
RF,,,,,BinaryVector,mfrd,0.9442705148351452,0.04678553027386793
RF,,,,,BinaryVector,afrd,0.6595614096625184,0.024927882727144527
