Base_Learner,Algorithm,Algorithm_Metric,Algorithm_Height,Algorithm_Order,Prediction_Type,Metric,Mean,Std
RF,,,,,BinaryVector,hamming_accuracy,0.8849909996175557,0.008038643845182524
RF,,,,,BinaryVector,subset0_1,0.47445846740452546,0.032638274563985235
RF,,,,,BinaryVector,f1,0.5653328128639329,0.028228849334188302
RF,,,,,BinaryVector,mfrd,0.6028091787248433,0.07523252595292046
RF,,,,,BinaryVector,afrd,0.35341540898132573,0.023436511669817108
