Base_Learner,Algorithm,Algorithm_Metric,Algorithm_Height,Algorithm_Order,Prediction_Type,Metric,Mean,Std
RF,,,,,BinaryVector,hamming_accuracy,0.8713472249779304,0.004906030399566978
RF,,,,,BinaryVector,subset0_1,0.2864541368690746,0.029021452594498717
RF,,,,,BinaryVector,f1,0.3026797683644157,0.03177666361324213
RF,,,,,BinaryVector,mfrd,0.9623787339805645,0.022116408553049225
RF,,,,,BinaryVector,afrd,0.6874698534482706,0.032149137502350184
