Base_Learner,Algorithm,Algorithm_Metric,Algorithm_Height,Algorithm_Order,Prediction_Type,Metric,Mean,Std
RF,,,,,BinaryVector,hamming_accuracy,0.6441441441441441,0.021686173243100067
RF,,,,,BinaryVector,subset0_1,0.03603603603603603,0.014526590537474862
RF,,,,,BinaryVector,f1,0.35943800943800935,0.041523254911442854
RF,,,,,BinaryVector,mfrd,0.9953617168570439,0.011153247420226404
RF,,,,,BinaryVector,afrd,0.6781531802672239,0.03610392196746181
