Base_Learner,Algorithm,Algorithm_Metric,Algorithm_Height,Algorithm_Order,Prediction_Type,Metric,Mean,Std
RF,,,,,BinaryVector,hamming_accuracy,0.7605611736219912,0.00592147059548976
RF,,,,,BinaryVector,subset0_1,0.13325737074490815,0.01666011680486178
RF,,,,,BinaryVector,f1,0.3153809998575702,0.01909238649657975
RF,,,,,BinaryVector,mfrd,0.9394922110318913,0.027657290264240852
RF,,,,,BinaryVector,afrd,0.6898401915133328,0.018957315768620323
