Base_Learner,Algorithm,Algorithm_Metric,Algorithm_Height,Algorithm_Order,Prediction_Type,Metric,Mean,Std
RF,,,,,BinaryVector,hamming_accuracy,0.8980054072911215,0.004224585453723117
RF,,,,,BinaryVector,subset0_1,0.06598639455782314,0.020259140055828448
RF,,,,,BinaryVector,f1,0.08974088609802894,0.02230362318540977
RF,,,,,BinaryVector,mfrd,0.9988601872780111,0.0022879455682647512
RF,,,,,BinaryVector,afrd,0.919215517304578,0.018428557315393786
