Base_Learner,Algorithm,Algorithm_Metric,Algorithm_Height,Algorithm_Order,Prediction_Type,Metric,Mean,Std
RF,,,,,BinaryVector,hamming_accuracy,0.866846674315554,0.003262803388346575
RF,,,,,BinaryVector,subset0_1,0.2565454059229993,0.01694200326250777
RF,,,,,BinaryVector,f1,0.2722635818071504,0.019021493338844068
RF,,,,,BinaryVector,mfrd,0.9873463923012386,0.005852878986150483
RF,,,,,BinaryVector,afrd,0.718949805557928,0.01690660005485543
