Base_Learner,Algorithm,Algorithm_Metric,Algorithm_Height,Algorithm_Order,Prediction_Type,Metric,Mean,Std
RF,,,,,BinaryVector,hamming_accuracy,0.7762001548586914,0.023795869431081085
RF,,,,,BinaryVector,subset0_1,0.16440185830429732,0.060449279761489776
RF,,,,,BinaryVector,f1,0.3059504452187379,0.08783457655176763
RF,,,,,BinaryVector,mfrd,0.9843272118272118,0.01719887559324458
RF,,,,,BinaryVector,afrd,0.5756032965740432,0.0977889478431451
