Base_Learner,Algorithm,Algorithm_Metric,Algorithm_Height,Algorithm_Order,Prediction_Type,Metric,Mean,Std
RF,,,,,BinaryVector,hamming_accuracy,0.6897897897897898,0.012367123292476872
RF,,,,,BinaryVector,subset0_1,0.13513513513513514,0.01846297435308036
RF,,,,,BinaryVector,f1,0.6076812526812522,0.016970364778371702
RF,,,,,BinaryVector,mfrd,0.9935180465087008,0.007254420727775979
RF,,,,,BinaryVector,afrd,0.5203475753892403,0.042743253831676445
