Base_Learner,Algorithm,Algorithm_Metric,Algorithm_Height,Algorithm_Order,Prediction_Type,Metric,Mean,Std
RF,,,,,BinaryVector,hamming_accuracy,0.84220500373413,0.018447697368966284
RF,,,,,BinaryVector,subset0_1,0.5104742345033607,0.07438347724252294
RF,,,,,BinaryVector,f1,0.535505352252925,0.0780975707217466
RF,,,,,BinaryVector,mfrd,0.9969690846635686,0.006501217232472088
RF,,,,,BinaryVector,afrd,0.5409828883395679,0.07089867032021398
