Base_Learner,Algorithm,Algorithm_Metric,Algorithm_Height,Algorithm_Order,Prediction_Type,Metric,Mean,Std
RF,,,,,BinaryVector,hamming_accuracy,0.7625241966705381,0.0214799370796936
RF,,,,,BinaryVector,subset0_1,0.11637630662020906,0.04771045870558274
RF,,,,,BinaryVector,f1,0.2751084010840108,0.05915653855252583
RF,,,,,BinaryVector,mfrd,0.9423991184966795,0.06946560600640395
RF,,,,,BinaryVector,afrd,0.5756937174395926,0.11498355322369573
