Base_Learner,Algorithm,Algorithm_Metric,Algorithm_Height,Algorithm_Order,Prediction_Type,Metric,Mean,Std
RF,,,,,BinaryVector,hamming_accuracy,0.9089138292457795,0.0053774615508166744
RF,,,,,BinaryVector,subset0_1,0.5457052647924017,0.029379889538705094
RF,,,,,BinaryVector,f1,0.597942823129545,0.03029904704584754
RF,,,,,BinaryVector,mfrd,0.6347625563018415,0.04812579632058631
RF,,,,,BinaryVector,afrd,0.37201433052893307,0.02661986731109451
