Dataset,BaseLearner,PredictionType,Algorithm,Metric,Noise,Value
chestxray_densenet,LGBM,BinaryVector,PartialOrder__Hamming__2,afrd,0.0,0.8766±0.0049
chestxray_densenet,LGBM,BinaryVector,PartialOrder__Hamming__None,afrd,0.0,0.8772±0.0050
chestxray_densenet,LGBM,BinaryVector,PartialOrder__Subset__2,afrd,0.0,0.8766±0.0049
chestxray_densenet,LGBM,BinaryVector,PartialOrder__Subset__None,afrd,0.0,0.8772±0.0050
chestxray_densenet,LGBM,BinaryVector,PreOrder__Hamming__2,afrd,0.0,0.8324±0.0048
chestxray_densenet,LGBM,BinaryVector,PreOrder__Hamming__None,afrd,0.0,0.8320±0.0049
chestxray_densenet,LGBM,BinaryVector,PreOrder__Subset__2,afrd,0.0,0.8327±0.0050
chestxray_densenet,LGBM,BinaryVector,PreOrder__Subset__None,afrd,0.0,0.8329±0.0047
chestxray_densenet,LGBM,BinaryVector,br,afrd,0.0,0.3315±0.0072
chestxray_densenet,LGBM,BinaryVector,cc,afrd,0.0,0.3140±0.0146
chestxray_densenet,LGBM,BinaryVector,clr,afrd,0.0,0.5314±0.0066
chestxray_densenet,LGBM,BinaryVector,ecc,afrd,0.0,0.4244±0.0079
chestxray_densenet,LGBM,BinaryVector,PartialOrder__Hamming__2,afrd,0.1,0.9126±0.0058
chestxray_densenet,LGBM,BinaryVector,PartialOrder__Hamming__None,afrd,0.1,0.9131±0.0058
chestxray_densenet,LGBM,BinaryVector,PartialOrder__Subset__2,afrd,0.1,0.9126±0.0058
chestxray_densenet,LGBM,BinaryVector,PartialOrder__Subset__None,afrd,0.1,0.9132±0.0058
chestxray_densenet,LGBM,BinaryVector,PreOrder__Hamming__2,afrd,0.1,0.8278±0.0116
chestxray_densenet,LGBM,BinaryVector,PreOrder__Hamming__None,afrd,0.1,0.8302±0.0106
chestxray_densenet,LGBM,BinaryVector,PreOrder__Subset__2,afrd,0.1,0.8274±0.0114
chestxray_densenet,LGBM,BinaryVector,PreOrder__Subset__None,afrd,0.1,0.8307±0.0104
chestxray_densenet,LGBM,BinaryVector,br,afrd,0.1,0.1950±0.0080
chestxray_densenet,LGBM,BinaryVector,cc,afrd,0.1,0.1915±0.0069
chestxray_densenet,LGBM,BinaryVector,clr,afrd,0.1,0.5314±0.0065
chestxray_densenet,LGBM,BinaryVector,ecc,afrd,0.1,0.3283±0.0087
chestxray_densenet,LGBM,BinaryVector,PartialOrder__Hamming__2,afrd,0.2,0.9125±0.0039
chestxray_densenet,LGBM,BinaryVector,PartialOrder__Hamming__None,afrd,0.2,0.9132±0.0039
chestxray_densenet,LGBM,BinaryVector,PartialOrder__Subset__2,afrd,0.2,0.9124±0.0040
chestxray_densenet,LGBM,BinaryVector,PartialOrder__Subset__None,afrd,0.2,0.9131±0.0040
chestxray_densenet,LGBM,BinaryVector,PreOrder__Hamming__2,afrd,0.2,0.7593±0.0117
chestxray_densenet,LGBM,BinaryVector,PreOrder__Hamming__None,afrd,0.2,0.7658±0.0110
chestxray_densenet,LGBM,BinaryVector,PreOrder__Subset__2,afrd,0.2,0.7591±0.0117
chestxray_densenet,LGBM,BinaryVector,PreOrder__Subset__None,afrd,0.2,0.7665±0.0111
chestxray_densenet,LGBM,BinaryVector,br,afrd,0.2,0.1068±0.0057
chestxray_densenet,LGBM,BinaryVector,cc,afrd,0.2,0.1197±0.0087
chestxray_densenet,LGBM,BinaryVector,clr,afrd,0.2,0.6152±0.0156
chestxray_densenet,LGBM,BinaryVector,ecc,afrd,0.2,0.2359±0.0109
chestxray_densenet,LGBM,BinaryVector,PartialOrder__Hamming__2,afrd,0.3,0.9020±0.0064
chestxray_densenet,LGBM,BinaryVector,PartialOrder__Hamming__None,afrd,0.3,0.9028±0.0067
chestxray_densenet,LGBM,BinaryVector,PartialOrder__Subset__2,afrd,0.3,0.9021±0.0064
chestxray_densenet,LGBM,BinaryVector,PartialOrder__Subset__None,afrd,0.3,0.9029±0.0067
chestxray_densenet,LGBM,BinaryVector,PreOrder__Hamming__2,afrd,0.3,0.6121±0.0108
chestxray_densenet,LGBM,BinaryVector,PreOrder__Hamming__None,afrd,0.3,0.6280±0.0117
chestxray_densenet,LGBM,BinaryVector,PreOrder__Subset__2,afrd,0.3,0.6103±0.0111
chestxray_densenet,LGBM,BinaryVector,PreOrder__Subset__None,afrd,0.3,0.6278±0.0125
chestxray_densenet,LGBM,BinaryVector,br,afrd,0.3,0.0668±0.0103
chestxray_densenet,LGBM,BinaryVector,cc,afrd,0.3,0.0638±0.0097
chestxray_densenet,LGBM,BinaryVector,clr,afrd,0.3,0.7224±0.0060
chestxray_densenet,LGBM,BinaryVector,ecc,afrd,0.3,0.1122±0.0067
chestxray_densenet,LGBM,BinaryVector,PartialOrder__Hamming__2,example_precision,0.0,0.1204±0.0022
chestxray_densenet,LGBM,BinaryVector,PartialOrder__Hamming__None,example_precision,0.0,0.1202±0.0021
chestxray_densenet,LGBM,BinaryVector,PartialOrder__Subset__2,example_precision,0.0,0.1203±0.0022
chestxray_densenet,LGBM,BinaryVector,PartialOrder__Subset__None,example_precision,0.0,0.1202±0.0021
chestxray_densenet,LGBM,BinaryVector,PreOrder__Hamming__2,example_precision,0.0,0.1239±0.0013
chestxray_densenet,LGBM,BinaryVector,PreOrder__Hamming__None,example_precision,0.0,0.1241±0.0014
chestxray_densenet,LGBM,BinaryVector,PreOrder__Subset__2,example_precision,0.0,0.1236±0.0013
chestxray_densenet,LGBM,BinaryVector,PreOrder__Subset__None,example_precision,0.0,0.1238±0.0014
chestxray_densenet,LGBM,BinaryVector,br,example_precision,0.0,0.3791±0.0057
chestxray_densenet,LGBM,BinaryVector,cc,example_precision,0.0,0.3773±0.0053
chestxray_densenet,LGBM,BinaryVector,clr,example_precision,0.0,0.4558±0.0113
chestxray_densenet,LGBM,BinaryVector,ecc,example_precision,0.0,0.4296±0.0061
chestxray_densenet,LGBM,BinaryVector,PartialOrder__Hamming__2,example_precision,0.1,0.1141±0.0019
chestxray_densenet,LGBM,BinaryVector,PartialOrder__Hamming__None,example_precision,0.1,0.1139±0.0019
chestxray_densenet,LGBM,BinaryVector,PartialOrder__Subset__2,example_precision,0.1,0.1141±0.0019
chestxray_densenet,LGBM,BinaryVector,PartialOrder__Subset__None,example_precision,0.1,0.1139±0.0019
chestxray_densenet,LGBM,BinaryVector,PreOrder__Hamming__2,example_precision,0.1,0.1213±0.0023
chestxray_densenet,LGBM,BinaryVector,PreOrder__Hamming__None,example_precision,0.1,0.1207±0.0024
chestxray_densenet,LGBM,BinaryVector,PreOrder__Subset__2,example_precision,0.1,0.1214±0.0023
chestxray_densenet,LGBM,BinaryVector,PreOrder__Subset__None,example_precision,0.1,0.1207±0.0024
chestxray_densenet,LGBM,BinaryVector,br,example_precision,0.1,0.2825±0.0045
chestxray_densenet,LGBM,BinaryVector,cc,example_precision,0.1,0.2818±0.0066
chestxray_densenet,LGBM,BinaryVector,clr,example_precision,0.1,0.4375±0.0095
chestxray_densenet,LGBM,BinaryVector,ecc,example_precision,0.1,0.3665±0.0097
chestxray_densenet,LGBM,BinaryVector,PartialOrder__Hamming__2,example_precision,0.2,0.1107±0.0014
chestxray_densenet,LGBM,BinaryVector,PartialOrder__Hamming__None,example_precision,0.2,0.1106±0.0014
chestxray_densenet,LGBM,BinaryVector,PartialOrder__Subset__2,example_precision,0.2,0.1107±0.0014
chestxray_densenet,LGBM,BinaryVector,PartialOrder__Subset__None,example_precision,0.2,0.1106±0.0014
chestxray_densenet,LGBM,BinaryVector,PreOrder__Hamming__2,example_precision,0.2,0.1225±0.0019
chestxray_densenet,LGBM,BinaryVector,PreOrder__Hamming__None,example_precision,0.2,0.1214±0.0017
chestxray_densenet,LGBM,BinaryVector,PreOrder__Subset__2,example_precision,0.2,0.1225±0.0020
chestxray_densenet,LGBM,BinaryVector,PreOrder__Subset__None,example_precision,0.2,0.1213±0.0017
chestxray_densenet,LGBM,BinaryVector,br,example_precision,0.2,0.2131±0.0063
chestxray_densenet,LGBM,BinaryVector,cc,example_precision,0.2,0.2100±0.0036
chestxray_densenet,LGBM,BinaryVector,clr,example_precision,0.2,0.4346±0.0050
chestxray_densenet,LGBM,BinaryVector,ecc,example_precision,0.2,0.2895±0.0099
chestxray_densenet,LGBM,BinaryVector,PartialOrder__Hamming__2,example_precision,0.3,0.1086±0.0015
chestxray_densenet,LGBM,BinaryVector,PartialOrder__Hamming__None,example_precision,0.3,0.1085±0.0014
chestxray_densenet,LGBM,BinaryVector,PartialOrder__Subset__2,example_precision,0.3,0.1086±0.0014
chestxray_densenet,LGBM,BinaryVector,PartialOrder__Subset__None,example_precision,0.3,0.1085±0.0014
chestxray_densenet,LGBM,BinaryVector,PreOrder__Hamming__2,example_precision,0.3,0.1226±0.0020
chestxray_densenet,LGBM,BinaryVector,PreOrder__Hamming__None,example_precision,0.3,0.1211±0.0018
chestxray_densenet,LGBM,BinaryVector,PreOrder__Subset__2,example_precision,0.3,0.1224±0.0022
chestxray_densenet,LGBM,BinaryVector,PreOrder__Subset__None,example_precision,0.3,0.1208±0.0017
chestxray_densenet,LGBM,BinaryVector,br,example_precision,0.3,0.1650±0.0035
chestxray_densenet,LGBM,BinaryVector,cc,example_precision,0.3,0.1658±0.0022
chestxray_densenet,LGBM,BinaryVector,clr,example_precision,0.3,0.4177±0.0097
chestxray_densenet,LGBM,BinaryVector,ecc,example_precision,0.3,0.1975±0.0049
chestxray_densenet,LGBM,BinaryVector,PartialOrder__Hamming__2,example_recall,0.0,0.5269±0.0038
chestxray_densenet,LGBM,BinaryVector,PartialOrder__Hamming__None,example_recall,0.0,0.5271±0.0038
chestxray_densenet,LGBM,BinaryVector,PartialOrder__Subset__2,example_recall,0.0,0.5268±0.0038
chestxray_densenet,LGBM,BinaryVector,PartialOrder__Subset__None,example_recall,0.0,0.5271±0.0038
chestxray_densenet,LGBM,BinaryVector,PreOrder__Hamming__2,example_recall,0.0,0.5141±0.0033
chestxray_densenet,LGBM,BinaryVector,PreOrder__Hamming__None,example_recall,0.0,0.5148±0.0034
chestxray_densenet,LGBM,BinaryVector,PreOrder__Subset__2,example_recall,0.0,0.5139±0.0033
chestxray_densenet,LGBM,BinaryVector,PreOrder__Subset__None,example_recall,0.0,0.5149±0.0034
chestxray_densenet,LGBM,BinaryVector,br,example_recall,0.0,0.4743±0.0059
chestxray_densenet,LGBM,BinaryVector,cc,example_recall,0.0,0.4985±0.0061
chestxray_densenet,LGBM,BinaryVector,clr,example_recall,0.0,0.4827±0.0095
chestxray_densenet,LGBM,BinaryVector,ecc,example_recall,0.0,0.4985±0.0054
chestxray_densenet,LGBM,BinaryVector,PartialOrder__Hamming__2,example_recall,0.1,0.5333±0.0037
chestxray_densenet,LGBM,BinaryVector,PartialOrder__Hamming__None,example_recall,0.1,0.5335±0.0037
chestxray_densenet,LGBM,BinaryVector,PartialOrder__Subset__2,example_recall,0.1,0.5333±0.0037
chestxray_densenet,LGBM,BinaryVector,PartialOrder__Subset__None,example_recall,0.1,0.5335±0.0037
chestxray_densenet,LGBM,BinaryVector,PreOrder__Hamming__2,example_recall,0.1,0.5124±0.0040
chestxray_densenet,LGBM,BinaryVector,PreOrder__Hamming__None,example_recall,0.1,0.5131±0.0041
chestxray_densenet,LGBM,BinaryVector,PreOrder__Subset__2,example_recall,0.1,0.5120±0.0039
chestxray_densenet,LGBM,BinaryVector,PreOrder__Subset__None,example_recall,0.1,0.5131±0.0040
chestxray_densenet,LGBM,BinaryVector,br,example_recall,0.1,0.4272±0.0054
chestxray_densenet,LGBM,BinaryVector,cc,example_recall,0.1,0.4344±0.0057
chestxray_densenet,LGBM,BinaryVector,clr,example_recall,0.1,0.4641±0.0092
chestxray_densenet,LGBM,BinaryVector,ecc,example_recall,0.1,0.4672±0.0112
chestxray_densenet,LGBM,BinaryVector,PartialOrder__Hamming__2,example_recall,0.2,0.5318±0.0040
chestxray_densenet,LGBM,BinaryVector,PartialOrder__Hamming__None,example_recall,0.2,0.5320±0.0040
chestxray_densenet,LGBM,BinaryVector,PartialOrder__Subset__2,example_recall,0.2,0.5318±0.0040
chestxray_densenet,LGBM,BinaryVector,PartialOrder__Subset__None,example_recall,0.2,0.5320±0.0040
chestxray_densenet,LGBM,BinaryVector,PreOrder__Hamming__2,example_recall,0.2,0.4976±0.0047
chestxray_densenet,LGBM,BinaryVector,PreOrder__Hamming__None,example_recall,0.2,0.5000±0.0044
chestxray_densenet,LGBM,BinaryVector,PreOrder__Subset__2,example_recall,0.2,0.4973±0.0048
chestxray_densenet,LGBM,BinaryVector,PreOrder__Subset__None,example_recall,0.2,0.5001±0.0042
chestxray_densenet,LGBM,BinaryVector,br,example_recall,0.2,0.3835±0.0078
chestxray_densenet,LGBM,BinaryVector,cc,example_recall,0.2,0.3804±0.0074
chestxray_densenet,LGBM,BinaryVector,clr,example_recall,0.2,0.4438±0.0096
chestxray_densenet,LGBM,BinaryVector,ecc,example_recall,0.2,0.4222±0.0115
chestxray_densenet,LGBM,BinaryVector,PartialOrder__Hamming__2,example_recall,0.3,0.5274±0.0042
chestxray_densenet,LGBM,BinaryVector,PartialOrder__Hamming__None,example_recall,0.3,0.5277±0.0041
chestxray_densenet,LGBM,BinaryVector,PartialOrder__Subset__2,example_recall,0.3,0.5274±0.0042
chestxray_densenet,LGBM,BinaryVector,PartialOrder__Subset__None,example_recall,0.3,0.5277±0.0041
chestxray_densenet,LGBM,BinaryVector,PreOrder__Hamming__2,example_recall,0.3,0.4634±0.0043
chestxray_densenet,LGBM,BinaryVector,PreOrder__Hamming__None,example_recall,0.3,0.4685±0.0040
chestxray_densenet,LGBM,BinaryVector,PreOrder__Subset__2,example_recall,0.3,0.4623±0.0044
chestxray_densenet,LGBM,BinaryVector,PreOrder__Subset__None,example_recall,0.3,0.4680±0.0043
chestxray_densenet,LGBM,BinaryVector,br,example_recall,0.3,0.3463±0.0055
chestxray_densenet,LGBM,BinaryVector,cc,example_recall,0.3,0.3500±0.0046
chestxray_densenet,LGBM,BinaryVector,clr,example_recall,0.3,0.4095±0.0071
chestxray_densenet,LGBM,BinaryVector,ecc,example_recall,0.3,0.3697±0.0063
chestxray_densenet,LGBM,BinaryVector,PartialOrder__Hamming__2,f1,0.0,0.1835±0.0024
chestxray_densenet,LGBM,BinaryVector,PartialOrder__Hamming__None,f1,0.0,0.1836±0.0024
chestxray_densenet,LGBM,BinaryVector,PartialOrder__Subset__2,f1,0.0,0.1835±0.0024
chestxray_densenet,LGBM,BinaryVector,PartialOrder__Subset__None,f1,0.0,0.1836±0.0024
chestxray_densenet,LGBM,BinaryVector,PreOrder__Hamming__2,f1,0.0,0.1834±0.0017
chestxray_densenet,LGBM,BinaryVector,PreOrder__Hamming__None,f1,0.0,0.1838±0.0019
chestxray_densenet,LGBM,BinaryVector,PreOrder__Subset__2,f1,0.0,0.1829±0.0017
chestxray_densenet,LGBM,BinaryVector,PreOrder__Subset__None,f1,0.0,0.1836±0.0019
chestxray_densenet,LGBM,BinaryVector,br,f1,0.0,0.3984±0.0058
chestxray_densenet,LGBM,BinaryVector,cc,f1,0.0,0.4034±0.0055
chestxray_densenet,LGBM,BinaryVector,clr,f1,0.0,0.4515±0.0101
chestxray_densenet,LGBM,BinaryVector,ecc,f1,0.0,0.4395±0.0054
chestxray_densenet,LGBM,BinaryVector,PartialOrder__Hamming__2,f1,0.1,0.1791±0.0024
chestxray_densenet,LGBM,BinaryVector,PartialOrder__Hamming__None,f1,0.1,0.1791±0.0024
chestxray_densenet,LGBM,BinaryVector,PartialOrder__Subset__2,f1,0.1,0.1791±0.0025
chestxray_densenet,LGBM,BinaryVector,PartialOrder__Subset__None,f1,0.1,0.1791±0.0024
chestxray_densenet,LGBM,BinaryVector,PreOrder__Hamming__2,f1,0.1,0.1815±0.0027
chestxray_densenet,LGBM,BinaryVector,PreOrder__Hamming__None,f1,0.1,0.1815±0.0027
chestxray_densenet,LGBM,BinaryVector,PreOrder__Subset__2,f1,0.1,0.1814±0.0026
chestxray_densenet,LGBM,BinaryVector,PreOrder__Subset__None,f1,0.1,0.1814±0.0027
chestxray_densenet,LGBM,BinaryVector,br,f1,0.1,0.3159±0.0046
chestxray_densenet,LGBM,BinaryVector,cc,f1,0.1,0.3162±0.0066
chestxray_densenet,LGBM,BinaryVector,clr,f1,0.1,0.4333±0.0091
chestxray_densenet,LGBM,BinaryVector,ecc,f1,0.1,0.3871±0.0101
chestxray_densenet,LGBM,BinaryVector,PartialOrder__Hamming__2,f1,0.2,0.1762±0.0020
chestxray_densenet,LGBM,BinaryVector,PartialOrder__Hamming__None,f1,0.2,0.1762±0.0021
chestxray_densenet,LGBM,BinaryVector,PartialOrder__Subset__2,f1,0.2,0.1762±0.0020
chestxray_densenet,LGBM,BinaryVector,PartialOrder__Subset__None,f1,0.2,0.1762±0.0021
chestxray_densenet,LGBM,BinaryVector,PreOrder__Hamming__2,f1,0.2,0.1825±0.0026
chestxray_densenet,LGBM,BinaryVector,PreOrder__Hamming__None,f1,0.2,0.1825±0.0022
chestxray_densenet,LGBM,BinaryVector,PreOrder__Subset__2,f1,0.2,0.1823±0.0026
chestxray_densenet,LGBM,BinaryVector,PreOrder__Subset__None,f1,0.2,0.1824±0.0022
chestxray_densenet,LGBM,BinaryVector,br,f1,0.2,0.2523±0.0064
chestxray_densenet,LGBM,BinaryVector,cc,f1,0.2,0.2490±0.0039
chestxray_densenet,LGBM,BinaryVector,clr,f1,0.2,0.4248±0.0065
chestxray_densenet,LGBM,BinaryVector,ecc,f1,0.2,0.3196±0.0100
chestxray_densenet,LGBM,BinaryVector,PartialOrder__Hamming__2,f1,0.3,0.1739±0.0021
chestxray_densenet,LGBM,BinaryVector,PartialOrder__Hamming__None,f1,0.3,0.1739±0.0021
chestxray_densenet,LGBM,BinaryVector,PartialOrder__Subset__2,f1,0.3,0.1739±0.0021
chestxray_densenet,LGBM,BinaryVector,PartialOrder__Subset__None,f1,0.3,0.1739±0.0021
chestxray_densenet,LGBM,BinaryVector,PreOrder__Hamming__2,f1,0.3,0.1815±0.0022
chestxray_densenet,LGBM,BinaryVector,PreOrder__Hamming__None,f1,0.3,0.1815±0.0021
chestxray_densenet,LGBM,BinaryVector,PreOrder__Subset__2,f1,0.3,0.1811±0.0023
chestxray_densenet,LGBM,BinaryVector,PreOrder__Subset__None,f1,0.3,0.1812±0.0020
chestxray_densenet,LGBM,BinaryVector,br,f1,0.3,0.2061±0.0039
chestxray_densenet,LGBM,BinaryVector,cc,f1,0.3,0.2076±0.0025
chestxray_densenet,LGBM,BinaryVector,clr,f1,0.3,0.4030±0.0080
chestxray_densenet,LGBM,BinaryVector,ecc,f1,0.3,0.2367±0.0050
chestxray_densenet,LGBM,BinaryVector,PartialOrder__Hamming__2,hamming_accuracy,0.0,0.1626±0.0018
chestxray_densenet,LGBM,BinaryVector,PartialOrder__Hamming__None,hamming_accuracy,0.0,0.1625±0.0018
chestxray_densenet,LGBM,BinaryVector,PartialOrder__Subset__2,hamming_accuracy,0.0,0.1626±0.0018
chestxray_densenet,LGBM,BinaryVector,PartialOrder__Subset__None,hamming_accuracy,0.0,0.1625±0.0018
chestxray_densenet,LGBM,BinaryVector,PreOrder__Hamming__2,hamming_accuracy,0.0,0.1750±0.0017
chestxray_densenet,LGBM,BinaryVector,PreOrder__Hamming__None,hamming_accuracy,0.0,0.1755±0.0019
chestxray_densenet,LGBM,BinaryVector,PreOrder__Subset__2,hamming_accuracy,0.0,0.1742±0.0017
chestxray_densenet,LGBM,BinaryVector,PreOrder__Subset__None,hamming_accuracy,0.0,0.1749±0.0019
chestxray_densenet,LGBM,BinaryVector,br,hamming_accuracy,0.0,0.7943±0.0035
chestxray_densenet,LGBM,BinaryVector,cc,hamming_accuracy,0.0,0.7762±0.0037
chestxray_densenet,LGBM,BinaryVector,clr,hamming_accuracy,0.0,0.8494±0.0029
chestxray_densenet,LGBM,BinaryVector,ecc,hamming_accuracy,0.0,0.8234±0.0033
chestxray_densenet,LGBM,BinaryVector,PartialOrder__Hamming__2,hamming_accuracy,0.1,0.1474±0.0034
chestxray_densenet,LGBM,BinaryVector,PartialOrder__Hamming__None,hamming_accuracy,0.1,0.1473±0.0033
chestxray_densenet,LGBM,BinaryVector,PartialOrder__Subset__2,hamming_accuracy,0.1,0.1474±0.0034
chestxray_densenet,LGBM,BinaryVector,PartialOrder__Subset__None,hamming_accuracy,0.1,0.1472±0.0033
chestxray_densenet,LGBM,BinaryVector,PreOrder__Hamming__2,hamming_accuracy,0.1,0.1766±0.0043
chestxray_densenet,LGBM,BinaryVector,PreOrder__Hamming__None,hamming_accuracy,0.1,0.1761±0.0042
chestxray_densenet,LGBM,BinaryVector,PreOrder__Subset__2,hamming_accuracy,0.1,0.1764±0.0044
chestxray_densenet,LGBM,BinaryVector,PreOrder__Subset__None,hamming_accuracy,0.1,0.1759±0.0042
chestxray_densenet,LGBM,BinaryVector,br,hamming_accuracy,0.1,0.7231±0.0032
chestxray_densenet,LGBM,BinaryVector,cc,hamming_accuracy,0.1,0.7156±0.0061
chestxray_densenet,LGBM,BinaryVector,clr,hamming_accuracy,0.1,0.8440±0.0021
chestxray_densenet,LGBM,BinaryVector,ecc,hamming_accuracy,0.1,0.7862±0.0027
chestxray_densenet,LGBM,BinaryVector,PartialOrder__Hamming__2,hamming_accuracy,0.2,0.1455±0.0022
chestxray_densenet,LGBM,BinaryVector,PartialOrder__Hamming__None,hamming_accuracy,0.2,0.1453±0.0022
chestxray_densenet,LGBM,BinaryVector,PartialOrder__Subset__2,hamming_accuracy,0.2,0.1455±0.0022
chestxray_densenet,LGBM,BinaryVector,PartialOrder__Subset__None,hamming_accuracy,0.2,0.1452±0.0022
chestxray_densenet,LGBM,BinaryVector,PreOrder__Hamming__2,hamming_accuracy,0.2,0.2053±0.0033
chestxray_densenet,LGBM,BinaryVector,PreOrder__Hamming__None,hamming_accuracy,0.2,0.2040±0.0031
chestxray_densenet,LGBM,BinaryVector,PreOrder__Subset__2,hamming_accuracy,0.2,0.2051±0.0034
chestxray_densenet,LGBM,BinaryVector,PreOrder__Subset__None,hamming_accuracy,0.2,0.2037±0.0032
chestxray_densenet,LGBM,BinaryVector,br,hamming_accuracy,0.2,0.6668±0.0035
chestxray_densenet,LGBM,BinaryVector,cc,hamming_accuracy,0.2,0.6664±0.0021
chestxray_densenet,LGBM,BinaryVector,clr,hamming_accuracy,0.2,0.8521±0.0013
chestxray_densenet,LGBM,BinaryVector,ecc,hamming_accuracy,0.2,0.7359±0.0041
chestxray_densenet,LGBM,BinaryVector,PartialOrder__Hamming__2,hamming_accuracy,0.3,0.1498±0.0024
chestxray_densenet,LGBM,BinaryVector,PartialOrder__Hamming__None,hamming_accuracy,0.3,0.1495±0.0024
chestxray_densenet,LGBM,BinaryVector,PartialOrder__Subset__2,hamming_accuracy,0.3,0.1498±0.0024
chestxray_densenet,LGBM,BinaryVector,PartialOrder__Subset__None,hamming_accuracy,0.3,0.1495±0.0024
chestxray_densenet,LGBM,BinaryVector,PreOrder__Hamming__2,hamming_accuracy,0.3,0.2713±0.0057
chestxray_densenet,LGBM,BinaryVector,PreOrder__Hamming__None,hamming_accuracy,0.3,0.2667±0.0051
chestxray_densenet,LGBM,BinaryVector,PreOrder__Subset__2,hamming_accuracy,0.3,0.2712±0.0060
chestxray_densenet,LGBM,BinaryVector,PreOrder__Subset__None,hamming_accuracy,0.3,0.2662±0.0051
chestxray_densenet,LGBM,BinaryVector,br,hamming_accuracy,0.3,0.6134±0.0020
chestxray_densenet,LGBM,BinaryVector,cc,hamming_accuracy,0.3,0.6130±0.0013
chestxray_densenet,LGBM,BinaryVector,clr,hamming_accuracy,0.3,0.8575±0.0016
chestxray_densenet,LGBM,BinaryVector,ecc,hamming_accuracy,0.3,0.6553±0.0013
chestxray_densenet,LGBM,BinaryVector,PartialOrder__Hamming__2,jaccard,0.0,0.1172±0.0018
chestxray_densenet,LGBM,BinaryVector,PartialOrder__Hamming__None,jaccard,0.0,0.1172±0.0018
chestxray_densenet,LGBM,BinaryVector,PartialOrder__Subset__2,jaccard,0.0,0.1172±0.0018
chestxray_densenet,LGBM,BinaryVector,PartialOrder__Subset__None,jaccard,0.0,0.1172±0.0018
chestxray_densenet,LGBM,BinaryVector,PreOrder__Hamming__2,jaccard,0.0,0.1178±0.0010
chestxray_densenet,LGBM,BinaryVector,PreOrder__Hamming__None,jaccard,0.0,0.1183±0.0012
chestxray_densenet,LGBM,BinaryVector,PreOrder__Subset__2,jaccard,0.0,0.1175±0.0009
chestxray_densenet,LGBM,BinaryVector,PreOrder__Subset__None,jaccard,0.0,0.1181±0.0011
chestxray_densenet,LGBM,BinaryVector,br,jaccard,0.0,0.3492±0.0050
chestxray_densenet,LGBM,BinaryVector,cc,jaccard,0.0,0.3525±0.0047
chestxray_densenet,LGBM,BinaryVector,clr,jaccard,0.0,0.4151±0.0098
chestxray_densenet,LGBM,BinaryVector,ecc,jaccard,0.0,0.3956±0.0052
chestxray_densenet,LGBM,BinaryVector,PartialOrder__Hamming__2,jaccard,0.1,0.1124±0.0017
chestxray_densenet,LGBM,BinaryVector,PartialOrder__Hamming__None,jaccard,0.1,0.1123±0.0017
chestxray_densenet,LGBM,BinaryVector,PartialOrder__Subset__2,jaccard,0.1,0.1124±0.0017
chestxray_densenet,LGBM,BinaryVector,PartialOrder__Subset__None,jaccard,0.1,0.1123±0.0017
chestxray_densenet,LGBM,BinaryVector,PreOrder__Hamming__2,jaccard,0.1,0.1160±0.0020
chestxray_densenet,LGBM,BinaryVector,PreOrder__Hamming__None,jaccard,0.1,0.1158±0.0021
chestxray_densenet,LGBM,BinaryVector,PreOrder__Subset__2,jaccard,0.1,0.1158±0.0020
chestxray_densenet,LGBM,BinaryVector,PreOrder__Subset__None,jaccard,0.1,0.1157±0.0021
chestxray_densenet,LGBM,BinaryVector,br,jaccard,0.1,0.2618±0.0050
chestxray_densenet,LGBM,BinaryVector,cc,jaccard,0.1,0.2621±0.0069
chestxray_densenet,LGBM,BinaryVector,clr,jaccard,0.1,0.3971±0.0089
chestxray_densenet,LGBM,BinaryVector,ecc,jaccard,0.1,0.3381±0.0094
chestxray_densenet,LGBM,BinaryVector,PartialOrder__Hamming__2,jaccard,0.2,0.1097±0.0014
chestxray_densenet,LGBM,BinaryVector,PartialOrder__Hamming__None,jaccard,0.2,0.1096±0.0014
chestxray_densenet,LGBM,BinaryVector,PartialOrder__Subset__2,jaccard,0.2,0.1097±0.0014
chestxray_densenet,LGBM,BinaryVector,PartialOrder__Subset__None,jaccard,0.2,0.1096±0.0014
chestxray_densenet,LGBM,BinaryVector,PreOrder__Hamming__2,jaccard,0.2,0.1170±0.0019
chestxray_densenet,LGBM,BinaryVector,PreOrder__Hamming__None,jaccard,0.2,0.1167±0.0015
chestxray_densenet,LGBM,BinaryVector,PreOrder__Subset__2,jaccard,0.2,0.1169±0.0020
chestxray_densenet,LGBM,BinaryVector,PreOrder__Subset__None,jaccard,0.2,0.1167±0.0015
chestxray_densenet,LGBM,BinaryVector,br,jaccard,0.2,0.1961±0.0061
chestxray_densenet,LGBM,BinaryVector,cc,jaccard,0.2,0.1933±0.0028
chestxray_densenet,LGBM,BinaryVector,clr,jaccard,0.2,0.3948±0.0053
chestxray_densenet,LGBM,BinaryVector,ecc,jaccard,0.2,0.2662±0.0098
chestxray_densenet,LGBM,BinaryVector,PartialOrder__Hamming__2,jaccard,0.3,0.1078±0.0015
chestxray_densenet,LGBM,BinaryVector,PartialOrder__Hamming__None,jaccard,0.3,0.1078±0.0015
chestxray_densenet,LGBM,BinaryVector,PartialOrder__Subset__2,jaccard,0.3,0.1078±0.0014
chestxray_densenet,LGBM,BinaryVector,PartialOrder__Subset__None,jaccard,0.3,0.1078±0.0015
chestxray_densenet,LGBM,BinaryVector,PreOrder__Hamming__2,jaccard,0.3,0.1169±0.0017
chestxray_densenet,LGBM,BinaryVector,PreOrder__Hamming__None,jaccard,0.3,0.1163±0.0016
chestxray_densenet,LGBM,BinaryVector,PreOrder__Subset__2,jaccard,0.3,0.1167±0.0018
chestxray_densenet,LGBM,BinaryVector,PreOrder__Subset__None,jaccard,0.3,0.1161±0.0016
chestxray_densenet,LGBM,BinaryVector,br,jaccard,0.3,0.1506±0.0032
chestxray_densenet,LGBM,BinaryVector,cc,jaccard,0.3,0.1513±0.0015
chestxray_densenet,LGBM,BinaryVector,clr,jaccard,0.3,0.3821±0.0075
chestxray_densenet,LGBM,BinaryVector,ecc,jaccard,0.3,0.1803±0.0042
chestxray_densenet,LGBM,BinaryVector,PartialOrder__Hamming__2,macro_f1,0.0,0.1843±0.0017
chestxray_densenet,LGBM,BinaryVector,PartialOrder__Hamming__None,macro_f1,0.0,0.1843±0.0018
chestxray_densenet,LGBM,BinaryVector,PartialOrder__Subset__2,macro_f1,0.0,0.1842±0.0017
chestxray_densenet,LGBM,BinaryVector,PartialOrder__Subset__None,macro_f1,0.0,0.1843±0.0018
chestxray_densenet,LGBM,BinaryVector,PreOrder__Hamming__2,macro_f1,0.0,0.1823±0.0013
chestxray_densenet,LGBM,BinaryVector,PreOrder__Hamming__None,macro_f1,0.0,0.1826±0.0014
chestxray_densenet,LGBM,BinaryVector,PreOrder__Subset__2,macro_f1,0.0,0.1822±0.0013
chestxray_densenet,LGBM,BinaryVector,PreOrder__Subset__None,macro_f1,0.0,0.1825±0.0014
chestxray_densenet,LGBM,BinaryVector,br,macro_f1,0.0,0.3035±0.0069
chestxray_densenet,LGBM,BinaryVector,cc,macro_f1,0.0,0.3007±0.0075
chestxray_densenet,LGBM,BinaryVector,clr,macro_f1,0.0,0.3045±0.0072
chestxray_densenet,LGBM,BinaryVector,ecc,macro_f1,0.0,0.3078±0.0040
chestxray_densenet,LGBM,BinaryVector,PartialOrder__Hamming__2,macro_f1,0.1,0.1843±0.0021
chestxray_densenet,LGBM,BinaryVector,PartialOrder__Hamming__None,macro_f1,0.1,0.1843±0.0021
chestxray_densenet,LGBM,BinaryVector,PartialOrder__Subset__2,macro_f1,0.1,0.1843±0.0021
chestxray_densenet,LGBM,BinaryVector,PartialOrder__Subset__None,macro_f1,0.1,0.1843±0.0021
chestxray_densenet,LGBM,BinaryVector,PreOrder__Hamming__2,macro_f1,0.1,0.1821±0.0020
chestxray_densenet,LGBM,BinaryVector,PreOrder__Hamming__None,macro_f1,0.1,0.1822±0.0019
chestxray_densenet,LGBM,BinaryVector,PreOrder__Subset__2,macro_f1,0.1,0.1819±0.0019
chestxray_densenet,LGBM,BinaryVector,PreOrder__Subset__None,macro_f1,0.1,0.1822±0.0019
chestxray_densenet,LGBM,BinaryVector,br,macro_f1,0.1,0.2688±0.0035
chestxray_densenet,LGBM,BinaryVector,cc,macro_f1,0.1,0.2676±0.0050
chestxray_densenet,LGBM,BinaryVector,clr,macro_f1,0.1,0.2949±0.0089
chestxray_densenet,LGBM,BinaryVector,ecc,macro_f1,0.1,0.2913±0.0069
chestxray_densenet,LGBM,BinaryVector,PartialOrder__Hamming__2,macro_f1,0.2,0.1839±0.0022
chestxray_densenet,LGBM,BinaryVector,PartialOrder__Hamming__None,macro_f1,0.2,0.1839±0.0022
chestxray_densenet,LGBM,BinaryVector,PartialOrder__Subset__2,macro_f1,0.2,0.1839±0.0022
chestxray_densenet,LGBM,BinaryVector,PartialOrder__Subset__None,macro_f1,0.2,0.1839±0.0022
chestxray_densenet,LGBM,BinaryVector,PreOrder__Hamming__2,macro_f1,0.2,0.1818±0.0020
chestxray_densenet,LGBM,BinaryVector,PreOrder__Hamming__None,macro_f1,0.2,0.1823±0.0019
chestxray_densenet,LGBM,BinaryVector,PreOrder__Subset__2,macro_f1,0.2,0.1817±0.0020
chestxray_densenet,LGBM,BinaryVector,PreOrder__Subset__None,macro_f1,0.2,0.1823±0.0018
chestxray_densenet,LGBM,BinaryVector,br,macro_f1,0.2,0.2477±0.0033
chestxray_densenet,LGBM,BinaryVector,cc,macro_f1,0.2,0.2453±0.0041
chestxray_densenet,LGBM,BinaryVector,clr,macro_f1,0.2,0.2665±0.0110
chestxray_densenet,LGBM,BinaryVector,ecc,macro_f1,0.2,0.2672±0.0043
chestxray_densenet,LGBM,BinaryVector,PartialOrder__Hamming__2,macro_f1,0.3,0.1839±0.0020
chestxray_densenet,LGBM,BinaryVector,PartialOrder__Hamming__None,macro_f1,0.3,0.1840±0.0020
chestxray_densenet,LGBM,BinaryVector,PartialOrder__Subset__2,macro_f1,0.3,0.1839±0.0020
chestxray_densenet,LGBM,BinaryVector,PartialOrder__Subset__None,macro_f1,0.3,0.1840±0.0020
chestxray_densenet,LGBM,BinaryVector,PreOrder__Hamming__2,macro_f1,0.3,0.1824±0.0014
chestxray_densenet,LGBM,BinaryVector,PreOrder__Hamming__None,macro_f1,0.3,0.1832±0.0015
chestxray_densenet,LGBM,BinaryVector,PreOrder__Subset__2,macro_f1,0.3,0.1821±0.0014
chestxray_densenet,LGBM,BinaryVector,PreOrder__Subset__None,macro_f1,0.3,0.1830±0.0015
chestxray_densenet,LGBM,BinaryVector,br,macro_f1,0.3,0.2235±0.0018
chestxray_densenet,LGBM,BinaryVector,cc,macro_f1,0.3,0.2248±0.0035
chestxray_densenet,LGBM,BinaryVector,clr,macro_f1,0.3,0.2132±0.0038
chestxray_densenet,LGBM,BinaryVector,ecc,macro_f1,0.3,0.2389±0.0030
chestxray_densenet,LGBM,BinaryVector,PartialOrder__Hamming__2,macro_precision,0.0,0.1063±0.0013
chestxray_densenet,LGBM,BinaryVector,PartialOrder__Hamming__None,macro_precision,0.0,0.1063±0.0014
chestxray_densenet,LGBM,BinaryVector,PartialOrder__Subset__2,macro_precision,0.0,0.1063±0.0013
chestxray_densenet,LGBM,BinaryVector,PartialOrder__Subset__None,macro_precision,0.0,0.1063±0.0014
chestxray_densenet,LGBM,BinaryVector,PreOrder__Hamming__2,macro_precision,0.0,0.1055±0.0011
chestxray_densenet,LGBM,BinaryVector,PreOrder__Hamming__None,macro_precision,0.0,0.1057±0.0012
chestxray_densenet,LGBM,BinaryVector,PreOrder__Subset__2,macro_precision,0.0,0.1054±0.0011
chestxray_densenet,LGBM,BinaryVector,PreOrder__Subset__None,macro_precision,0.0,0.1056±0.0012
chestxray_densenet,LGBM,BinaryVector,br,macro_precision,0.0,0.2232±0.0065
chestxray_densenet,LGBM,BinaryVector,cc,macro_precision,0.0,0.2149±0.0060
chestxray_densenet,LGBM,BinaryVector,clr,macro_precision,0.0,0.2760±0.0133
chestxray_densenet,LGBM,BinaryVector,ecc,macro_precision,0.0,0.2515±0.0124
chestxray_densenet,LGBM,BinaryVector,PartialOrder__Hamming__2,macro_precision,0.1,0.1061±0.0015
chestxray_densenet,LGBM,BinaryVector,PartialOrder__Hamming__None,macro_precision,0.1,0.1062±0.0015
chestxray_densenet,LGBM,BinaryVector,PartialOrder__Subset__2,macro_precision,0.1,0.1061±0.0015
chestxray_densenet,LGBM,BinaryVector,PartialOrder__Subset__None,macro_precision,0.1,0.1062±0.0015
chestxray_densenet,LGBM,BinaryVector,PreOrder__Hamming__2,macro_precision,0.1,0.1054±0.0015
chestxray_densenet,LGBM,BinaryVector,PreOrder__Hamming__None,macro_precision,0.1,0.1054±0.0015
chestxray_densenet,LGBM,BinaryVector,PreOrder__Subset__2,macro_precision,0.1,0.1053±0.0015
chestxray_densenet,LGBM,BinaryVector,PreOrder__Subset__None,macro_precision,0.1,0.1054±0.0015
chestxray_densenet,LGBM,BinaryVector,br,macro_precision,0.1,0.1874±0.0034
chestxray_densenet,LGBM,BinaryVector,cc,macro_precision,0.1,0.1840±0.0045
chestxray_densenet,LGBM,BinaryVector,clr,macro_precision,0.1,0.2559±0.0096
chestxray_densenet,LGBM,BinaryVector,ecc,macro_precision,0.1,0.2122±0.0059
chestxray_densenet,LGBM,BinaryVector,PartialOrder__Hamming__2,macro_precision,0.2,0.1059±0.0016
chestxray_densenet,LGBM,BinaryVector,PartialOrder__Hamming__None,macro_precision,0.2,0.1059±0.0016
chestxray_densenet,LGBM,BinaryVector,PartialOrder__Subset__2,macro_precision,0.2,0.1059±0.0016
chestxray_densenet,LGBM,BinaryVector,PartialOrder__Subset__None,macro_precision,0.2,0.1059±0.0016
chestxray_densenet,LGBM,BinaryVector,PreOrder__Hamming__2,macro_precision,0.2,0.1056±0.0015
chestxray_densenet,LGBM,BinaryVector,PreOrder__Hamming__None,macro_precision,0.2,0.1059±0.0014
chestxray_densenet,LGBM,BinaryVector,PreOrder__Subset__2,macro_precision,0.2,0.1056±0.0015
chestxray_densenet,LGBM,BinaryVector,PreOrder__Subset__None,macro_precision,0.2,0.1059±0.0014
chestxray_densenet,LGBM,BinaryVector,br,macro_precision,0.2,0.1685±0.0033
chestxray_densenet,LGBM,BinaryVector,cc,macro_precision,0.2,0.1662±0.0031
chestxray_densenet,LGBM,BinaryVector,clr,macro_precision,0.2,0.2507±0.0097
chestxray_densenet,LGBM,BinaryVector,ecc,macro_precision,0.2,0.1872±0.0037
chestxray_densenet,LGBM,BinaryVector,PartialOrder__Hamming__2,macro_precision,0.3,0.1060±0.0015
chestxray_densenet,LGBM,BinaryVector,PartialOrder__Hamming__None,macro_precision,0.3,0.1061±0.0015
chestxray_densenet,LGBM,BinaryVector,PartialOrder__Subset__2,macro_precision,0.3,0.1061±0.0015
chestxray_densenet,LGBM,BinaryVector,PartialOrder__Subset__None,macro_precision,0.3,0.1061±0.0015
chestxray_densenet,LGBM,BinaryVector,PreOrder__Hamming__2,macro_precision,0.3,0.1072±0.0012
chestxray_densenet,LGBM,BinaryVector,PreOrder__Hamming__None,macro_precision,0.3,0.1075±0.0012
chestxray_densenet,LGBM,BinaryVector,PreOrder__Subset__2,macro_precision,0.3,0.1071±0.0012
chestxray_densenet,LGBM,BinaryVector,PreOrder__Subset__None,macro_precision,0.3,0.1074±0.0012
chestxray_densenet,LGBM,BinaryVector,br,macro_precision,0.3,0.1491±0.0020
chestxray_densenet,LGBM,BinaryVector,cc,macro_precision,0.3,0.1498±0.0029
chestxray_densenet,LGBM,BinaryVector,clr,macro_precision,0.3,0.2309±0.0058
chestxray_densenet,LGBM,BinaryVector,ecc,macro_precision,0.3,0.1606±0.0026
chestxray_densenet,LGBM,BinaryVector,PartialOrder__Hamming__2,macro_recall,0.0,0.9442±0.0035
chestxray_densenet,LGBM,BinaryVector,PartialOrder__Hamming__None,macro_recall,0.0,0.9446±0.0037
chestxray_densenet,LGBM,BinaryVector,PartialOrder__Subset__2,macro_recall,0.0,0.9442±0.0035
chestxray_densenet,LGBM,BinaryVector,PartialOrder__Subset__None,macro_recall,0.0,0.9446±0.0037
chestxray_densenet,LGBM,BinaryVector,PreOrder__Hamming__2,macro_recall,0.0,0.9176±0.0053
chestxray_densenet,LGBM,BinaryVector,PreOrder__Hamming__None,macro_recall,0.0,0.9176±0.0051
chestxray_densenet,LGBM,BinaryVector,PreOrder__Subset__2,macro_recall,0.0,0.9172±0.0054
chestxray_densenet,LGBM,BinaryVector,PreOrder__Subset__None,macro_recall,0.0,0.9177±0.0050
chestxray_densenet,LGBM,BinaryVector,br,macro_recall,0.0,0.4824±0.0078
chestxray_densenet,LGBM,BinaryVector,cc,macro_recall,0.0,0.5082±0.0132
chestxray_densenet,LGBM,BinaryVector,clr,macro_recall,0.0,0.3600±0.0065
chestxray_densenet,LGBM,BinaryVector,ecc,macro_recall,0.0,0.4247±0.0047
chestxray_densenet,LGBM,BinaryVector,PartialOrder__Hamming__2,macro_recall,0.1,0.9621±0.0035
chestxray_densenet,LGBM,BinaryVector,PartialOrder__Hamming__None,macro_recall,0.1,0.9625±0.0036
chestxray_densenet,LGBM,BinaryVector,PartialOrder__Subset__2,macro_recall,0.1,0.9621±0.0035
chestxray_densenet,LGBM,BinaryVector,PartialOrder__Subset__None,macro_recall,0.1,0.9625±0.0036
chestxray_densenet,LGBM,BinaryVector,PreOrder__Hamming__2,macro_recall,0.1,0.9149±0.0076
chestxray_densenet,LGBM,BinaryVector,PreOrder__Hamming__None,macro_recall,0.1,0.9165±0.0066
chestxray_densenet,LGBM,BinaryVector,PreOrder__Subset__2,macro_recall,0.1,0.9143±0.0075
chestxray_densenet,LGBM,BinaryVector,PreOrder__Subset__None,macro_recall,0.1,0.9167±0.0064
chestxray_densenet,LGBM,BinaryVector,br,macro_recall,0.1,0.5400±0.0072
chestxray_densenet,LGBM,BinaryVector,cc,macro_recall,0.1,0.5483±0.0069
chestxray_densenet,LGBM,BinaryVector,clr,macro_recall,0.1,0.3563±0.0075
chestxray_densenet,LGBM,BinaryVector,ecc,macro_recall,0.1,0.4781±0.0105
chestxray_densenet,LGBM,BinaryVector,PartialOrder__Hamming__2,macro_recall,0.2,0.9601±0.0021
chestxray_densenet,LGBM,BinaryVector,PartialOrder__Hamming__None,macro_recall,0.2,0.9605±0.0022
chestxray_densenet,LGBM,BinaryVector,PartialOrder__Subset__2,macro_recall,0.2,0.9600±0.0021
chestxray_densenet,LGBM,BinaryVector,PartialOrder__Subset__None,macro_recall,0.2,0.9604±0.0023
chestxray_densenet,LGBM,BinaryVector,PreOrder__Hamming__2,macro_recall,0.2,0.8811±0.0077
chestxray_densenet,LGBM,BinaryVector,PreOrder__Hamming__None,macro_recall,0.2,0.8855±0.0072
chestxray_densenet,LGBM,BinaryVector,PreOrder__Subset__2,macro_recall,0.2,0.8808±0.0077
chestxray_densenet,LGBM,BinaryVector,PreOrder__Subset__None,macro_recall,0.2,0.8859±0.0072
chestxray_densenet,LGBM,BinaryVector,br,macro_recall,0.2,0.5680±0.0070
chestxray_densenet,LGBM,BinaryVector,cc,macro_recall,0.2,0.5620±0.0087
chestxray_densenet,LGBM,BinaryVector,clr,macro_recall,0.2,0.2918±0.0134
chestxray_densenet,LGBM,BinaryVector,ecc,macro_recall,0.2,0.5142±0.0084
chestxray_densenet,LGBM,BinaryVector,PartialOrder__Hamming__2,macro_recall,0.3,0.9553±0.0037
chestxray_densenet,LGBM,BinaryVector,PartialOrder__Hamming__None,macro_recall,0.3,0.9558±0.0039
chestxray_densenet,LGBM,BinaryVector,PartialOrder__Subset__2,macro_recall,0.3,0.9554±0.0037
chestxray_densenet,LGBM,BinaryVector,PartialOrder__Subset__None,macro_recall,0.3,0.9559±0.0039
chestxray_densenet,LGBM,BinaryVector,PreOrder__Hamming__2,macro_recall,0.3,0.8145±0.0063
chestxray_densenet,LGBM,BinaryVector,PreOrder__Hamming__None,macro_recall,0.3,0.8239±0.0086
chestxray_densenet,LGBM,BinaryVector,PreOrder__Subset__2,macro_recall,0.3,0.8128±0.0061
chestxray_densenet,LGBM,BinaryVector,PreOrder__Subset__None,macro_recall,0.3,0.8233±0.0091
chestxray_densenet,LGBM,BinaryVector,br,macro_recall,0.3,0.5665±0.0087
chestxray_densenet,LGBM,BinaryVector,cc,macro_recall,0.3,0.5710±0.0085
chestxray_densenet,LGBM,BinaryVector,clr,macro_recall,0.3,0.2051±0.0054
chestxray_densenet,LGBM,BinaryVector,ecc,macro_recall,0.3,0.5616±0.0030
chestxray_densenet,LGBM,BinaryVector,PartialOrder__Hamming__2,mfrd,0.0,0.9436±0.0056
chestxray_densenet,LGBM,BinaryVector,PartialOrder__Hamming__None,mfrd,0.0,0.9438±0.0055
chestxray_densenet,LGBM,BinaryVector,PartialOrder__Subset__2,mfrd,0.0,0.9436±0.0056
chestxray_densenet,LGBM,BinaryVector,PartialOrder__Subset__None,mfrd,0.0,0.9438±0.0055
chestxray_densenet,LGBM,BinaryVector,PreOrder__Hamming__2,mfrd,0.0,0.9016±0.0078
chestxray_densenet,LGBM,BinaryVector,PreOrder__Hamming__None,mfrd,0.0,0.9037±0.0081
chestxray_densenet,LGBM,BinaryVector,PreOrder__Subset__2,mfrd,0.0,0.9009±0.0072
chestxray_densenet,LGBM,BinaryVector,PreOrder__Subset__None,mfrd,0.0,0.9044±0.0078
chestxray_densenet,LGBM,BinaryVector,br,mfrd,0.0,0.8807±0.0152
chestxray_densenet,LGBM,BinaryVector,cc,mfrd,0.0,0.8445±0.0399
chestxray_densenet,LGBM,BinaryVector,clr,mfrd,0.0,0.9893±0.0045
chestxray_densenet,LGBM,BinaryVector,ecc,mfrd,0.0,0.9947±0.0051
chestxray_densenet,LGBM,BinaryVector,PartialOrder__Hamming__2,mfrd,0.1,0.9662±0.0043
chestxray_densenet,LGBM,BinaryVector,PartialOrder__Hamming__None,mfrd,0.1,0.9673±0.0041
chestxray_densenet,LGBM,BinaryVector,PartialOrder__Subset__2,mfrd,0.1,0.9659±0.0042
chestxray_densenet,LGBM,BinaryVector,PartialOrder__Subset__None,mfrd,0.1,0.9673±0.0041
chestxray_densenet,LGBM,BinaryVector,PreOrder__Hamming__2,mfrd,0.1,0.9015±0.0102
chestxray_densenet,LGBM,BinaryVector,PreOrder__Hamming__None,mfrd,0.1,0.9036±0.0099
chestxray_densenet,LGBM,BinaryVector,PreOrder__Subset__2,mfrd,0.1,0.9003±0.0113
chestxray_densenet,LGBM,BinaryVector,PreOrder__Subset__None,mfrd,0.1,0.9035±0.0109
chestxray_densenet,LGBM,BinaryVector,br,mfrd,0.1,0.5181±0.0294
chestxray_densenet,LGBM,BinaryVector,cc,mfrd,0.1,0.5254±0.0180
chestxray_densenet,LGBM,BinaryVector,clr,mfrd,0.1,0.9555±0.0234
chestxray_densenet,LGBM,BinaryVector,ecc,mfrd,0.1,0.8560±0.0265
chestxray_densenet,LGBM,BinaryVector,PartialOrder__Hamming__2,mfrd,0.2,0.9583±0.0042
chestxray_densenet,LGBM,BinaryVector,PartialOrder__Hamming__None,mfrd,0.2,0.9589±0.0040
chestxray_densenet,LGBM,BinaryVector,PartialOrder__Subset__2,mfrd,0.2,0.9582±0.0042
chestxray_densenet,LGBM,BinaryVector,PartialOrder__Subset__None,mfrd,0.2,0.9587±0.0040
chestxray_densenet,LGBM,BinaryVector,PreOrder__Hamming__2,mfrd,0.2,0.8594±0.0158
chestxray_densenet,LGBM,BinaryVector,PreOrder__Hamming__None,mfrd,0.2,0.8688±0.0171
chestxray_densenet,LGBM,BinaryVector,PreOrder__Subset__2,mfrd,0.2,0.8578±0.0159
chestxray_densenet,LGBM,BinaryVector,PreOrder__Subset__None,mfrd,0.2,0.8690±0.0172
chestxray_densenet,LGBM,BinaryVector,br,mfrd,0.2,0.3198±0.0665
chestxray_densenet,LGBM,BinaryVector,cc,mfrd,0.2,0.3655±0.0380
chestxray_densenet,LGBM,BinaryVector,clr,mfrd,0.2,0.9358±0.0348
chestxray_densenet,LGBM,BinaryVector,ecc,mfrd,0.2,0.6126±0.0272
chestxray_densenet,LGBM,BinaryVector,PartialOrder__Hamming__2,mfrd,0.3,0.9404±0.0041
chestxray_densenet,LGBM,BinaryVector,PartialOrder__Hamming__None,mfrd,0.3,0.9415±0.0042
chestxray_densenet,LGBM,BinaryVector,PartialOrder__Subset__2,mfrd,0.3,0.9404±0.0042
chestxray_densenet,LGBM,BinaryVector,PartialOrder__Subset__None,mfrd,0.3,0.9414±0.0043
chestxray_densenet,LGBM,BinaryVector,PreOrder__Hamming__2,mfrd,0.3,0.7376±0.0112
chestxray_densenet,LGBM,BinaryVector,PreOrder__Hamming__None,mfrd,0.3,0.7564±0.0078
chestxray_densenet,LGBM,BinaryVector,PreOrder__Subset__2,mfrd,0.3,0.7338±0.0110
chestxray_densenet,LGBM,BinaryVector,PreOrder__Subset__None,mfrd,0.3,0.7555±0.0074
chestxray_densenet,LGBM,BinaryVector,br,mfrd,0.3,0.2415±0.0418
chestxray_densenet,LGBM,BinaryVector,cc,mfrd,0.3,0.1993±0.0538
chestxray_densenet,LGBM,BinaryVector,clr,mfrd,0.3,0.9332±0.0190
chestxray_densenet,LGBM,BinaryVector,ecc,mfrd,0.3,0.3266±0.0582
chestxray_densenet,LGBM,BinaryVector,PartialOrder__Hamming__2,micro_f1,0.0,0.1938±0.0022
chestxray_densenet,LGBM,BinaryVector,PartialOrder__Hamming__None,micro_f1,0.0,0.1939±0.0022
chestxray_densenet,LGBM,BinaryVector,PartialOrder__Subset__2,micro_f1,0.0,0.1938±0.0022
chestxray_densenet,LGBM,BinaryVector,PartialOrder__Subset__None,micro_f1,0.0,0.1939±0.0022
chestxray_densenet,LGBM,BinaryVector,PreOrder__Hamming__2,micro_f1,0.0,0.1915±0.0018
chestxray_densenet,LGBM,BinaryVector,PreOrder__Hamming__None,micro_f1,0.0,0.1918±0.0019
chestxray_densenet,LGBM,BinaryVector,PreOrder__Subset__2,micro_f1,0.0,0.1913±0.0018
chestxray_densenet,LGBM,BinaryVector,PreOrder__Subset__None,micro_f1,0.0,0.1918±0.0019
chestxray_densenet,LGBM,BinaryVector,br,micro_f1,0.0,0.3662±0.0078
chestxray_densenet,LGBM,BinaryVector,cc,micro_f1,0.0,0.3602±0.0086
chestxray_densenet,LGBM,BinaryVector,clr,micro_f1,0.0,0.3802±0.0096
chestxray_densenet,LGBM,BinaryVector,ecc,micro_f1,0.0,0.3878±0.0055
chestxray_densenet,LGBM,BinaryVector,PartialOrder__Hamming__2,micro_f1,0.1,0.1932±0.0025
chestxray_densenet,LGBM,BinaryVector,PartialOrder__Hamming__None,micro_f1,0.1,0.1932±0.0025
chestxray_densenet,LGBM,BinaryVector,PartialOrder__Subset__2,micro_f1,0.1,0.1931±0.0025
chestxray_densenet,LGBM,BinaryVector,PartialOrder__Subset__None,micro_f1,0.1,0.1932±0.0025
chestxray_densenet,LGBM,BinaryVector,PreOrder__Hamming__2,micro_f1,0.1,0.1914±0.0025
chestxray_densenet,LGBM,BinaryVector,PreOrder__Hamming__None,micro_f1,0.1,0.1916±0.0025
chestxray_densenet,LGBM,BinaryVector,PreOrder__Subset__2,micro_f1,0.1,0.1912±0.0025
chestxray_densenet,LGBM,BinaryVector,PreOrder__Subset__None,micro_f1,0.1,0.1915±0.0025
chestxray_densenet,LGBM,BinaryVector,br,micro_f1,0.1,0.3101±0.0037
chestxray_densenet,LGBM,BinaryVector,cc,micro_f1,0.1,0.3097±0.0065
chestxray_densenet,LGBM,BinaryVector,clr,micro_f1,0.1,0.3649±0.0080
chestxray_densenet,LGBM,BinaryVector,ecc,micro_f1,0.1,0.3552±0.0085
chestxray_densenet,LGBM,BinaryVector,PartialOrder__Hamming__2,micro_f1,0.2,0.1926±0.0026
chestxray_densenet,LGBM,BinaryVector,PartialOrder__Hamming__None,micro_f1,0.2,0.1926±0.0026
chestxray_densenet,LGBM,BinaryVector,PartialOrder__Subset__2,micro_f1,0.2,0.1926±0.0025
chestxray_densenet,LGBM,BinaryVector,PartialOrder__Subset__None,micro_f1,0.2,0.1926±0.0026
chestxray_densenet,LGBM,BinaryVector,PreOrder__Hamming__2,micro_f1,0.2,0.1922±0.0024
chestxray_densenet,LGBM,BinaryVector,PreOrder__Hamming__None,micro_f1,0.2,0.1929±0.0022
chestxray_densenet,LGBM,BinaryVector,PreOrder__Subset__2,micro_f1,0.2,0.1920±0.0024
chestxray_densenet,LGBM,BinaryVector,PreOrder__Subset__None,micro_f1,0.2,0.1928±0.0022
chestxray_densenet,LGBM,BinaryVector,br,micro_f1,0.2,0.2764±0.0053
chestxray_densenet,LGBM,BinaryVector,cc,micro_f1,0.2,0.2759±0.0056
chestxray_densenet,LGBM,BinaryVector,clr,micro_f1,0.2,0.3325±0.0083
chestxray_densenet,LGBM,BinaryVector,ecc,micro_f1,0.2,0.3152±0.0051
chestxray_densenet,LGBM,BinaryVector,PartialOrder__Hamming__2,micro_f1,0.3,0.1924±0.0025
chestxray_densenet,LGBM,BinaryVector,PartialOrder__Hamming__None,micro_f1,0.3,0.1925±0.0024
chestxray_densenet,LGBM,BinaryVector,PartialOrder__Subset__2,micro_f1,0.3,0.1924±0.0025
chestxray_densenet,LGBM,BinaryVector,PartialOrder__Subset__None,micro_f1,0.3,0.1925±0.0024
chestxray_densenet,LGBM,BinaryVector,PreOrder__Hamming__2,micro_f1,0.3,0.1945±0.0019
chestxray_densenet,LGBM,BinaryVector,PreOrder__Hamming__None,micro_f1,0.3,0.1954±0.0020
chestxray_densenet,LGBM,BinaryVector,PreOrder__Subset__2,micro_f1,0.3,0.1941±0.0020
chestxray_densenet,LGBM,BinaryVector,PreOrder__Subset__None,micro_f1,0.3,0.1952±0.0019
chestxray_densenet,LGBM,BinaryVector,br,micro_f1,0.3,0.2441±0.0034
chestxray_densenet,LGBM,BinaryVector,cc,micro_f1,0.3,0.2466±0.0045
chestxray_densenet,LGBM,BinaryVector,clr,micro_f1,0.3,0.2618±0.0052
chestxray_densenet,LGBM,BinaryVector,ecc,micro_f1,0.3,0.2689±0.0051
chestxray_densenet,LGBM,BinaryVector,PartialOrder__Hamming__2,micro_precision,0.0,0.1078±0.0014
chestxray_densenet,LGBM,BinaryVector,PartialOrder__Hamming__None,micro_precision,0.0,0.1079±0.0014
chestxray_densenet,LGBM,BinaryVector,PartialOrder__Subset__2,micro_precision,0.0,0.1078±0.0013
chestxray_densenet,LGBM,BinaryVector,PartialOrder__Subset__None,micro_precision,0.0,0.1078±0.0014
chestxray_densenet,LGBM,BinaryVector,PreOrder__Hamming__2,micro_precision,0.0,0.1067±0.0012
chestxray_densenet,LGBM,BinaryVector,PreOrder__Hamming__None,micro_precision,0.0,0.1069±0.0012
chestxray_densenet,LGBM,BinaryVector,PreOrder__Subset__2,micro_precision,0.0,0.1066±0.0011
chestxray_densenet,LGBM,BinaryVector,PreOrder__Subset__None,micro_precision,0.0,0.1069±0.0012
chestxray_densenet,LGBM,BinaryVector,br,micro_precision,0.0,0.2708±0.0076
chestxray_densenet,LGBM,BinaryVector,cc,micro_precision,0.0,0.2575±0.0076
chestxray_densenet,LGBM,BinaryVector,clr,micro_precision,0.0,0.3351±0.0117
chestxray_densenet,LGBM,BinaryVector,ecc,micro_precision,0.0,0.3052±0.0076
chestxray_densenet,LGBM,BinaryVector,PartialOrder__Hamming__2,micro_precision,0.1,0.1072±0.0016
chestxray_densenet,LGBM,BinaryVector,PartialOrder__Hamming__None,micro_precision,0.1,0.1073±0.0016
chestxray_densenet,LGBM,BinaryVector,PartialOrder__Subset__2,micro_precision,0.1,0.1072±0.0016
chestxray_densenet,LGBM,BinaryVector,PartialOrder__Subset__None,micro_precision,0.1,0.1073±0.0016
chestxray_densenet,LGBM,BinaryVector,PreOrder__Hamming__2,micro_precision,0.1,0.1067±0.0016
chestxray_densenet,LGBM,BinaryVector,PreOrder__Hamming__None,micro_precision,0.1,0.1068±0.0016
chestxray_densenet,LGBM,BinaryVector,PreOrder__Subset__2,micro_precision,0.1,0.1066±0.0016
chestxray_densenet,LGBM,BinaryVector,PreOrder__Subset__None,micro_precision,0.1,0.1068±0.0016
chestxray_densenet,LGBM,BinaryVector,br,micro_precision,0.1,0.2101±0.0034
chestxray_densenet,LGBM,BinaryVector,cc,micro_precision,0.1,0.2079±0.0056
chestxray_densenet,LGBM,BinaryVector,clr,micro_precision,0.1,0.3189±0.0098
chestxray_densenet,LGBM,BinaryVector,ecc,micro_precision,0.1,0.2601±0.0075
chestxray_densenet,LGBM,BinaryVector,PartialOrder__Hamming__2,micro_precision,0.2,0.1069±0.0016
chestxray_densenet,LGBM,BinaryVector,PartialOrder__Hamming__None,micro_precision,0.2,0.1069±0.0016
chestxray_densenet,LGBM,BinaryVector,PartialOrder__Subset__2,micro_precision,0.2,0.1069±0.0016
chestxray_densenet,LGBM,BinaryVector,PartialOrder__Subset__None,micro_precision,0.2,0.1069±0.0016
chestxray_densenet,LGBM,BinaryVector,PreOrder__Hamming__2,micro_precision,0.2,0.1076±0.0015
chestxray_densenet,LGBM,BinaryVector,PreOrder__Hamming__None,micro_precision,0.2,0.1079±0.0014
chestxray_densenet,LGBM,BinaryVector,PreOrder__Subset__2,micro_precision,0.2,0.1075±0.0015
chestxray_densenet,LGBM,BinaryVector,PreOrder__Subset__None,micro_precision,0.2,0.1079±0.0014
chestxray_densenet,LGBM,BinaryVector,br,micro_precision,0.2,0.1791±0.0043
chestxray_densenet,LGBM,BinaryVector,cc,micro_precision,0.2,0.1787±0.0039
chestxray_densenet,LGBM,BinaryVector,clr,micro_precision,0.2,0.3164±0.0076
chestxray_densenet,LGBM,BinaryVector,ecc,micro_precision,0.2,0.2167±0.0049
chestxray_densenet,LGBM,BinaryVector,PartialOrder__Hamming__2,micro_precision,0.3,0.1069±0.0015
chestxray_densenet,LGBM,BinaryVector,PartialOrder__Hamming__None,micro_precision,0.3,0.1069±0.0015
chestxray_densenet,LGBM,BinaryVector,PartialOrder__Subset__2,micro_precision,0.3,0.1069±0.0015
chestxray_densenet,LGBM,BinaryVector,PartialOrder__Subset__None,micro_precision,0.3,0.1069±0.0015
chestxray_densenet,LGBM,BinaryVector,PreOrder__Hamming__2,micro_precision,0.3,0.1100±0.0012
chestxray_densenet,LGBM,BinaryVector,PreOrder__Hamming__None,micro_precision,0.3,0.1105±0.0012
chestxray_densenet,LGBM,BinaryVector,PreOrder__Subset__2,micro_precision,0.3,0.1098±0.0012
chestxray_densenet,LGBM,BinaryVector,PreOrder__Subset__None,micro_precision,0.3,0.1103±0.0012
chestxray_densenet,LGBM,BinaryVector,br,micro_precision,0.3,0.1536±0.0025
chestxray_densenet,LGBM,BinaryVector,cc,micro_precision,0.3,0.1550±0.0031
chestxray_densenet,LGBM,BinaryVector,clr,micro_precision,0.3,0.2874±0.0081
chestxray_densenet,LGBM,BinaryVector,ecc,micro_precision,0.3,0.1730±0.0038
chestxray_densenet,LGBM,BinaryVector,PartialOrder__Hamming__2,micro_recall,0.0,0.9579±0.0024
chestxray_densenet,LGBM,BinaryVector,PartialOrder__Hamming__None,micro_recall,0.0,0.9583±0.0025
chestxray_densenet,LGBM,BinaryVector,PartialOrder__Subset__2,micro_recall,0.0,0.9578±0.0025
chestxray_densenet,LGBM,BinaryVector,PartialOrder__Subset__None,micro_recall,0.0,0.9583±0.0025
chestxray_densenet,LGBM,BinaryVector,PreOrder__Hamming__2,micro_recall,0.0,0.9295±0.0037
chestxray_densenet,LGBM,BinaryVector,PreOrder__Hamming__None,micro_recall,0.0,0.9311±0.0030
chestxray_densenet,LGBM,BinaryVector,PreOrder__Subset__2,micro_recall,0.0,0.9291±0.0036
chestxray_densenet,LGBM,BinaryVector,PreOrder__Subset__None,micro_recall,0.0,0.9313±0.0029
chestxray_densenet,LGBM,BinaryVector,br,micro_recall,0.0,0.5655±0.0067
chestxray_densenet,LGBM,BinaryVector,cc,micro_recall,0.0,0.5992±0.0090
chestxray_densenet,LGBM,BinaryVector,clr,micro_recall,0.0,0.4395±0.0080
chestxray_densenet,LGBM,BinaryVector,ecc,micro_recall,0.0,0.5321±0.0060
chestxray_densenet,LGBM,BinaryVector,PartialOrder__Hamming__2,micro_recall,0.1,0.9711±0.0010
chestxray_densenet,LGBM,BinaryVector,PartialOrder__Hamming__None,micro_recall,0.1,0.9714±0.0010
chestxray_densenet,LGBM,BinaryVector,PartialOrder__Subset__2,micro_recall,0.1,0.9710±0.0010
chestxray_densenet,LGBM,BinaryVector,PartialOrder__Subset__None,micro_recall,0.1,0.9714±0.0010
chestxray_densenet,LGBM,BinaryVector,PreOrder__Hamming__2,micro_recall,0.1,0.9272±0.0047
chestxray_densenet,LGBM,BinaryVector,PreOrder__Hamming__None,micro_recall,0.1,0.9289±0.0044
chestxray_densenet,LGBM,BinaryVector,PreOrder__Subset__2,micro_recall,0.1,0.9263±0.0047
chestxray_densenet,LGBM,BinaryVector,PreOrder__Subset__None,micro_recall,0.1,0.9289±0.0044
chestxray_densenet,LGBM,BinaryVector,br,micro_recall,0.1,0.5920±0.0044
chestxray_densenet,LGBM,BinaryVector,cc,micro_recall,0.1,0.6069±0.0036
chestxray_densenet,LGBM,BinaryVector,clr,micro_recall,0.1,0.4265±0.0065
chestxray_densenet,LGBM,BinaryVector,ecc,micro_recall,0.1,0.5603±0.0094
chestxray_densenet,LGBM,BinaryVector,PartialOrder__Hamming__2,micro_recall,0.2,0.9696±0.0019
chestxray_densenet,LGBM,BinaryVector,PartialOrder__Hamming__None,micro_recall,0.2,0.9701±0.0019
chestxray_densenet,LGBM,BinaryVector,PartialOrder__Subset__2,micro_recall,0.2,0.9696±0.0019
chestxray_densenet,LGBM,BinaryVector,PartialOrder__Subset__None,micro_recall,0.2,0.9700±0.0019
chestxray_densenet,LGBM,BinaryVector,PreOrder__Hamming__2,micro_recall,0.2,0.8997±0.0075
chestxray_densenet,LGBM,BinaryVector,PreOrder__Hamming__None,micro_recall,0.2,0.9050±0.0069
chestxray_densenet,LGBM,BinaryVector,PreOrder__Subset__2,micro_recall,0.2,0.8989±0.0079
chestxray_densenet,LGBM,BinaryVector,PreOrder__Subset__None,micro_recall,0.2,0.9051±0.0069
chestxray_densenet,LGBM,BinaryVector,br,micro_recall,0.2,0.6053±0.0019
chestxray_densenet,LGBM,BinaryVector,cc,micro_recall,0.2,0.6048±0.0097
chestxray_densenet,LGBM,BinaryVector,clr,micro_recall,0.2,0.3506±0.0141
chestxray_densenet,LGBM,BinaryVector,ecc,micro_recall,0.2,0.5782±0.0067
chestxray_densenet,LGBM,BinaryVector,PartialOrder__Hamming__2,micro_recall,0.3,0.9636±0.0018
chestxray_densenet,LGBM,BinaryVector,PartialOrder__Hamming__None,micro_recall,0.3,0.9643±0.0018
chestxray_densenet,LGBM,BinaryVector,PartialOrder__Subset__2,micro_recall,0.3,0.9637±0.0017
chestxray_densenet,LGBM,BinaryVector,PartialOrder__Subset__None,micro_recall,0.3,0.9644±0.0018
chestxray_densenet,LGBM,BinaryVector,PreOrder__Hamming__2,micro_recall,0.3,0.8371±0.0048
chestxray_densenet,LGBM,BinaryVector,PreOrder__Hamming__None,micro_recall,0.3,0.8475±0.0058
chestxray_densenet,LGBM,BinaryVector,PreOrder__Subset__2,micro_recall,0.3,0.8352±0.0047
chestxray_densenet,LGBM,BinaryVector,PreOrder__Subset__None,micro_recall,0.3,0.8467±0.0065
chestxray_densenet,LGBM,BinaryVector,br,micro_recall,0.3,0.5938±0.0059
chestxray_densenet,LGBM,BinaryVector,cc,micro_recall,0.3,0.6025±0.0083
chestxray_densenet,LGBM,BinaryVector,clr,micro_recall,0.3,0.2406±0.0050
chestxray_densenet,LGBM,BinaryVector,ecc,micro_recall,0.3,0.6032±0.0054
chestxray_densenet,LGBM,BinaryVector,PartialOrder__Hamming__2,subset0_1,0.0,0.0045±0.0007
chestxray_densenet,LGBM,BinaryVector,PartialOrder__Hamming__None,subset0_1,0.0,0.0043±0.0007
chestxray_densenet,LGBM,BinaryVector,PartialOrder__Subset__2,subset0_1,0.0,0.0044±0.0007
chestxray_densenet,LGBM,BinaryVector,PartialOrder__Subset__None,subset0_1,0.0,0.0043±0.0007
chestxray_densenet,LGBM,BinaryVector,PreOrder__Hamming__2,subset0_1,0.0,0.0066±0.0009
chestxray_densenet,LGBM,BinaryVector,PreOrder__Hamming__None,subset0_1,0.0,0.0067±0.0010
chestxray_densenet,LGBM,BinaryVector,PreOrder__Subset__2,subset0_1,0.0,0.0065±0.0010
chestxray_densenet,LGBM,BinaryVector,PreOrder__Subset__None,subset0_1,0.0,0.0066±0.0010
chestxray_densenet,LGBM,BinaryVector,br,subset0_1,0.0,0.2204±0.0038
chestxray_densenet,LGBM,BinaryVector,cc,subset0_1,0.0,0.2221±0.0031
chestxray_densenet,LGBM,BinaryVector,clr,subset0_1,0.0,0.3152±0.0094
chestxray_densenet,LGBM,BinaryVector,ecc,subset0_1,0.0,0.2776±0.0053
chestxray_densenet,LGBM,BinaryVector,PartialOrder__Hamming__2,subset0_1,0.1,0.0015±0.0006
chestxray_densenet,LGBM,BinaryVector,PartialOrder__Hamming__None,subset0_1,0.1,0.0013±0.0005
chestxray_densenet,LGBM,BinaryVector,PartialOrder__Subset__2,subset0_1,0.1,0.0015±0.0006
chestxray_densenet,LGBM,BinaryVector,PartialOrder__Subset__None,subset0_1,0.1,0.0013±0.0005
chestxray_densenet,LGBM,BinaryVector,PreOrder__Hamming__2,subset0_1,0.1,0.0050±0.0007
chestxray_densenet,LGBM,BinaryVector,PreOrder__Hamming__None,subset0_1,0.1,0.0044±0.0006
chestxray_densenet,LGBM,BinaryVector,PreOrder__Subset__2,subset0_1,0.1,0.0050±0.0008
chestxray_densenet,LGBM,BinaryVector,PreOrder__Subset__None,subset0_1,0.1,0.0044±0.0006
chestxray_densenet,LGBM,BinaryVector,br,subset0_1,0.1,0.1324±0.0077
chestxray_densenet,LGBM,BinaryVector,cc,subset0_1,0.1,0.1333±0.0083
chestxray_densenet,LGBM,BinaryVector,clr,subset0_1,0.1,0.2986±0.0083
chestxray_densenet,LGBM,BinaryVector,ecc,subset0_1,0.1,0.2122±0.0073
chestxray_densenet,LGBM,BinaryVector,PartialOrder__Hamming__2,subset0_1,0.2,0.0004±0.0002
chestxray_densenet,LGBM,BinaryVector,PartialOrder__Hamming__None,subset0_1,0.2,0.0004±0.0002
chestxray_densenet,LGBM,BinaryVector,PartialOrder__Subset__2,subset0_1,0.2,0.0004±0.0002
chestxray_densenet,LGBM,BinaryVector,PartialOrder__Subset__None,subset0_1,0.2,0.0004±0.0002
chestxray_densenet,LGBM,BinaryVector,PreOrder__Hamming__2,subset0_1,0.2,0.0044±0.0005
chestxray_densenet,LGBM,BinaryVector,PreOrder__Hamming__None,subset0_1,0.2,0.0036±0.0008
chestxray_densenet,LGBM,BinaryVector,PreOrder__Subset__2,subset0_1,0.2,0.0046±0.0007
chestxray_densenet,LGBM,BinaryVector,PreOrder__Subset__None,subset0_1,0.2,0.0036±0.0008
chestxray_densenet,LGBM,BinaryVector,br,subset0_1,0.2,0.0689±0.0065
chestxray_densenet,LGBM,BinaryVector,cc,subset0_1,0.2,0.0675±0.0017
chestxray_densenet,LGBM,BinaryVector,clr,subset0_1,0.2,0.3143±0.0030
chestxray_densenet,LGBM,BinaryVector,ecc,subset0_1,0.2,0.1366±0.0095
chestxray_densenet,LGBM,BinaryVector,PartialOrder__Hamming__2,subset0_1,0.3,0.0001±0.0001
chestxray_densenet,LGBM,BinaryVector,PartialOrder__Hamming__None,subset0_1,0.3,0.0000±0.0001
chestxray_densenet,LGBM,BinaryVector,PartialOrder__Subset__2,subset0_1,0.3,0.0001±0.0001
chestxray_densenet,LGBM,BinaryVector,PartialOrder__Subset__None,subset0_1,0.3,0.0000±0.0001
chestxray_densenet,LGBM,BinaryVector,PreOrder__Hamming__2,subset0_1,0.3,0.0027±0.0006
chestxray_densenet,LGBM,BinaryVector,PreOrder__Hamming__None,subset0_1,0.3,0.0017±0.0003
chestxray_densenet,LGBM,BinaryVector,PreOrder__Subset__2,subset0_1,0.3,0.0029±0.0008
chestxray_densenet,LGBM,BinaryVector,PreOrder__Subset__None,subset0_1,0.3,0.0017±0.0003
chestxray_densenet,LGBM,BinaryVector,br,subset0_1,0.3,0.0319±0.0022
chestxray_densenet,LGBM,BinaryVector,cc,subset0_1,0.3,0.0308±0.0014
chestxray_densenet,LGBM,BinaryVector,clr,subset0_1,0.3,0.3272±0.0060
chestxray_densenet,LGBM,BinaryVector,ecc,subset0_1,0.3,0.0548±0.0039
chestxray_densenet,LGBM,BinaryVector,PartialOrder__Hamming__2,afrd,0.0,0.8766±0.0049
chestxray_densenet,LGBM,BinaryVector,PartialOrder__Hamming__None,afrd,0.0,0.8772±0.0050
chestxray_densenet,LGBM,BinaryVector,PartialOrder__Subset__2,afrd,0.0,0.8766±0.0049
chestxray_densenet,LGBM,BinaryVector,PartialOrder__Subset__None,afrd,0.0,0.8772±0.0050
chestxray_densenet,LGBM,BinaryVector,PreOrder__Hamming__2,afrd,0.0,0.8324±0.0048
chestxray_densenet,LGBM,BinaryVector,PreOrder__Hamming__None,afrd,0.0,0.8320±0.0049
chestxray_densenet,LGBM,BinaryVector,PreOrder__Subset__2,afrd,0.0,0.8327±0.0050
chestxray_densenet,LGBM,BinaryVector,PreOrder__Subset__None,afrd,0.0,0.8329±0.0047
chestxray_densenet,LGBM,BinaryVector,br,afrd,0.0,0.3315±0.0072
chestxray_densenet,LGBM,BinaryVector,cc,afrd,0.0,0.3140±0.0146
chestxray_densenet,LGBM,BinaryVector,clr,afrd,0.0,0.5314±0.0066
chestxray_densenet,LGBM,BinaryVector,ecc,afrd,0.0,0.4244±0.0079
chestxray_densenet,LGBM,BinaryVector,PartialOrder__Hamming__2,afrd,0.1,0.9126±0.0058
chestxray_densenet,LGBM,BinaryVector,PartialOrder__Hamming__None,afrd,0.1,0.9131±0.0058
chestxray_densenet,LGBM,BinaryVector,PartialOrder__Subset__2,afrd,0.1,0.9126±0.0058
chestxray_densenet,LGBM,BinaryVector,PartialOrder__Subset__None,afrd,0.1,0.9132±0.0058
chestxray_densenet,LGBM,BinaryVector,PreOrder__Hamming__2,afrd,0.1,0.8278±0.0116
chestxray_densenet,LGBM,BinaryVector,PreOrder__Hamming__None,afrd,0.1,0.8302±0.0106
chestxray_densenet,LGBM,BinaryVector,PreOrder__Subset__2,afrd,0.1,0.8274±0.0114
chestxray_densenet,LGBM,BinaryVector,PreOrder__Subset__None,afrd,0.1,0.8307±0.0104
chestxray_densenet,LGBM,BinaryVector,br,afrd,0.1,0.1950±0.0080
chestxray_densenet,LGBM,BinaryVector,cc,afrd,0.1,0.1915±0.0069
chestxray_densenet,LGBM,BinaryVector,clr,afrd,0.1,0.5314±0.0065
chestxray_densenet,LGBM,BinaryVector,ecc,afrd,0.1,0.3283±0.0087
chestxray_densenet,LGBM,BinaryVector,PartialOrder__Hamming__2,afrd,0.2,0.9125±0.0039
chestxray_densenet,LGBM,BinaryVector,PartialOrder__Hamming__None,afrd,0.2,0.9132±0.0039
chestxray_densenet,LGBM,BinaryVector,PartialOrder__Subset__2,afrd,0.2,0.9124±0.0040
chestxray_densenet,LGBM,BinaryVector,PartialOrder__Subset__None,afrd,0.2,0.9131±0.0040
chestxray_densenet,LGBM,BinaryVector,PreOrder__Hamming__2,afrd,0.2,0.7593±0.0117
chestxray_densenet,LGBM,BinaryVector,PreOrder__Hamming__None,afrd,0.2,0.7658±0.0110
chestxray_densenet,LGBM,BinaryVector,PreOrder__Subset__2,afrd,0.2,0.7591±0.0117
chestxray_densenet,LGBM,BinaryVector,PreOrder__Subset__None,afrd,0.2,0.7665±0.0111
chestxray_densenet,LGBM,BinaryVector,br,afrd,0.2,0.1068±0.0057
chestxray_densenet,LGBM,BinaryVector,cc,afrd,0.2,0.1197±0.0087
chestxray_densenet,LGBM,BinaryVector,clr,afrd,0.2,0.6152±0.0156
chestxray_densenet,LGBM,BinaryVector,ecc,afrd,0.2,0.2359±0.0109
chestxray_densenet,LGBM,BinaryVector,PartialOrder__Hamming__2,afrd,0.3,0.9020±0.0064
chestxray_densenet,LGBM,BinaryVector,PartialOrder__Hamming__None,afrd,0.3,0.9028±0.0067
chestxray_densenet,LGBM,BinaryVector,PartialOrder__Subset__2,afrd,0.3,0.9021±0.0064
chestxray_densenet,LGBM,BinaryVector,PartialOrder__Subset__None,afrd,0.3,0.9029±0.0067
chestxray_densenet,LGBM,BinaryVector,PreOrder__Hamming__2,afrd,0.3,0.6121±0.0108
chestxray_densenet,LGBM,BinaryVector,PreOrder__Hamming__None,afrd,0.3,0.6280±0.0117
chestxray_densenet,LGBM,BinaryVector,PreOrder__Subset__2,afrd,0.3,0.6103±0.0111
chestxray_densenet,LGBM,BinaryVector,PreOrder__Subset__None,afrd,0.3,0.6278±0.0125
chestxray_densenet,LGBM,BinaryVector,br,afrd,0.3,0.0668±0.0103
chestxray_densenet,LGBM,BinaryVector,cc,afrd,0.3,0.0638±0.0097
chestxray_densenet,LGBM,BinaryVector,clr,afrd,0.3,0.7224±0.0060
chestxray_densenet,LGBM,BinaryVector,ecc,afrd,0.3,0.1122±0.0067
chestxray_densenet,LGBM,BinaryVector,PartialOrder__Hamming__2,example_precision,0.0,0.1204±0.0022
chestxray_densenet,LGBM,BinaryVector,PartialOrder__Hamming__None,example_precision,0.0,0.1202±0.0021
chestxray_densenet,LGBM,BinaryVector,PartialOrder__Subset__2,example_precision,0.0,0.1203±0.0022
chestxray_densenet,LGBM,BinaryVector,PartialOrder__Subset__None,example_precision,0.0,0.1202±0.0021
chestxray_densenet,LGBM,BinaryVector,PreOrder__Hamming__2,example_precision,0.0,0.1239±0.0013
chestxray_densenet,LGBM,BinaryVector,PreOrder__Hamming__None,example_precision,0.0,0.1241±0.0014
chestxray_densenet,LGBM,BinaryVector,PreOrder__Subset__2,example_precision,0.0,0.1236±0.0013
chestxray_densenet,LGBM,BinaryVector,PreOrder__Subset__None,example_precision,0.0,0.1238±0.0014
chestxray_densenet,LGBM,BinaryVector,br,example_precision,0.0,0.3791±0.0057
chestxray_densenet,LGBM,BinaryVector,cc,example_precision,0.0,0.3773±0.0053
chestxray_densenet,LGBM,BinaryVector,clr,example_precision,0.0,0.4558±0.0113
chestxray_densenet,LGBM,BinaryVector,ecc,example_precision,0.0,0.4296±0.0061
chestxray_densenet,LGBM,BinaryVector,PartialOrder__Hamming__2,example_precision,0.1,0.1141±0.0019
chestxray_densenet,LGBM,BinaryVector,PartialOrder__Hamming__None,example_precision,0.1,0.1139±0.0019
chestxray_densenet,LGBM,BinaryVector,PartialOrder__Subset__2,example_precision,0.1,0.1141±0.0019
chestxray_densenet,LGBM,BinaryVector,PartialOrder__Subset__None,example_precision,0.1,0.1139±0.0019
chestxray_densenet,LGBM,BinaryVector,PreOrder__Hamming__2,example_precision,0.1,0.1213±0.0023
chestxray_densenet,LGBM,BinaryVector,PreOrder__Hamming__None,example_precision,0.1,0.1207±0.0024
chestxray_densenet,LGBM,BinaryVector,PreOrder__Subset__2,example_precision,0.1,0.1214±0.0023
chestxray_densenet,LGBM,BinaryVector,PreOrder__Subset__None,example_precision,0.1,0.1207±0.0024
chestxray_densenet,LGBM,BinaryVector,br,example_precision,0.1,0.2825±0.0045
chestxray_densenet,LGBM,BinaryVector,cc,example_precision,0.1,0.2818±0.0066
chestxray_densenet,LGBM,BinaryVector,clr,example_precision,0.1,0.4375±0.0095
chestxray_densenet,LGBM,BinaryVector,ecc,example_precision,0.1,0.3665±0.0097
chestxray_densenet,LGBM,BinaryVector,PartialOrder__Hamming__2,example_precision,0.2,0.1107±0.0014
chestxray_densenet,LGBM,BinaryVector,PartialOrder__Hamming__None,example_precision,0.2,0.1106±0.0014
chestxray_densenet,LGBM,BinaryVector,PartialOrder__Subset__2,example_precision,0.2,0.1107±0.0014
chestxray_densenet,LGBM,BinaryVector,PartialOrder__Subset__None,example_precision,0.2,0.1106±0.0014
chestxray_densenet,LGBM,BinaryVector,PreOrder__Hamming__2,example_precision,0.2,0.1225±0.0019
chestxray_densenet,LGBM,BinaryVector,PreOrder__Hamming__None,example_precision,0.2,0.1214±0.0017
chestxray_densenet,LGBM,BinaryVector,PreOrder__Subset__2,example_precision,0.2,0.1225±0.0020
chestxray_densenet,LGBM,BinaryVector,PreOrder__Subset__None,example_precision,0.2,0.1213±0.0017
chestxray_densenet,LGBM,BinaryVector,br,example_precision,0.2,0.2131±0.0063
chestxray_densenet,LGBM,BinaryVector,cc,example_precision,0.2,0.2100±0.0036
chestxray_densenet,LGBM,BinaryVector,clr,example_precision,0.2,0.4346±0.0050
chestxray_densenet,LGBM,BinaryVector,ecc,example_precision,0.2,0.2895±0.0099
chestxray_densenet,LGBM,BinaryVector,PartialOrder__Hamming__2,example_precision,0.3,0.1086±0.0015
chestxray_densenet,LGBM,BinaryVector,PartialOrder__Hamming__None,example_precision,0.3,0.1085±0.0014
chestxray_densenet,LGBM,BinaryVector,PartialOrder__Subset__2,example_precision,0.3,0.1086±0.0014
chestxray_densenet,LGBM,BinaryVector,PartialOrder__Subset__None,example_precision,0.3,0.1085±0.0014
chestxray_densenet,LGBM,BinaryVector,PreOrder__Hamming__2,example_precision,0.3,0.1226±0.0020
chestxray_densenet,LGBM,BinaryVector,PreOrder__Hamming__None,example_precision,0.3,0.1211±0.0018
chestxray_densenet,LGBM,BinaryVector,PreOrder__Subset__2,example_precision,0.3,0.1224±0.0022
chestxray_densenet,LGBM,BinaryVector,PreOrder__Subset__None,example_precision,0.3,0.1208±0.0017
chestxray_densenet,LGBM,BinaryVector,br,example_precision,0.3,0.1650±0.0035
chestxray_densenet,LGBM,BinaryVector,cc,example_precision,0.3,0.1658±0.0022
chestxray_densenet,LGBM,BinaryVector,clr,example_precision,0.3,0.4177±0.0097
chestxray_densenet,LGBM,BinaryVector,ecc,example_precision,0.3,0.1975±0.0049
chestxray_densenet,LGBM,BinaryVector,PartialOrder__Hamming__2,example_recall,0.0,0.5269±0.0038
chestxray_densenet,LGBM,BinaryVector,PartialOrder__Hamming__None,example_recall,0.0,0.5271±0.0038
chestxray_densenet,LGBM,BinaryVector,PartialOrder__Subset__2,example_recall,0.0,0.5268±0.0038
chestxray_densenet,LGBM,BinaryVector,PartialOrder__Subset__None,example_recall,0.0,0.5271±0.0038
chestxray_densenet,LGBM,BinaryVector,PreOrder__Hamming__2,example_recall,0.0,0.5141±0.0033
chestxray_densenet,LGBM,BinaryVector,PreOrder__Hamming__None,example_recall,0.0,0.5148±0.0034
chestxray_densenet,LGBM,BinaryVector,PreOrder__Subset__2,example_recall,0.0,0.5139±0.0033
chestxray_densenet,LGBM,BinaryVector,PreOrder__Subset__None,example_recall,0.0,0.5149±0.0034
chestxray_densenet,LGBM,BinaryVector,br,example_recall,0.0,0.4743±0.0059
chestxray_densenet,LGBM,BinaryVector,cc,example_recall,0.0,0.4985±0.0061
chestxray_densenet,LGBM,BinaryVector,clr,example_recall,0.0,0.4827±0.0095
chestxray_densenet,LGBM,BinaryVector,ecc,example_recall,0.0,0.4985±0.0054
chestxray_densenet,LGBM,BinaryVector,PartialOrder__Hamming__2,example_recall,0.1,0.5333±0.0037
chestxray_densenet,LGBM,BinaryVector,PartialOrder__Hamming__None,example_recall,0.1,0.5335±0.0037
chestxray_densenet,LGBM,BinaryVector,PartialOrder__Subset__2,example_recall,0.1,0.5333±0.0037
chestxray_densenet,LGBM,BinaryVector,PartialOrder__Subset__None,example_recall,0.1,0.5335±0.0037
chestxray_densenet,LGBM,BinaryVector,PreOrder__Hamming__2,example_recall,0.1,0.5124±0.0040
chestxray_densenet,LGBM,BinaryVector,PreOrder__Hamming__None,example_recall,0.1,0.5131±0.0041
chestxray_densenet,LGBM,BinaryVector,PreOrder__Subset__2,example_recall,0.1,0.5120±0.0039
chestxray_densenet,LGBM,BinaryVector,PreOrder__Subset__None,example_recall,0.1,0.5131±0.0040
chestxray_densenet,LGBM,BinaryVector,br,example_recall,0.1,0.4272±0.0054
chestxray_densenet,LGBM,BinaryVector,cc,example_recall,0.1,0.4344±0.0057
chestxray_densenet,LGBM,BinaryVector,clr,example_recall,0.1,0.4641±0.0092
chestxray_densenet,LGBM,BinaryVector,ecc,example_recall,0.1,0.4672±0.0112
chestxray_densenet,LGBM,BinaryVector,PartialOrder__Hamming__2,example_recall,0.2,0.5318±0.0040
chestxray_densenet,LGBM,BinaryVector,PartialOrder__Hamming__None,example_recall,0.2,0.5320±0.0040
chestxray_densenet,LGBM,BinaryVector,PartialOrder__Subset__2,example_recall,0.2,0.5318±0.0040
chestxray_densenet,LGBM,BinaryVector,PartialOrder__Subset__None,example_recall,0.2,0.5320±0.0040
chestxray_densenet,LGBM,BinaryVector,PreOrder__Hamming__2,example_recall,0.2,0.4976±0.0047
chestxray_densenet,LGBM,BinaryVector,PreOrder__Hamming__None,example_recall,0.2,0.5000±0.0044
chestxray_densenet,LGBM,BinaryVector,PreOrder__Subset__2,example_recall,0.2,0.4973±0.0048
chestxray_densenet,LGBM,BinaryVector,PreOrder__Subset__None,example_recall,0.2,0.5001±0.0042
chestxray_densenet,LGBM,BinaryVector,br,example_recall,0.2,0.3835±0.0078
chestxray_densenet,LGBM,BinaryVector,cc,example_recall,0.2,0.3804±0.0074
chestxray_densenet,LGBM,BinaryVector,clr,example_recall,0.2,0.4438±0.0096
chestxray_densenet,LGBM,BinaryVector,ecc,example_recall,0.2,0.4222±0.0115
chestxray_densenet,LGBM,BinaryVector,PartialOrder__Hamming__2,example_recall,0.3,0.5274±0.0042
chestxray_densenet,LGBM,BinaryVector,PartialOrder__Hamming__None,example_recall,0.3,0.5277±0.0041
chestxray_densenet,LGBM,BinaryVector,PartialOrder__Subset__2,example_recall,0.3,0.5274±0.0042
chestxray_densenet,LGBM,BinaryVector,PartialOrder__Subset__None,example_recall,0.3,0.5277±0.0041
chestxray_densenet,LGBM,BinaryVector,PreOrder__Hamming__2,example_recall,0.3,0.4634±0.0043
chestxray_densenet,LGBM,BinaryVector,PreOrder__Hamming__None,example_recall,0.3,0.4685±0.0040
chestxray_densenet,LGBM,BinaryVector,PreOrder__Subset__2,example_recall,0.3,0.4623±0.0044
chestxray_densenet,LGBM,BinaryVector,PreOrder__Subset__None,example_recall,0.3,0.4680±0.0043
chestxray_densenet,LGBM,BinaryVector,br,example_recall,0.3,0.3463±0.0055
chestxray_densenet,LGBM,BinaryVector,cc,example_recall,0.3,0.3500±0.0046
chestxray_densenet,LGBM,BinaryVector,clr,example_recall,0.3,0.4095±0.0071
chestxray_densenet,LGBM,BinaryVector,ecc,example_recall,0.3,0.3697±0.0063
chestxray_densenet,LGBM,BinaryVector,PartialOrder__Hamming__2,f1,0.0,0.1835±0.0024
chestxray_densenet,LGBM,BinaryVector,PartialOrder__Hamming__None,f1,0.0,0.1836±0.0024
chestxray_densenet,LGBM,BinaryVector,PartialOrder__Subset__2,f1,0.0,0.1835±0.0024
chestxray_densenet,LGBM,BinaryVector,PartialOrder__Subset__None,f1,0.0,0.1836±0.0024
chestxray_densenet,LGBM,BinaryVector,PreOrder__Hamming__2,f1,0.0,0.1834±0.0017
chestxray_densenet,LGBM,BinaryVector,PreOrder__Hamming__None,f1,0.0,0.1838±0.0019
chestxray_densenet,LGBM,BinaryVector,PreOrder__Subset__2,f1,0.0,0.1829±0.0017
chestxray_densenet,LGBM,BinaryVector,PreOrder__Subset__None,f1,0.0,0.1836±0.0019
chestxray_densenet,LGBM,BinaryVector,br,f1,0.0,0.3984±0.0058
chestxray_densenet,LGBM,BinaryVector,cc,f1,0.0,0.4034±0.0055
chestxray_densenet,LGBM,BinaryVector,clr,f1,0.0,0.4515±0.0101
chestxray_densenet,LGBM,BinaryVector,ecc,f1,0.0,0.4395±0.0054
chestxray_densenet,LGBM,BinaryVector,PartialOrder__Hamming__2,f1,0.1,0.1791±0.0024
chestxray_densenet,LGBM,BinaryVector,PartialOrder__Hamming__None,f1,0.1,0.1791±0.0024
chestxray_densenet,LGBM,BinaryVector,PartialOrder__Subset__2,f1,0.1,0.1791±0.0025
chestxray_densenet,LGBM,BinaryVector,PartialOrder__Subset__None,f1,0.1,0.1791±0.0024
chestxray_densenet,LGBM,BinaryVector,PreOrder__Hamming__2,f1,0.1,0.1815±0.0027
chestxray_densenet,LGBM,BinaryVector,PreOrder__Hamming__None,f1,0.1,0.1815±0.0027
chestxray_densenet,LGBM,BinaryVector,PreOrder__Subset__2,f1,0.1,0.1814±0.0026
chestxray_densenet,LGBM,BinaryVector,PreOrder__Subset__None,f1,0.1,0.1814±0.0027
chestxray_densenet,LGBM,BinaryVector,br,f1,0.1,0.3159±0.0046
chestxray_densenet,LGBM,BinaryVector,cc,f1,0.1,0.3162±0.0066
chestxray_densenet,LGBM,BinaryVector,clr,f1,0.1,0.4333±0.0091
chestxray_densenet,LGBM,BinaryVector,ecc,f1,0.1,0.3871±0.0101
chestxray_densenet,LGBM,BinaryVector,PartialOrder__Hamming__2,f1,0.2,0.1762±0.0020
chestxray_densenet,LGBM,BinaryVector,PartialOrder__Hamming__None,f1,0.2,0.1762±0.0021
chestxray_densenet,LGBM,BinaryVector,PartialOrder__Subset__2,f1,0.2,0.1762±0.0020
chestxray_densenet,LGBM,BinaryVector,PartialOrder__Subset__None,f1,0.2,0.1762±0.0021
chestxray_densenet,LGBM,BinaryVector,PreOrder__Hamming__2,f1,0.2,0.1825±0.0026
chestxray_densenet,LGBM,BinaryVector,PreOrder__Hamming__None,f1,0.2,0.1825±0.0022
chestxray_densenet,LGBM,BinaryVector,PreOrder__Subset__2,f1,0.2,0.1823±0.0026
chestxray_densenet,LGBM,BinaryVector,PreOrder__Subset__None,f1,0.2,0.1824±0.0022
chestxray_densenet,LGBM,BinaryVector,br,f1,0.2,0.2523±0.0064
chestxray_densenet,LGBM,BinaryVector,cc,f1,0.2,0.2490±0.0039
chestxray_densenet,LGBM,BinaryVector,clr,f1,0.2,0.4248±0.0065
chestxray_densenet,LGBM,BinaryVector,ecc,f1,0.2,0.3196±0.0100
chestxray_densenet,LGBM,BinaryVector,PartialOrder__Hamming__2,f1,0.3,0.1739±0.0021
chestxray_densenet,LGBM,BinaryVector,PartialOrder__Hamming__None,f1,0.3,0.1739±0.0021
chestxray_densenet,LGBM,BinaryVector,PartialOrder__Subset__2,f1,0.3,0.1739±0.0021
chestxray_densenet,LGBM,BinaryVector,PartialOrder__Subset__None,f1,0.3,0.1739±0.0021
chestxray_densenet,LGBM,BinaryVector,PreOrder__Hamming__2,f1,0.3,0.1815±0.0022
chestxray_densenet,LGBM,BinaryVector,PreOrder__Hamming__None,f1,0.3,0.1815±0.0021
chestxray_densenet,LGBM,BinaryVector,PreOrder__Subset__2,f1,0.3,0.1811±0.0023
chestxray_densenet,LGBM,BinaryVector,PreOrder__Subset__None,f1,0.3,0.1812±0.0020
chestxray_densenet,LGBM,BinaryVector,br,f1,0.3,0.2061±0.0039
chestxray_densenet,LGBM,BinaryVector,cc,f1,0.3,0.2076±0.0025
chestxray_densenet,LGBM,BinaryVector,clr,f1,0.3,0.4030±0.0080
chestxray_densenet,LGBM,BinaryVector,ecc,f1,0.3,0.2367±0.0050
chestxray_densenet,LGBM,BinaryVector,PartialOrder__Hamming__2,hamming_accuracy,0.0,0.1626±0.0018
chestxray_densenet,LGBM,BinaryVector,PartialOrder__Hamming__None,hamming_accuracy,0.0,0.1625±0.0018
chestxray_densenet,LGBM,BinaryVector,PartialOrder__Subset__2,hamming_accuracy,0.0,0.1626±0.0018
chestxray_densenet,LGBM,BinaryVector,PartialOrder__Subset__None,hamming_accuracy,0.0,0.1625±0.0018
chestxray_densenet,LGBM,BinaryVector,PreOrder__Hamming__2,hamming_accuracy,0.0,0.1750±0.0017
chestxray_densenet,LGBM,BinaryVector,PreOrder__Hamming__None,hamming_accuracy,0.0,0.1755±0.0019
chestxray_densenet,LGBM,BinaryVector,PreOrder__Subset__2,hamming_accuracy,0.0,0.1742±0.0017
chestxray_densenet,LGBM,BinaryVector,PreOrder__Subset__None,hamming_accuracy,0.0,0.1749±0.0019
chestxray_densenet,LGBM,BinaryVector,br,hamming_accuracy,0.0,0.7943±0.0035
chestxray_densenet,LGBM,BinaryVector,cc,hamming_accuracy,0.0,0.7762±0.0037
chestxray_densenet,LGBM,BinaryVector,clr,hamming_accuracy,0.0,0.8494±0.0029
chestxray_densenet,LGBM,BinaryVector,ecc,hamming_accuracy,0.0,0.8234±0.0033
chestxray_densenet,LGBM,BinaryVector,PartialOrder__Hamming__2,hamming_accuracy,0.1,0.1474±0.0034
chestxray_densenet,LGBM,BinaryVector,PartialOrder__Hamming__None,hamming_accuracy,0.1,0.1473±0.0033
chestxray_densenet,LGBM,BinaryVector,PartialOrder__Subset__2,hamming_accuracy,0.1,0.1474±0.0034
chestxray_densenet,LGBM,BinaryVector,PartialOrder__Subset__None,hamming_accuracy,0.1,0.1472±0.0033
chestxray_densenet,LGBM,BinaryVector,PreOrder__Hamming__2,hamming_accuracy,0.1,0.1766±0.0043
chestxray_densenet,LGBM,BinaryVector,PreOrder__Hamming__None,hamming_accuracy,0.1,0.1761±0.0042
chestxray_densenet,LGBM,BinaryVector,PreOrder__Subset__2,hamming_accuracy,0.1,0.1764±0.0044
chestxray_densenet,LGBM,BinaryVector,PreOrder__Subset__None,hamming_accuracy,0.1,0.1759±0.0042
chestxray_densenet,LGBM,BinaryVector,br,hamming_accuracy,0.1,0.7231±0.0032
chestxray_densenet,LGBM,BinaryVector,cc,hamming_accuracy,0.1,0.7156±0.0061
chestxray_densenet,LGBM,BinaryVector,clr,hamming_accuracy,0.1,0.8440±0.0021
chestxray_densenet,LGBM,BinaryVector,ecc,hamming_accuracy,0.1,0.7862±0.0027
chestxray_densenet,LGBM,BinaryVector,PartialOrder__Hamming__2,hamming_accuracy,0.2,0.1455±0.0022
chestxray_densenet,LGBM,BinaryVector,PartialOrder__Hamming__None,hamming_accuracy,0.2,0.1453±0.0022
chestxray_densenet,LGBM,BinaryVector,PartialOrder__Subset__2,hamming_accuracy,0.2,0.1455±0.0022
chestxray_densenet,LGBM,BinaryVector,PartialOrder__Subset__None,hamming_accuracy,0.2,0.1452±0.0022
chestxray_densenet,LGBM,BinaryVector,PreOrder__Hamming__2,hamming_accuracy,0.2,0.2053±0.0033
chestxray_densenet,LGBM,BinaryVector,PreOrder__Hamming__None,hamming_accuracy,0.2,0.2040±0.0031
chestxray_densenet,LGBM,BinaryVector,PreOrder__Subset__2,hamming_accuracy,0.2,0.2051±0.0034
chestxray_densenet,LGBM,BinaryVector,PreOrder__Subset__None,hamming_accuracy,0.2,0.2037±0.0032
chestxray_densenet,LGBM,BinaryVector,br,hamming_accuracy,0.2,0.6668±0.0035
chestxray_densenet,LGBM,BinaryVector,cc,hamming_accuracy,0.2,0.6664±0.0021
chestxray_densenet,LGBM,BinaryVector,clr,hamming_accuracy,0.2,0.8521±0.0013
chestxray_densenet,LGBM,BinaryVector,ecc,hamming_accuracy,0.2,0.7359±0.0041
chestxray_densenet,LGBM,BinaryVector,PartialOrder__Hamming__2,hamming_accuracy,0.3,0.1498±0.0024
chestxray_densenet,LGBM,BinaryVector,PartialOrder__Hamming__None,hamming_accuracy,0.3,0.1495±0.0024
chestxray_densenet,LGBM,BinaryVector,PartialOrder__Subset__2,hamming_accuracy,0.3,0.1498±0.0024
chestxray_densenet,LGBM,BinaryVector,PartialOrder__Subset__None,hamming_accuracy,0.3,0.1495±0.0024
chestxray_densenet,LGBM,BinaryVector,PreOrder__Hamming__2,hamming_accuracy,0.3,0.2713±0.0057
chestxray_densenet,LGBM,BinaryVector,PreOrder__Hamming__None,hamming_accuracy,0.3,0.2667±0.0051
chestxray_densenet,LGBM,BinaryVector,PreOrder__Subset__2,hamming_accuracy,0.3,0.2712±0.0060
chestxray_densenet,LGBM,BinaryVector,PreOrder__Subset__None,hamming_accuracy,0.3,0.2662±0.0051
chestxray_densenet,LGBM,BinaryVector,br,hamming_accuracy,0.3,0.6134±0.0020
chestxray_densenet,LGBM,BinaryVector,cc,hamming_accuracy,0.3,0.6130±0.0013
chestxray_densenet,LGBM,BinaryVector,clr,hamming_accuracy,0.3,0.8575±0.0016
chestxray_densenet,LGBM,BinaryVector,ecc,hamming_accuracy,0.3,0.6553±0.0013
chestxray_densenet,LGBM,BinaryVector,PartialOrder__Hamming__2,jaccard,0.0,0.1172±0.0018
chestxray_densenet,LGBM,BinaryVector,PartialOrder__Hamming__None,jaccard,0.0,0.1172±0.0018
chestxray_densenet,LGBM,BinaryVector,PartialOrder__Subset__2,jaccard,0.0,0.1172±0.0018
chestxray_densenet,LGBM,BinaryVector,PartialOrder__Subset__None,jaccard,0.0,0.1172±0.0018
chestxray_densenet,LGBM,BinaryVector,PreOrder__Hamming__2,jaccard,0.0,0.1178±0.0010
chestxray_densenet,LGBM,BinaryVector,PreOrder__Hamming__None,jaccard,0.0,0.1183±0.0012
chestxray_densenet,LGBM,BinaryVector,PreOrder__Subset__2,jaccard,0.0,0.1175±0.0009
chestxray_densenet,LGBM,BinaryVector,PreOrder__Subset__None,jaccard,0.0,0.1181±0.0011
chestxray_densenet,LGBM,BinaryVector,br,jaccard,0.0,0.3492±0.0050
chestxray_densenet,LGBM,BinaryVector,cc,jaccard,0.0,0.3525±0.0047
chestxray_densenet,LGBM,BinaryVector,clr,jaccard,0.0,0.4151±0.0098
chestxray_densenet,LGBM,BinaryVector,ecc,jaccard,0.0,0.3956±0.0052
chestxray_densenet,LGBM,BinaryVector,PartialOrder__Hamming__2,jaccard,0.1,0.1124±0.0017
chestxray_densenet,LGBM,BinaryVector,PartialOrder__Hamming__None,jaccard,0.1,0.1123±0.0017
chestxray_densenet,LGBM,BinaryVector,PartialOrder__Subset__2,jaccard,0.1,0.1124±0.0017
chestxray_densenet,LGBM,BinaryVector,PartialOrder__Subset__None,jaccard,0.1,0.1123±0.0017
chestxray_densenet,LGBM,BinaryVector,PreOrder__Hamming__2,jaccard,0.1,0.1160±0.0020
chestxray_densenet,LGBM,BinaryVector,PreOrder__Hamming__None,jaccard,0.1,0.1158±0.0021
chestxray_densenet,LGBM,BinaryVector,PreOrder__Subset__2,jaccard,0.1,0.1158±0.0020
chestxray_densenet,LGBM,BinaryVector,PreOrder__Subset__None,jaccard,0.1,0.1157±0.0021
chestxray_densenet,LGBM,BinaryVector,br,jaccard,0.1,0.2618±0.0050
chestxray_densenet,LGBM,BinaryVector,cc,jaccard,0.1,0.2621±0.0069
chestxray_densenet,LGBM,BinaryVector,clr,jaccard,0.1,0.3971±0.0089
chestxray_densenet,LGBM,BinaryVector,ecc,jaccard,0.1,0.3381±0.0094
chestxray_densenet,LGBM,BinaryVector,PartialOrder__Hamming__2,jaccard,0.2,0.1097±0.0014
chestxray_densenet,LGBM,BinaryVector,PartialOrder__Hamming__None,jaccard,0.2,0.1096±0.0014
chestxray_densenet,LGBM,BinaryVector,PartialOrder__Subset__2,jaccard,0.2,0.1097±0.0014
chestxray_densenet,LGBM,BinaryVector,PartialOrder__Subset__None,jaccard,0.2,0.1096±0.0014
chestxray_densenet,LGBM,BinaryVector,PreOrder__Hamming__2,jaccard,0.2,0.1170±0.0019
chestxray_densenet,LGBM,BinaryVector,PreOrder__Hamming__None,jaccard,0.2,0.1167±0.0015
chestxray_densenet,LGBM,BinaryVector,PreOrder__Subset__2,jaccard,0.2,0.1169±0.0020
chestxray_densenet,LGBM,BinaryVector,PreOrder__Subset__None,jaccard,0.2,0.1167±0.0015
chestxray_densenet,LGBM,BinaryVector,br,jaccard,0.2,0.1961±0.0061
chestxray_densenet,LGBM,BinaryVector,cc,jaccard,0.2,0.1933±0.0028
chestxray_densenet,LGBM,BinaryVector,clr,jaccard,0.2,0.3948±0.0053
chestxray_densenet,LGBM,BinaryVector,ecc,jaccard,0.2,0.2662±0.0098
chestxray_densenet,LGBM,BinaryVector,PartialOrder__Hamming__2,jaccard,0.3,0.1078±0.0015
chestxray_densenet,LGBM,BinaryVector,PartialOrder__Hamming__None,jaccard,0.3,0.1078±0.0015
chestxray_densenet,LGBM,BinaryVector,PartialOrder__Subset__2,jaccard,0.3,0.1078±0.0014
chestxray_densenet,LGBM,BinaryVector,PartialOrder__Subset__None,jaccard,0.3,0.1078±0.0015
chestxray_densenet,LGBM,BinaryVector,PreOrder__Hamming__2,jaccard,0.3,0.1169±0.0017
chestxray_densenet,LGBM,BinaryVector,PreOrder__Hamming__None,jaccard,0.3,0.1163±0.0016
chestxray_densenet,LGBM,BinaryVector,PreOrder__Subset__2,jaccard,0.3,0.1167±0.0018
chestxray_densenet,LGBM,BinaryVector,PreOrder__Subset__None,jaccard,0.3,0.1161±0.0016
chestxray_densenet,LGBM,BinaryVector,br,jaccard,0.3,0.1506±0.0032
chestxray_densenet,LGBM,BinaryVector,cc,jaccard,0.3,0.1513±0.0015
chestxray_densenet,LGBM,BinaryVector,clr,jaccard,0.3,0.3821±0.0075
chestxray_densenet,LGBM,BinaryVector,ecc,jaccard,0.3,0.1803±0.0042
chestxray_densenet,LGBM,BinaryVector,PartialOrder__Hamming__2,macro_f1,0.0,0.1843±0.0017
chestxray_densenet,LGBM,BinaryVector,PartialOrder__Hamming__None,macro_f1,0.0,0.1843±0.0018
chestxray_densenet,LGBM,BinaryVector,PartialOrder__Subset__2,macro_f1,0.0,0.1842±0.0017
chestxray_densenet,LGBM,BinaryVector,PartialOrder__Subset__None,macro_f1,0.0,0.1843±0.0018
chestxray_densenet,LGBM,BinaryVector,PreOrder__Hamming__2,macro_f1,0.0,0.1823±0.0013
chestxray_densenet,LGBM,BinaryVector,PreOrder__Hamming__None,macro_f1,0.0,0.1826±0.0014
chestxray_densenet,LGBM,BinaryVector,PreOrder__Subset__2,macro_f1,0.0,0.1822±0.0013
chestxray_densenet,LGBM,BinaryVector,PreOrder__Subset__None,macro_f1,0.0,0.1825±0.0014
chestxray_densenet,LGBM,BinaryVector,br,macro_f1,0.0,0.3035±0.0069
chestxray_densenet,LGBM,BinaryVector,cc,macro_f1,0.0,0.3007±0.0075
chestxray_densenet,LGBM,BinaryVector,clr,macro_f1,0.0,0.3045±0.0072
chestxray_densenet,LGBM,BinaryVector,ecc,macro_f1,0.0,0.3078±0.0040
chestxray_densenet,LGBM,BinaryVector,PartialOrder__Hamming__2,macro_f1,0.1,0.1843±0.0021
chestxray_densenet,LGBM,BinaryVector,PartialOrder__Hamming__None,macro_f1,0.1,0.1843±0.0021
chestxray_densenet,LGBM,BinaryVector,PartialOrder__Subset__2,macro_f1,0.1,0.1843±0.0021
chestxray_densenet,LGBM,BinaryVector,PartialOrder__Subset__None,macro_f1,0.1,0.1843±0.0021
chestxray_densenet,LGBM,BinaryVector,PreOrder__Hamming__2,macro_f1,0.1,0.1821±0.0020
chestxray_densenet,LGBM,BinaryVector,PreOrder__Hamming__None,macro_f1,0.1,0.1822±0.0019
chestxray_densenet,LGBM,BinaryVector,PreOrder__Subset__2,macro_f1,0.1,0.1819±0.0019
chestxray_densenet,LGBM,BinaryVector,PreOrder__Subset__None,macro_f1,0.1,0.1822±0.0019
chestxray_densenet,LGBM,BinaryVector,br,macro_f1,0.1,0.2688±0.0035
chestxray_densenet,LGBM,BinaryVector,cc,macro_f1,0.1,0.2676±0.0050
chestxray_densenet,LGBM,BinaryVector,clr,macro_f1,0.1,0.2949±0.0089
chestxray_densenet,LGBM,BinaryVector,ecc,macro_f1,0.1,0.2913±0.0069
chestxray_densenet,LGBM,BinaryVector,PartialOrder__Hamming__2,macro_f1,0.2,0.1839±0.0022
chestxray_densenet,LGBM,BinaryVector,PartialOrder__Hamming__None,macro_f1,0.2,0.1839±0.0022
chestxray_densenet,LGBM,BinaryVector,PartialOrder__Subset__2,macro_f1,0.2,0.1839±0.0022
chestxray_densenet,LGBM,BinaryVector,PartialOrder__Subset__None,macro_f1,0.2,0.1839±0.0022
chestxray_densenet,LGBM,BinaryVector,PreOrder__Hamming__2,macro_f1,0.2,0.1818±0.0020
chestxray_densenet,LGBM,BinaryVector,PreOrder__Hamming__None,macro_f1,0.2,0.1823±0.0019
chestxray_densenet,LGBM,BinaryVector,PreOrder__Subset__2,macro_f1,0.2,0.1817±0.0020
chestxray_densenet,LGBM,BinaryVector,PreOrder__Subset__None,macro_f1,0.2,0.1823±0.0018
chestxray_densenet,LGBM,BinaryVector,br,macro_f1,0.2,0.2477±0.0033
chestxray_densenet,LGBM,BinaryVector,cc,macro_f1,0.2,0.2453±0.0041
chestxray_densenet,LGBM,BinaryVector,clr,macro_f1,0.2,0.2665±0.0110
chestxray_densenet,LGBM,BinaryVector,ecc,macro_f1,0.2,0.2672±0.0043
chestxray_densenet,LGBM,BinaryVector,PartialOrder__Hamming__2,macro_f1,0.3,0.1839±0.0020
chestxray_densenet,LGBM,BinaryVector,PartialOrder__Hamming__None,macro_f1,0.3,0.1840±0.0020
chestxray_densenet,LGBM,BinaryVector,PartialOrder__Subset__2,macro_f1,0.3,0.1839±0.0020
chestxray_densenet,LGBM,BinaryVector,PartialOrder__Subset__None,macro_f1,0.3,0.1840±0.0020
chestxray_densenet,LGBM,BinaryVector,PreOrder__Hamming__2,macro_f1,0.3,0.1824±0.0014
chestxray_densenet,LGBM,BinaryVector,PreOrder__Hamming__None,macro_f1,0.3,0.1832±0.0015
chestxray_densenet,LGBM,BinaryVector,PreOrder__Subset__2,macro_f1,0.3,0.1821±0.0014
chestxray_densenet,LGBM,BinaryVector,PreOrder__Subset__None,macro_f1,0.3,0.1830±0.0015
chestxray_densenet,LGBM,BinaryVector,br,macro_f1,0.3,0.2235±0.0018
chestxray_densenet,LGBM,BinaryVector,cc,macro_f1,0.3,0.2248±0.0035
chestxray_densenet,LGBM,BinaryVector,clr,macro_f1,0.3,0.2132±0.0038
chestxray_densenet,LGBM,BinaryVector,ecc,macro_f1,0.3,0.2389±0.0030
chestxray_densenet,LGBM,BinaryVector,PartialOrder__Hamming__2,macro_precision,0.0,0.1063±0.0013
chestxray_densenet,LGBM,BinaryVector,PartialOrder__Hamming__None,macro_precision,0.0,0.1063±0.0014
chestxray_densenet,LGBM,BinaryVector,PartialOrder__Subset__2,macro_precision,0.0,0.1063±0.0013
chestxray_densenet,LGBM,BinaryVector,PartialOrder__Subset__None,macro_precision,0.0,0.1063±0.0014
chestxray_densenet,LGBM,BinaryVector,PreOrder__Hamming__2,macro_precision,0.0,0.1055±0.0011
chestxray_densenet,LGBM,BinaryVector,PreOrder__Hamming__None,macro_precision,0.0,0.1057±0.0012
chestxray_densenet,LGBM,BinaryVector,PreOrder__Subset__2,macro_precision,0.0,0.1054±0.0011
chestxray_densenet,LGBM,BinaryVector,PreOrder__Subset__None,macro_precision,0.0,0.1056±0.0012
chestxray_densenet,LGBM,BinaryVector,br,macro_precision,0.0,0.2232±0.0065
chestxray_densenet,LGBM,BinaryVector,cc,macro_precision,0.0,0.2149±0.0060
chestxray_densenet,LGBM,BinaryVector,clr,macro_precision,0.0,0.2760±0.0133
chestxray_densenet,LGBM,BinaryVector,ecc,macro_precision,0.0,0.2515±0.0124
chestxray_densenet,LGBM,BinaryVector,PartialOrder__Hamming__2,macro_precision,0.1,0.1061±0.0015
chestxray_densenet,LGBM,BinaryVector,PartialOrder__Hamming__None,macro_precision,0.1,0.1062±0.0015
chestxray_densenet,LGBM,BinaryVector,PartialOrder__Subset__2,macro_precision,0.1,0.1061±0.0015
chestxray_densenet,LGBM,BinaryVector,PartialOrder__Subset__None,macro_precision,0.1,0.1062±0.0015
chestxray_densenet,LGBM,BinaryVector,PreOrder__Hamming__2,macro_precision,0.1,0.1054±0.0015
chestxray_densenet,LGBM,BinaryVector,PreOrder__Hamming__None,macro_precision,0.1,0.1054±0.0015
chestxray_densenet,LGBM,BinaryVector,PreOrder__Subset__2,macro_precision,0.1,0.1053±0.0015
chestxray_densenet,LGBM,BinaryVector,PreOrder__Subset__None,macro_precision,0.1,0.1054±0.0015
chestxray_densenet,LGBM,BinaryVector,br,macro_precision,0.1,0.1874±0.0034
chestxray_densenet,LGBM,BinaryVector,cc,macro_precision,0.1,0.1840±0.0045
chestxray_densenet,LGBM,BinaryVector,clr,macro_precision,0.1,0.2559±0.0096
chestxray_densenet,LGBM,BinaryVector,ecc,macro_precision,0.1,0.2122±0.0059
chestxray_densenet,LGBM,BinaryVector,PartialOrder__Hamming__2,macro_precision,0.2,0.1059±0.0016
chestxray_densenet,LGBM,BinaryVector,PartialOrder__Hamming__None,macro_precision,0.2,0.1059±0.0016
chestxray_densenet,LGBM,BinaryVector,PartialOrder__Subset__2,macro_precision,0.2,0.1059±0.0016
chestxray_densenet,LGBM,BinaryVector,PartialOrder__Subset__None,macro_precision,0.2,0.1059±0.0016
chestxray_densenet,LGBM,BinaryVector,PreOrder__Hamming__2,macro_precision,0.2,0.1056±0.0015
chestxray_densenet,LGBM,BinaryVector,PreOrder__Hamming__None,macro_precision,0.2,0.1059±0.0014
chestxray_densenet,LGBM,BinaryVector,PreOrder__Subset__2,macro_precision,0.2,0.1056±0.0015
chestxray_densenet,LGBM,BinaryVector,PreOrder__Subset__None,macro_precision,0.2,0.1059±0.0014
chestxray_densenet,LGBM,BinaryVector,br,macro_precision,0.2,0.1685±0.0033
chestxray_densenet,LGBM,BinaryVector,cc,macro_precision,0.2,0.1662±0.0031
chestxray_densenet,LGBM,BinaryVector,clr,macro_precision,0.2,0.2507±0.0097
chestxray_densenet,LGBM,BinaryVector,ecc,macro_precision,0.2,0.1872±0.0037
chestxray_densenet,LGBM,BinaryVector,PartialOrder__Hamming__2,macro_precision,0.3,0.1060±0.0015
chestxray_densenet,LGBM,BinaryVector,PartialOrder__Hamming__None,macro_precision,0.3,0.1061±0.0015
chestxray_densenet,LGBM,BinaryVector,PartialOrder__Subset__2,macro_precision,0.3,0.1061±0.0015
chestxray_densenet,LGBM,BinaryVector,PartialOrder__Subset__None,macro_precision,0.3,0.1061±0.0015
chestxray_densenet,LGBM,BinaryVector,PreOrder__Hamming__2,macro_precision,0.3,0.1072±0.0012
chestxray_densenet,LGBM,BinaryVector,PreOrder__Hamming__None,macro_precision,0.3,0.1075±0.0012
chestxray_densenet,LGBM,BinaryVector,PreOrder__Subset__2,macro_precision,0.3,0.1071±0.0012
chestxray_densenet,LGBM,BinaryVector,PreOrder__Subset__None,macro_precision,0.3,0.1074±0.0012
chestxray_densenet,LGBM,BinaryVector,br,macro_precision,0.3,0.1491±0.0020
chestxray_densenet,LGBM,BinaryVector,cc,macro_precision,0.3,0.1498±0.0029
chestxray_densenet,LGBM,BinaryVector,clr,macro_precision,0.3,0.2309±0.0058
chestxray_densenet,LGBM,BinaryVector,ecc,macro_precision,0.3,0.1606±0.0026
chestxray_densenet,LGBM,BinaryVector,PartialOrder__Hamming__2,macro_recall,0.0,0.9442±0.0035
chestxray_densenet,LGBM,BinaryVector,PartialOrder__Hamming__None,macro_recall,0.0,0.9446±0.0037
chestxray_densenet,LGBM,BinaryVector,PartialOrder__Subset__2,macro_recall,0.0,0.9442±0.0035
chestxray_densenet,LGBM,BinaryVector,PartialOrder__Subset__None,macro_recall,0.0,0.9446±0.0037
chestxray_densenet,LGBM,BinaryVector,PreOrder__Hamming__2,macro_recall,0.0,0.9176±0.0053
chestxray_densenet,LGBM,BinaryVector,PreOrder__Hamming__None,macro_recall,0.0,0.9176±0.0051
chestxray_densenet,LGBM,BinaryVector,PreOrder__Subset__2,macro_recall,0.0,0.9172±0.0054
chestxray_densenet,LGBM,BinaryVector,PreOrder__Subset__None,macro_recall,0.0,0.9177±0.0050
chestxray_densenet,LGBM,BinaryVector,br,macro_recall,0.0,0.4824±0.0078
chestxray_densenet,LGBM,BinaryVector,cc,macro_recall,0.0,0.5082±0.0132
chestxray_densenet,LGBM,BinaryVector,clr,macro_recall,0.0,0.3600±0.0065
chestxray_densenet,LGBM,BinaryVector,ecc,macro_recall,0.0,0.4247±0.0047
chestxray_densenet,LGBM,BinaryVector,PartialOrder__Hamming__2,macro_recall,0.1,0.9621±0.0035
chestxray_densenet,LGBM,BinaryVector,PartialOrder__Hamming__None,macro_recall,0.1,0.9625±0.0036
chestxray_densenet,LGBM,BinaryVector,PartialOrder__Subset__2,macro_recall,0.1,0.9621±0.0035
chestxray_densenet,LGBM,BinaryVector,PartialOrder__Subset__None,macro_recall,0.1,0.9625±0.0036
chestxray_densenet,LGBM,BinaryVector,PreOrder__Hamming__2,macro_recall,0.1,0.9149±0.0076
chestxray_densenet,LGBM,BinaryVector,PreOrder__Hamming__None,macro_recall,0.1,0.9165±0.0066
chestxray_densenet,LGBM,BinaryVector,PreOrder__Subset__2,macro_recall,0.1,0.9143±0.0075
chestxray_densenet,LGBM,BinaryVector,PreOrder__Subset__None,macro_recall,0.1,0.9167±0.0064
chestxray_densenet,LGBM,BinaryVector,br,macro_recall,0.1,0.5400±0.0072
chestxray_densenet,LGBM,BinaryVector,cc,macro_recall,0.1,0.5483±0.0069
chestxray_densenet,LGBM,BinaryVector,clr,macro_recall,0.1,0.3563±0.0075
chestxray_densenet,LGBM,BinaryVector,ecc,macro_recall,0.1,0.4781±0.0105
chestxray_densenet,LGBM,BinaryVector,PartialOrder__Hamming__2,macro_recall,0.2,0.9601±0.0021
chestxray_densenet,LGBM,BinaryVector,PartialOrder__Hamming__None,macro_recall,0.2,0.9605±0.0022
chestxray_densenet,LGBM,BinaryVector,PartialOrder__Subset__2,macro_recall,0.2,0.9600±0.0021
chestxray_densenet,LGBM,BinaryVector,PartialOrder__Subset__None,macro_recall,0.2,0.9604±0.0023
chestxray_densenet,LGBM,BinaryVector,PreOrder__Hamming__2,macro_recall,0.2,0.8811±0.0077
chestxray_densenet,LGBM,BinaryVector,PreOrder__Hamming__None,macro_recall,0.2,0.8855±0.0072
chestxray_densenet,LGBM,BinaryVector,PreOrder__Subset__2,macro_recall,0.2,0.8808±0.0077
chestxray_densenet,LGBM,BinaryVector,PreOrder__Subset__None,macro_recall,0.2,0.8859±0.0072
chestxray_densenet,LGBM,BinaryVector,br,macro_recall,0.2,0.5680±0.0070
chestxray_densenet,LGBM,BinaryVector,cc,macro_recall,0.2,0.5620±0.0087
chestxray_densenet,LGBM,BinaryVector,clr,macro_recall,0.2,0.2918±0.0134
chestxray_densenet,LGBM,BinaryVector,ecc,macro_recall,0.2,0.5142±0.0084
chestxray_densenet,LGBM,BinaryVector,PartialOrder__Hamming__2,macro_recall,0.3,0.9553±0.0037
chestxray_densenet,LGBM,BinaryVector,PartialOrder__Hamming__None,macro_recall,0.3,0.9558±0.0039
chestxray_densenet,LGBM,BinaryVector,PartialOrder__Subset__2,macro_recall,0.3,0.9554±0.0037
chestxray_densenet,LGBM,BinaryVector,PartialOrder__Subset__None,macro_recall,0.3,0.9559±0.0039
chestxray_densenet,LGBM,BinaryVector,PreOrder__Hamming__2,macro_recall,0.3,0.8145±0.0063
chestxray_densenet,LGBM,BinaryVector,PreOrder__Hamming__None,macro_recall,0.3,0.8239±0.0086
chestxray_densenet,LGBM,BinaryVector,PreOrder__Subset__2,macro_recall,0.3,0.8128±0.0061
chestxray_densenet,LGBM,BinaryVector,PreOrder__Subset__None,macro_recall,0.3,0.8233±0.0091
chestxray_densenet,LGBM,BinaryVector,br,macro_recall,0.3,0.5665±0.0087
chestxray_densenet,LGBM,BinaryVector,cc,macro_recall,0.3,0.5710±0.0085
chestxray_densenet,LGBM,BinaryVector,clr,macro_recall,0.3,0.2051±0.0054
chestxray_densenet,LGBM,BinaryVector,ecc,macro_recall,0.3,0.5616±0.0030
chestxray_densenet,LGBM,BinaryVector,PartialOrder__Hamming__2,mfrd,0.0,0.9436±0.0056
chestxray_densenet,LGBM,BinaryVector,PartialOrder__Hamming__None,mfrd,0.0,0.9438±0.0055
chestxray_densenet,LGBM,BinaryVector,PartialOrder__Subset__2,mfrd,0.0,0.9436±0.0056
chestxray_densenet,LGBM,BinaryVector,PartialOrder__Subset__None,mfrd,0.0,0.9438±0.0055
chestxray_densenet,LGBM,BinaryVector,PreOrder__Hamming__2,mfrd,0.0,0.9016±0.0078
chestxray_densenet,LGBM,BinaryVector,PreOrder__Hamming__None,mfrd,0.0,0.9037±0.0081
chestxray_densenet,LGBM,BinaryVector,PreOrder__Subset__2,mfrd,0.0,0.9009±0.0072
chestxray_densenet,LGBM,BinaryVector,PreOrder__Subset__None,mfrd,0.0,0.9044±0.0078
chestxray_densenet,LGBM,BinaryVector,br,mfrd,0.0,0.8807±0.0152
chestxray_densenet,LGBM,BinaryVector,cc,mfrd,0.0,0.8445±0.0399
chestxray_densenet,LGBM,BinaryVector,clr,mfrd,0.0,0.9893±0.0045
chestxray_densenet,LGBM,BinaryVector,ecc,mfrd,0.0,0.9947±0.0051
chestxray_densenet,LGBM,BinaryVector,PartialOrder__Hamming__2,mfrd,0.1,0.9662±0.0043
chestxray_densenet,LGBM,BinaryVector,PartialOrder__Hamming__None,mfrd,0.1,0.9673±0.0041
chestxray_densenet,LGBM,BinaryVector,PartialOrder__Subset__2,mfrd,0.1,0.9659±0.0042
chestxray_densenet,LGBM,BinaryVector,PartialOrder__Subset__None,mfrd,0.1,0.9673±0.0041
chestxray_densenet,LGBM,BinaryVector,PreOrder__Hamming__2,mfrd,0.1,0.9015±0.0102
chestxray_densenet,LGBM,BinaryVector,PreOrder__Hamming__None,mfrd,0.1,0.9036±0.0099
chestxray_densenet,LGBM,BinaryVector,PreOrder__Subset__2,mfrd,0.1,0.9003±0.0113
chestxray_densenet,LGBM,BinaryVector,PreOrder__Subset__None,mfrd,0.1,0.9035±0.0109
chestxray_densenet,LGBM,BinaryVector,br,mfrd,0.1,0.5181±0.0294
chestxray_densenet,LGBM,BinaryVector,cc,mfrd,0.1,0.5254±0.0180
chestxray_densenet,LGBM,BinaryVector,clr,mfrd,0.1,0.9555±0.0234
chestxray_densenet,LGBM,BinaryVector,ecc,mfrd,0.1,0.8560±0.0265
chestxray_densenet,LGBM,BinaryVector,PartialOrder__Hamming__2,mfrd,0.2,0.9583±0.0042
chestxray_densenet,LGBM,BinaryVector,PartialOrder__Hamming__None,mfrd,0.2,0.9589±0.0040
chestxray_densenet,LGBM,BinaryVector,PartialOrder__Subset__2,mfrd,0.2,0.9582±0.0042
chestxray_densenet,LGBM,BinaryVector,PartialOrder__Subset__None,mfrd,0.2,0.9587±0.0040
chestxray_densenet,LGBM,BinaryVector,PreOrder__Hamming__2,mfrd,0.2,0.8594±0.0158
chestxray_densenet,LGBM,BinaryVector,PreOrder__Hamming__None,mfrd,0.2,0.8688±0.0171
chestxray_densenet,LGBM,BinaryVector,PreOrder__Subset__2,mfrd,0.2,0.8578±0.0159
chestxray_densenet,LGBM,BinaryVector,PreOrder__Subset__None,mfrd,0.2,0.8690±0.0172
chestxray_densenet,LGBM,BinaryVector,br,mfrd,0.2,0.3198±0.0665
chestxray_densenet,LGBM,BinaryVector,cc,mfrd,0.2,0.3655±0.0380
chestxray_densenet,LGBM,BinaryVector,clr,mfrd,0.2,0.9358±0.0348
chestxray_densenet,LGBM,BinaryVector,ecc,mfrd,0.2,0.6126±0.0272
chestxray_densenet,LGBM,BinaryVector,PartialOrder__Hamming__2,mfrd,0.3,0.9404±0.0041
chestxray_densenet,LGBM,BinaryVector,PartialOrder__Hamming__None,mfrd,0.3,0.9415±0.0042
chestxray_densenet,LGBM,BinaryVector,PartialOrder__Subset__2,mfrd,0.3,0.9404±0.0042
chestxray_densenet,LGBM,BinaryVector,PartialOrder__Subset__None,mfrd,0.3,0.9414±0.0043
chestxray_densenet,LGBM,BinaryVector,PreOrder__Hamming__2,mfrd,0.3,0.7376±0.0112
chestxray_densenet,LGBM,BinaryVector,PreOrder__Hamming__None,mfrd,0.3,0.7564±0.0078
chestxray_densenet,LGBM,BinaryVector,PreOrder__Subset__2,mfrd,0.3,0.7338±0.0110
chestxray_densenet,LGBM,BinaryVector,PreOrder__Subset__None,mfrd,0.3,0.7555±0.0074
chestxray_densenet,LGBM,BinaryVector,br,mfrd,0.3,0.2415±0.0418
chestxray_densenet,LGBM,BinaryVector,cc,mfrd,0.3,0.1993±0.0538
chestxray_densenet,LGBM,BinaryVector,clr,mfrd,0.3,0.9332±0.0190
chestxray_densenet,LGBM,BinaryVector,ecc,mfrd,0.3,0.3266±0.0582
chestxray_densenet,LGBM,BinaryVector,PartialOrder__Hamming__2,micro_f1,0.0,0.1938±0.0022
chestxray_densenet,LGBM,BinaryVector,PartialOrder__Hamming__None,micro_f1,0.0,0.1939±0.0022
chestxray_densenet,LGBM,BinaryVector,PartialOrder__Subset__2,micro_f1,0.0,0.1938±0.0022
chestxray_densenet,LGBM,BinaryVector,PartialOrder__Subset__None,micro_f1,0.0,0.1939±0.0022
chestxray_densenet,LGBM,BinaryVector,PreOrder__Hamming__2,micro_f1,0.0,0.1915±0.0018
chestxray_densenet,LGBM,BinaryVector,PreOrder__Hamming__None,micro_f1,0.0,0.1918±0.0019
chestxray_densenet,LGBM,BinaryVector,PreOrder__Subset__2,micro_f1,0.0,0.1913±0.0018
chestxray_densenet,LGBM,BinaryVector,PreOrder__Subset__None,micro_f1,0.0,0.1918±0.0019
chestxray_densenet,LGBM,BinaryVector,br,micro_f1,0.0,0.3662±0.0078
chestxray_densenet,LGBM,BinaryVector,cc,micro_f1,0.0,0.3602±0.0086
chestxray_densenet,LGBM,BinaryVector,clr,micro_f1,0.0,0.3802±0.0096
chestxray_densenet,LGBM,BinaryVector,ecc,micro_f1,0.0,0.3878±0.0055
chestxray_densenet,LGBM,BinaryVector,PartialOrder__Hamming__2,micro_f1,0.1,0.1932±0.0025
chestxray_densenet,LGBM,BinaryVector,PartialOrder__Hamming__None,micro_f1,0.1,0.1932±0.0025
chestxray_densenet,LGBM,BinaryVector,PartialOrder__Subset__2,micro_f1,0.1,0.1931±0.0025
chestxray_densenet,LGBM,BinaryVector,PartialOrder__Subset__None,micro_f1,0.1,0.1932±0.0025
chestxray_densenet,LGBM,BinaryVector,PreOrder__Hamming__2,micro_f1,0.1,0.1914±0.0025
chestxray_densenet,LGBM,BinaryVector,PreOrder__Hamming__None,micro_f1,0.1,0.1916±0.0025
chestxray_densenet,LGBM,BinaryVector,PreOrder__Subset__2,micro_f1,0.1,0.1912±0.0025
chestxray_densenet,LGBM,BinaryVector,PreOrder__Subset__None,micro_f1,0.1,0.1915±0.0025
chestxray_densenet,LGBM,BinaryVector,br,micro_f1,0.1,0.3101±0.0037
chestxray_densenet,LGBM,BinaryVector,cc,micro_f1,0.1,0.3097±0.0065
chestxray_densenet,LGBM,BinaryVector,clr,micro_f1,0.1,0.3649±0.0080
chestxray_densenet,LGBM,BinaryVector,ecc,micro_f1,0.1,0.3552±0.0085
chestxray_densenet,LGBM,BinaryVector,PartialOrder__Hamming__2,micro_f1,0.2,0.1926±0.0026
chestxray_densenet,LGBM,BinaryVector,PartialOrder__Hamming__None,micro_f1,0.2,0.1926±0.0026
chestxray_densenet,LGBM,BinaryVector,PartialOrder__Subset__2,micro_f1,0.2,0.1926±0.0025
chestxray_densenet,LGBM,BinaryVector,PartialOrder__Subset__None,micro_f1,0.2,0.1926±0.0026
chestxray_densenet,LGBM,BinaryVector,PreOrder__Hamming__2,micro_f1,0.2,0.1922±0.0024
chestxray_densenet,LGBM,BinaryVector,PreOrder__Hamming__None,micro_f1,0.2,0.1929±0.0022
chestxray_densenet,LGBM,BinaryVector,PreOrder__Subset__2,micro_f1,0.2,0.1920±0.0024
chestxray_densenet,LGBM,BinaryVector,PreOrder__Subset__None,micro_f1,0.2,0.1928±0.0022
chestxray_densenet,LGBM,BinaryVector,br,micro_f1,0.2,0.2764±0.0053
chestxray_densenet,LGBM,BinaryVector,cc,micro_f1,0.2,0.2759±0.0056
chestxray_densenet,LGBM,BinaryVector,clr,micro_f1,0.2,0.3325±0.0083
chestxray_densenet,LGBM,BinaryVector,ecc,micro_f1,0.2,0.3152±0.0051
chestxray_densenet,LGBM,BinaryVector,PartialOrder__Hamming__2,micro_f1,0.3,0.1924±0.0025
chestxray_densenet,LGBM,BinaryVector,PartialOrder__Hamming__None,micro_f1,0.3,0.1925±0.0024
chestxray_densenet,LGBM,BinaryVector,PartialOrder__Subset__2,micro_f1,0.3,0.1924±0.0025
chestxray_densenet,LGBM,BinaryVector,PartialOrder__Subset__None,micro_f1,0.3,0.1925±0.0024
chestxray_densenet,LGBM,BinaryVector,PreOrder__Hamming__2,micro_f1,0.3,0.1945±0.0019
chestxray_densenet,LGBM,BinaryVector,PreOrder__Hamming__None,micro_f1,0.3,0.1954±0.0020
chestxray_densenet,LGBM,BinaryVector,PreOrder__Subset__2,micro_f1,0.3,0.1941±0.0020
chestxray_densenet,LGBM,BinaryVector,PreOrder__Subset__None,micro_f1,0.3,0.1952±0.0019
chestxray_densenet,LGBM,BinaryVector,br,micro_f1,0.3,0.2441±0.0034
chestxray_densenet,LGBM,BinaryVector,cc,micro_f1,0.3,0.2466±0.0045
chestxray_densenet,LGBM,BinaryVector,clr,micro_f1,0.3,0.2618±0.0052
chestxray_densenet,LGBM,BinaryVector,ecc,micro_f1,0.3,0.2689±0.0051
chestxray_densenet,LGBM,BinaryVector,PartialOrder__Hamming__2,micro_precision,0.0,0.1078±0.0014
chestxray_densenet,LGBM,BinaryVector,PartialOrder__Hamming__None,micro_precision,0.0,0.1079±0.0014
chestxray_densenet,LGBM,BinaryVector,PartialOrder__Subset__2,micro_precision,0.0,0.1078±0.0013
chestxray_densenet,LGBM,BinaryVector,PartialOrder__Subset__None,micro_precision,0.0,0.1078±0.0014
chestxray_densenet,LGBM,BinaryVector,PreOrder__Hamming__2,micro_precision,0.0,0.1067±0.0012
chestxray_densenet,LGBM,BinaryVector,PreOrder__Hamming__None,micro_precision,0.0,0.1069±0.0012
chestxray_densenet,LGBM,BinaryVector,PreOrder__Subset__2,micro_precision,0.0,0.1066±0.0011
chestxray_densenet,LGBM,BinaryVector,PreOrder__Subset__None,micro_precision,0.0,0.1069±0.0012
chestxray_densenet,LGBM,BinaryVector,br,micro_precision,0.0,0.2708±0.0076
chestxray_densenet,LGBM,BinaryVector,cc,micro_precision,0.0,0.2575±0.0076
chestxray_densenet,LGBM,BinaryVector,clr,micro_precision,0.0,0.3351±0.0117
chestxray_densenet,LGBM,BinaryVector,ecc,micro_precision,0.0,0.3052±0.0076
chestxray_densenet,LGBM,BinaryVector,PartialOrder__Hamming__2,micro_precision,0.1,0.1072±0.0016
chestxray_densenet,LGBM,BinaryVector,PartialOrder__Hamming__None,micro_precision,0.1,0.1073±0.0016
chestxray_densenet,LGBM,BinaryVector,PartialOrder__Subset__2,micro_precision,0.1,0.1072±0.0016
chestxray_densenet,LGBM,BinaryVector,PartialOrder__Subset__None,micro_precision,0.1,0.1073±0.0016
chestxray_densenet,LGBM,BinaryVector,PreOrder__Hamming__2,micro_precision,0.1,0.1067±0.0016
chestxray_densenet,LGBM,BinaryVector,PreOrder__Hamming__None,micro_precision,0.1,0.1068±0.0016
chestxray_densenet,LGBM,BinaryVector,PreOrder__Subset__2,micro_precision,0.1,0.1066±0.0016
chestxray_densenet,LGBM,BinaryVector,PreOrder__Subset__None,micro_precision,0.1,0.1068±0.0016
chestxray_densenet,LGBM,BinaryVector,br,micro_precision,0.1,0.2101±0.0034
chestxray_densenet,LGBM,BinaryVector,cc,micro_precision,0.1,0.2079±0.0056
chestxray_densenet,LGBM,BinaryVector,clr,micro_precision,0.1,0.3189±0.0098
chestxray_densenet,LGBM,BinaryVector,ecc,micro_precision,0.1,0.2601±0.0075
chestxray_densenet,LGBM,BinaryVector,PartialOrder__Hamming__2,micro_precision,0.2,0.1069±0.0016
chestxray_densenet,LGBM,BinaryVector,PartialOrder__Hamming__None,micro_precision,0.2,0.1069±0.0016
chestxray_densenet,LGBM,BinaryVector,PartialOrder__Subset__2,micro_precision,0.2,0.1069±0.0016
chestxray_densenet,LGBM,BinaryVector,PartialOrder__Subset__None,micro_precision,0.2,0.1069±0.0016
chestxray_densenet,LGBM,BinaryVector,PreOrder__Hamming__2,micro_precision,0.2,0.1076±0.0015
chestxray_densenet,LGBM,BinaryVector,PreOrder__Hamming__None,micro_precision,0.2,0.1079±0.0014
chestxray_densenet,LGBM,BinaryVector,PreOrder__Subset__2,micro_precision,0.2,0.1075±0.0015
chestxray_densenet,LGBM,BinaryVector,PreOrder__Subset__None,micro_precision,0.2,0.1079±0.0014
chestxray_densenet,LGBM,BinaryVector,br,micro_precision,0.2,0.1791±0.0043
chestxray_densenet,LGBM,BinaryVector,cc,micro_precision,0.2,0.1787±0.0039
chestxray_densenet,LGBM,BinaryVector,clr,micro_precision,0.2,0.3164±0.0076
chestxray_densenet,LGBM,BinaryVector,ecc,micro_precision,0.2,0.2167±0.0049
chestxray_densenet,LGBM,BinaryVector,PartialOrder__Hamming__2,micro_precision,0.3,0.1069±0.0015
chestxray_densenet,LGBM,BinaryVector,PartialOrder__Hamming__None,micro_precision,0.3,0.1069±0.0015
chestxray_densenet,LGBM,BinaryVector,PartialOrder__Subset__2,micro_precision,0.3,0.1069±0.0015
chestxray_densenet,LGBM,BinaryVector,PartialOrder__Subset__None,micro_precision,0.3,0.1069±0.0015
chestxray_densenet,LGBM,BinaryVector,PreOrder__Hamming__2,micro_precision,0.3,0.1100±0.0012
chestxray_densenet,LGBM,BinaryVector,PreOrder__Hamming__None,micro_precision,0.3,0.1105±0.0012
chestxray_densenet,LGBM,BinaryVector,PreOrder__Subset__2,micro_precision,0.3,0.1098±0.0012
chestxray_densenet,LGBM,BinaryVector,PreOrder__Subset__None,micro_precision,0.3,0.1103±0.0012
chestxray_densenet,LGBM,BinaryVector,br,micro_precision,0.3,0.1536±0.0025
chestxray_densenet,LGBM,BinaryVector,cc,micro_precision,0.3,0.1550±0.0031
chestxray_densenet,LGBM,BinaryVector,clr,micro_precision,0.3,0.2874±0.0081
chestxray_densenet,LGBM,BinaryVector,ecc,micro_precision,0.3,0.1730±0.0038
chestxray_densenet,LGBM,BinaryVector,PartialOrder__Hamming__2,micro_recall,0.0,0.9579±0.0024
chestxray_densenet,LGBM,BinaryVector,PartialOrder__Hamming__None,micro_recall,0.0,0.9583±0.0025
chestxray_densenet,LGBM,BinaryVector,PartialOrder__Subset__2,micro_recall,0.0,0.9578±0.0025
chestxray_densenet,LGBM,BinaryVector,PartialOrder__Subset__None,micro_recall,0.0,0.9583±0.0025
chestxray_densenet,LGBM,BinaryVector,PreOrder__Hamming__2,micro_recall,0.0,0.9295±0.0037
chestxray_densenet,LGBM,BinaryVector,PreOrder__Hamming__None,micro_recall,0.0,0.9311±0.0030
chestxray_densenet,LGBM,BinaryVector,PreOrder__Subset__2,micro_recall,0.0,0.9291±0.0036
chestxray_densenet,LGBM,BinaryVector,PreOrder__Subset__None,micro_recall,0.0,0.9313±0.0029
chestxray_densenet,LGBM,BinaryVector,br,micro_recall,0.0,0.5655±0.0067
chestxray_densenet,LGBM,BinaryVector,cc,micro_recall,0.0,0.5992±0.0090
chestxray_densenet,LGBM,BinaryVector,clr,micro_recall,0.0,0.4395±0.0080
chestxray_densenet,LGBM,BinaryVector,ecc,micro_recall,0.0,0.5321±0.0060
chestxray_densenet,LGBM,BinaryVector,PartialOrder__Hamming__2,micro_recall,0.1,0.9711±0.0010
chestxray_densenet,LGBM,BinaryVector,PartialOrder__Hamming__None,micro_recall,0.1,0.9714±0.0010
chestxray_densenet,LGBM,BinaryVector,PartialOrder__Subset__2,micro_recall,0.1,0.9710±0.0010
chestxray_densenet,LGBM,BinaryVector,PartialOrder__Subset__None,micro_recall,0.1,0.9714±0.0010
chestxray_densenet,LGBM,BinaryVector,PreOrder__Hamming__2,micro_recall,0.1,0.9272±0.0047
chestxray_densenet,LGBM,BinaryVector,PreOrder__Hamming__None,micro_recall,0.1,0.9289±0.0044
chestxray_densenet,LGBM,BinaryVector,PreOrder__Subset__2,micro_recall,0.1,0.9263±0.0047
chestxray_densenet,LGBM,BinaryVector,PreOrder__Subset__None,micro_recall,0.1,0.9289±0.0044
chestxray_densenet,LGBM,BinaryVector,br,micro_recall,0.1,0.5920±0.0044
chestxray_densenet,LGBM,BinaryVector,cc,micro_recall,0.1,0.6069±0.0036
chestxray_densenet,LGBM,BinaryVector,clr,micro_recall,0.1,0.4265±0.0065
chestxray_densenet,LGBM,BinaryVector,ecc,micro_recall,0.1,0.5603±0.0094
chestxray_densenet,LGBM,BinaryVector,PartialOrder__Hamming__2,micro_recall,0.2,0.9696±0.0019
chestxray_densenet,LGBM,BinaryVector,PartialOrder__Hamming__None,micro_recall,0.2,0.9701±0.0019
chestxray_densenet,LGBM,BinaryVector,PartialOrder__Subset__2,micro_recall,0.2,0.9696±0.0019
chestxray_densenet,LGBM,BinaryVector,PartialOrder__Subset__None,micro_recall,0.2,0.9700±0.0019
chestxray_densenet,LGBM,BinaryVector,PreOrder__Hamming__2,micro_recall,0.2,0.8997±0.0075
chestxray_densenet,LGBM,BinaryVector,PreOrder__Hamming__None,micro_recall,0.2,0.9050±0.0069
chestxray_densenet,LGBM,BinaryVector,PreOrder__Subset__2,micro_recall,0.2,0.8989±0.0079
chestxray_densenet,LGBM,BinaryVector,PreOrder__Subset__None,micro_recall,0.2,0.9051±0.0069
chestxray_densenet,LGBM,BinaryVector,br,micro_recall,0.2,0.6053±0.0019
chestxray_densenet,LGBM,BinaryVector,cc,micro_recall,0.2,0.6048±0.0097
chestxray_densenet,LGBM,BinaryVector,clr,micro_recall,0.2,0.3506±0.0141
chestxray_densenet,LGBM,BinaryVector,ecc,micro_recall,0.2,0.5782±0.0067
chestxray_densenet,LGBM,BinaryVector,PartialOrder__Hamming__2,micro_recall,0.3,0.9636±0.0018
chestxray_densenet,LGBM,BinaryVector,PartialOrder__Hamming__None,micro_recall,0.3,0.9643±0.0018
chestxray_densenet,LGBM,BinaryVector,PartialOrder__Subset__2,micro_recall,0.3,0.9637±0.0017
chestxray_densenet,LGBM,BinaryVector,PartialOrder__Subset__None,micro_recall,0.3,0.9644±0.0018
chestxray_densenet,LGBM,BinaryVector,PreOrder__Hamming__2,micro_recall,0.3,0.8371±0.0048
chestxray_densenet,LGBM,BinaryVector,PreOrder__Hamming__None,micro_recall,0.3,0.8475±0.0058
chestxray_densenet,LGBM,BinaryVector,PreOrder__Subset__2,micro_recall,0.3,0.8352±0.0047
chestxray_densenet,LGBM,BinaryVector,PreOrder__Subset__None,micro_recall,0.3,0.8467±0.0065
chestxray_densenet,LGBM,BinaryVector,br,micro_recall,0.3,0.5938±0.0059
chestxray_densenet,LGBM,BinaryVector,cc,micro_recall,0.3,0.6025±0.0083
chestxray_densenet,LGBM,BinaryVector,clr,micro_recall,0.3,0.2406±0.0050
chestxray_densenet,LGBM,BinaryVector,ecc,micro_recall,0.3,0.6032±0.0054
chestxray_densenet,LGBM,BinaryVector,PartialOrder__Hamming__2,subset0_1,0.0,0.0045±0.0007
chestxray_densenet,LGBM,BinaryVector,PartialOrder__Hamming__None,subset0_1,0.0,0.0043±0.0007
chestxray_densenet,LGBM,BinaryVector,PartialOrder__Subset__2,subset0_1,0.0,0.0044±0.0007
chestxray_densenet,LGBM,BinaryVector,PartialOrder__Subset__None,subset0_1,0.0,0.0043±0.0007
chestxray_densenet,LGBM,BinaryVector,PreOrder__Hamming__2,subset0_1,0.0,0.0066±0.0009
chestxray_densenet,LGBM,BinaryVector,PreOrder__Hamming__None,subset0_1,0.0,0.0067±0.0010
chestxray_densenet,LGBM,BinaryVector,PreOrder__Subset__2,subset0_1,0.0,0.0065±0.0010
chestxray_densenet,LGBM,BinaryVector,PreOrder__Subset__None,subset0_1,0.0,0.0066±0.0010
chestxray_densenet,LGBM,BinaryVector,br,subset0_1,0.0,0.2204±0.0038
chestxray_densenet,LGBM,BinaryVector,cc,subset0_1,0.0,0.2221±0.0031
chestxray_densenet,LGBM,BinaryVector,clr,subset0_1,0.0,0.3152±0.0094
chestxray_densenet,LGBM,BinaryVector,ecc,subset0_1,0.0,0.2776±0.0053
chestxray_densenet,LGBM,BinaryVector,PartialOrder__Hamming__2,subset0_1,0.1,0.0015±0.0006
chestxray_densenet,LGBM,BinaryVector,PartialOrder__Hamming__None,subset0_1,0.1,0.0013±0.0005
chestxray_densenet,LGBM,BinaryVector,PartialOrder__Subset__2,subset0_1,0.1,0.0015±0.0006
chestxray_densenet,LGBM,BinaryVector,PartialOrder__Subset__None,subset0_1,0.1,0.0013±0.0005
chestxray_densenet,LGBM,BinaryVector,PreOrder__Hamming__2,subset0_1,0.1,0.0050±0.0007
chestxray_densenet,LGBM,BinaryVector,PreOrder__Hamming__None,subset0_1,0.1,0.0044±0.0006
chestxray_densenet,LGBM,BinaryVector,PreOrder__Subset__2,subset0_1,0.1,0.0050±0.0008
chestxray_densenet,LGBM,BinaryVector,PreOrder__Subset__None,subset0_1,0.1,0.0044±0.0006
chestxray_densenet,LGBM,BinaryVector,br,subset0_1,0.1,0.1324±0.0077
chestxray_densenet,LGBM,BinaryVector,cc,subset0_1,0.1,0.1333±0.0083
chestxray_densenet,LGBM,BinaryVector,clr,subset0_1,0.1,0.2986±0.0083
chestxray_densenet,LGBM,BinaryVector,ecc,subset0_1,0.1,0.2122±0.0073
chestxray_densenet,LGBM,BinaryVector,PartialOrder__Hamming__2,subset0_1,0.2,0.0004±0.0002
chestxray_densenet,LGBM,BinaryVector,PartialOrder__Hamming__None,subset0_1,0.2,0.0004±0.0002
chestxray_densenet,LGBM,BinaryVector,PartialOrder__Subset__2,subset0_1,0.2,0.0004±0.0002
chestxray_densenet,LGBM,BinaryVector,PartialOrder__Subset__None,subset0_1,0.2,0.0004±0.0002
chestxray_densenet,LGBM,BinaryVector,PreOrder__Hamming__2,subset0_1,0.2,0.0044±0.0005
chestxray_densenet,LGBM,BinaryVector,PreOrder__Hamming__None,subset0_1,0.2,0.0036±0.0008
chestxray_densenet,LGBM,BinaryVector,PreOrder__Subset__2,subset0_1,0.2,0.0046±0.0007
chestxray_densenet,LGBM,BinaryVector,PreOrder__Subset__None,subset0_1,0.2,0.0036±0.0008
chestxray_densenet,LGBM,BinaryVector,br,subset0_1,0.2,0.0689±0.0065
chestxray_densenet,LGBM,BinaryVector,cc,subset0_1,0.2,0.0675±0.0017
chestxray_densenet,LGBM,BinaryVector,clr,subset0_1,0.2,0.3143±0.0030
chestxray_densenet,LGBM,BinaryVector,ecc,subset0_1,0.2,0.1366±0.0095
chestxray_densenet,LGBM,BinaryVector,PartialOrder__Hamming__2,subset0_1,0.3,0.0001±0.0001
chestxray_densenet,LGBM,BinaryVector,PartialOrder__Hamming__None,subset0_1,0.3,0.0000±0.0001
chestxray_densenet,LGBM,BinaryVector,PartialOrder__Subset__2,subset0_1,0.3,0.0001±0.0001
chestxray_densenet,LGBM,BinaryVector,PartialOrder__Subset__None,subset0_1,0.3,0.0000±0.0001
chestxray_densenet,LGBM,BinaryVector,PreOrder__Hamming__2,subset0_1,0.3,0.0027±0.0006
chestxray_densenet,LGBM,BinaryVector,PreOrder__Hamming__None,subset0_1,0.3,0.0017±0.0003
chestxray_densenet,LGBM,BinaryVector,PreOrder__Subset__2,subset0_1,0.3,0.0029±0.0008
chestxray_densenet,LGBM,BinaryVector,PreOrder__Subset__None,subset0_1,0.3,0.0017±0.0003
chestxray_densenet,LGBM,BinaryVector,br,subset0_1,0.3,0.0319±0.0022
chestxray_densenet,LGBM,BinaryVector,cc,subset0_1,0.3,0.0308±0.0014
chestxray_densenet,LGBM,BinaryVector,clr,subset0_1,0.3,0.3272±0.0060
chestxray_densenet,LGBM,BinaryVector,ecc,subset0_1,0.3,0.0548±0.0039
chestxray_densenet,LGBM,PartialAbstention,PartialOrder__Hamming__2,aabs,0.0,0.9045±0.0031
chestxray_densenet,LGBM,PartialAbstention,PartialOrder__Hamming__None,aabs,0.0,0.9045±0.0031
chestxray_densenet,LGBM,PartialAbstention,PartialOrder__Subset__2,aabs,0.0,0.9045±0.0031
chestxray_densenet,LGBM,PartialAbstention,PartialOrder__Subset__None,aabs,0.0,0.9045±0.0031
chestxray_densenet,LGBM,PartialAbstention,PreOrder__Hamming__2,aabs,0.0,0.8813±0.0028
chestxray_densenet,LGBM,PartialAbstention,PreOrder__Hamming__None,aabs,0.0,0.8801±0.0030
chestxray_densenet,LGBM,PartialAbstention,PreOrder__Subset__2,aabs,0.0,0.8823±0.0029
chestxray_densenet,LGBM,PartialAbstention,PreOrder__Subset__None,aabs,0.0,0.8809±0.0030
chestxray_densenet,LGBM,PartialAbstention,PartialOrder__Hamming__2,aabs,0.1,0.9257±0.0042
chestxray_densenet,LGBM,PartialAbstention,PartialOrder__Hamming__None,aabs,0.1,0.9257±0.0042
chestxray_densenet,LGBM,PartialAbstention,PartialOrder__Subset__2,aabs,0.1,0.9257±0.0042
chestxray_densenet,LGBM,PartialAbstention,PartialOrder__Subset__None,aabs,0.1,0.9257±0.0042
chestxray_densenet,LGBM,PartialAbstention,PreOrder__Hamming__2,aabs,0.1,0.8743±0.0063
chestxray_densenet,LGBM,PartialAbstention,PreOrder__Hamming__None,aabs,0.1,0.8740±0.0064
chestxray_densenet,LGBM,PartialAbstention,PreOrder__Subset__2,aabs,0.1,0.8747±0.0062
chestxray_densenet,LGBM,PartialAbstention,PreOrder__Subset__None,aabs,0.1,0.8743±0.0064
chestxray_densenet,LGBM,PartialAbstention,PartialOrder__Hamming__2,aabs,0.2,0.9212±0.0034
chestxray_densenet,LGBM,PartialAbstention,PartialOrder__Hamming__None,aabs,0.2,0.9212±0.0034
chestxray_densenet,LGBM,PartialAbstention,PartialOrder__Subset__2,aabs,0.2,0.9212±0.0033
chestxray_densenet,LGBM,PartialAbstention,PartialOrder__Subset__None,aabs,0.2,0.9212±0.0034
chestxray_densenet,LGBM,PartialAbstention,PreOrder__Hamming__2,aabs,0.2,0.8149±0.0054
chestxray_densenet,LGBM,PartialAbstention,PreOrder__Hamming__None,aabs,0.2,0.8146±0.0057
chestxray_densenet,LGBM,PartialAbstention,PreOrder__Subset__2,aabs,0.2,0.8155±0.0055
chestxray_densenet,LGBM,PartialAbstention,PreOrder__Subset__None,aabs,0.2,0.8150±0.0057
chestxray_densenet,LGBM,PartialAbstention,PartialOrder__Hamming__2,aabs,0.3,0.9036±0.0054
chestxray_densenet,LGBM,PartialAbstention,PartialOrder__Hamming__None,aabs,0.3,0.9035±0.0054
chestxray_densenet,LGBM,PartialAbstention,PartialOrder__Subset__2,aabs,0.3,0.9036±0.0054
chestxray_densenet,LGBM,PartialAbstention,PartialOrder__Subset__None,aabs,0.3,0.9035±0.0054
chestxray_densenet,LGBM,PartialAbstention,PreOrder__Hamming__2,aabs,0.3,0.6705±0.0100
chestxray_densenet,LGBM,PartialAbstention,PreOrder__Hamming__None,aabs,0.3,0.6695±0.0104
chestxray_densenet,LGBM,PartialAbstention,PreOrder__Subset__2,aabs,0.3,0.6710±0.0101
chestxray_densenet,LGBM,PartialAbstention,PreOrder__Subset__None,aabs,0.3,0.6700±0.0105
chestxray_densenet,LGBM,PartialAbstention,PartialOrder__Hamming__2,abs,0.0,0.9893±0.0010
chestxray_densenet,LGBM,PartialAbstention,PartialOrder__Hamming__None,abs,0.0,0.9893±0.0010
chestxray_densenet,LGBM,PartialAbstention,PartialOrder__Subset__2,abs,0.0,0.9893±0.0010
chestxray_densenet,LGBM,PartialAbstention,PartialOrder__Subset__None,abs,0.0,0.9893±0.0010
chestxray_densenet,LGBM,PartialAbstention,PreOrder__Hamming__2,abs,0.0,0.9768±0.0025
chestxray_densenet,LGBM,PartialAbstention,PreOrder__Hamming__None,abs,0.0,0.9761±0.0023
chestxray_densenet,LGBM,PartialAbstention,PreOrder__Subset__2,abs,0.0,0.9775±0.0025
chestxray_densenet,LGBM,PartialAbstention,PreOrder__Subset__None,abs,0.0,0.9764±0.0025
chestxray_densenet,LGBM,PartialAbstention,PartialOrder__Hamming__2,abs,0.1,0.9955±0.0010
chestxray_densenet,LGBM,PartialAbstention,PartialOrder__Hamming__None,abs,0.1,0.9954±0.0011
chestxray_densenet,LGBM,PartialAbstention,PartialOrder__Subset__2,abs,0.1,0.9955±0.0010
chestxray_densenet,LGBM,PartialAbstention,PartialOrder__Subset__None,abs,0.1,0.9954±0.0011
chestxray_densenet,LGBM,PartialAbstention,PreOrder__Hamming__2,abs,0.1,0.9806±0.0024
chestxray_densenet,LGBM,PartialAbstention,PreOrder__Hamming__None,abs,0.1,0.9811±0.0022
chestxray_densenet,LGBM,PartialAbstention,PreOrder__Subset__2,abs,0.1,0.9807±0.0024
chestxray_densenet,LGBM,PartialAbstention,PreOrder__Subset__None,abs,0.1,0.9812±0.0022
chestxray_densenet,LGBM,PartialAbstention,PartialOrder__Hamming__2,abs,0.2,0.9977±0.0009
chestxray_densenet,LGBM,PartialAbstention,PartialOrder__Hamming__None,abs,0.2,0.9978±0.0008
chestxray_densenet,LGBM,PartialAbstention,PartialOrder__Subset__2,abs,0.2,0.9977±0.0009
chestxray_densenet,LGBM,PartialAbstention,PartialOrder__Subset__None,abs,0.2,0.9978±0.0008
chestxray_densenet,LGBM,PartialAbstention,PreOrder__Hamming__2,abs,0.2,0.9791±0.0033
chestxray_densenet,LGBM,PartialAbstention,PreOrder__Hamming__None,abs,0.2,0.9798±0.0041
chestxray_densenet,LGBM,PartialAbstention,PreOrder__Subset__2,abs,0.2,0.9794±0.0034
chestxray_densenet,LGBM,PartialAbstention,PreOrder__Subset__None,abs,0.2,0.9800±0.0040
chestxray_densenet,LGBM,PartialAbstention,PartialOrder__Hamming__2,abs,0.3,0.9973±0.0011
chestxray_densenet,LGBM,PartialAbstention,PartialOrder__Hamming__None,abs,0.3,0.9973±0.0011
chestxray_densenet,LGBM,PartialAbstention,PartialOrder__Subset__2,abs,0.3,0.9973±0.0011
chestxray_densenet,LGBM,PartialAbstention,PartialOrder__Subset__None,abs,0.3,0.9973±0.0011
chestxray_densenet,LGBM,PartialAbstention,PreOrder__Hamming__2,abs,0.3,0.9662±0.0069
chestxray_densenet,LGBM,PartialAbstention,PreOrder__Hamming__None,abs,0.3,0.9677±0.0069
chestxray_densenet,LGBM,PartialAbstention,PreOrder__Subset__2,abs,0.3,0.9666±0.0070
chestxray_densenet,LGBM,PartialAbstention,PreOrder__Subset__None,abs,0.3,0.9682±0.0068
chestxray_densenet,LGBM,PartialAbstention,PartialOrder__Hamming__2,arec,0.0,0.9798±0.0012
chestxray_densenet,LGBM,PartialAbstention,PartialOrder__Hamming__None,arec,0.0,0.9797±0.0011
chestxray_densenet,LGBM,PartialAbstention,PartialOrder__Subset__2,arec,0.0,0.9798±0.0012
chestxray_densenet,LGBM,PartialAbstention,PartialOrder__Subset__None,arec,0.0,0.9797±0.0011
chestxray_densenet,LGBM,PartialAbstention,PreOrder__Hamming__2,arec,0.0,0.9736±0.0012
chestxray_densenet,LGBM,PartialAbstention,PreOrder__Hamming__None,arec,0.0,0.9731±0.0011
chestxray_densenet,LGBM,PartialAbstention,PreOrder__Subset__2,arec,0.0,0.9738±0.0012
chestxray_densenet,LGBM,PartialAbstention,PreOrder__Subset__None,arec,0.0,0.9732±0.0010
chestxray_densenet,LGBM,PartialAbstention,PartialOrder__Hamming__2,arec,0.1,0.9821±0.0012
chestxray_densenet,LGBM,PartialAbstention,PartialOrder__Hamming__None,arec,0.1,0.9819±0.0012
chestxray_densenet,LGBM,PartialAbstention,PartialOrder__Subset__2,arec,0.1,0.9821±0.0012
chestxray_densenet,LGBM,PartialAbstention,PartialOrder__Subset__None,arec,0.1,0.9819±0.0012
chestxray_densenet,LGBM,PartialAbstention,PreOrder__Hamming__2,arec,0.1,0.9693±0.0019
chestxray_densenet,LGBM,PartialAbstention,PreOrder__Hamming__None,arec,0.1,0.9686±0.0020
chestxray_densenet,LGBM,PartialAbstention,PreOrder__Subset__2,arec,0.1,0.9694±0.0018
chestxray_densenet,LGBM,PartialAbstention,PreOrder__Subset__None,arec,0.1,0.9686±0.0019
chestxray_densenet,LGBM,PartialAbstention,PartialOrder__Hamming__2,arec,0.2,0.9759±0.0010
chestxray_densenet,LGBM,PartialAbstention,PartialOrder__Hamming__None,arec,0.2,0.9757±0.0010
chestxray_densenet,LGBM,PartialAbstention,PartialOrder__Subset__2,arec,0.2,0.9759±0.0010
chestxray_densenet,LGBM,PartialAbstention,PartialOrder__Subset__None,arec,0.2,0.9756±0.0010
chestxray_densenet,LGBM,PartialAbstention,PreOrder__Hamming__2,arec,0.2,0.9472±0.0018
chestxray_densenet,LGBM,PartialAbstention,PreOrder__Hamming__None,arec,0.2,0.9456±0.0022
chestxray_densenet,LGBM,PartialAbstention,PreOrder__Subset__2,arec,0.2,0.9474±0.0018
chestxray_densenet,LGBM,PartialAbstention,PreOrder__Subset__None,arec,0.2,0.9457±0.0021
chestxray_densenet,LGBM,PartialAbstention,PartialOrder__Hamming__2,arec,0.3,0.9622±0.0018
chestxray_densenet,LGBM,PartialAbstention,PartialOrder__Hamming__None,arec,0.3,0.9619±0.0017
chestxray_densenet,LGBM,PartialAbstention,PartialOrder__Subset__2,arec,0.3,0.9622±0.0017
chestxray_densenet,LGBM,PartialAbstention,PartialOrder__Subset__None,arec,0.3,0.9619±0.0017
chestxray_densenet,LGBM,PartialAbstention,PreOrder__Hamming__2,arec,0.3,0.8846±0.0033
chestxray_densenet,LGBM,PartialAbstention,PreOrder__Hamming__None,arec,0.3,0.8793±0.0040
chestxray_densenet,LGBM,PartialAbstention,PreOrder__Subset__2,arec,0.3,0.8850±0.0031
chestxray_densenet,LGBM,PartialAbstention,PreOrder__Subset__None,arec,0.3,0.8793±0.0041
chestxray_densenet,LGBM,PartialAbstention,PartialOrder__Hamming__2,f1_pa,0.0,0.4439±0.0216
chestxray_densenet,LGBM,PartialAbstention,PartialOrder__Hamming__None,f1_pa,0.0,0.4439±0.0212
chestxray_densenet,LGBM,PartialAbstention,PartialOrder__Subset__2,f1_pa,0.0,0.4438±0.0216
chestxray_densenet,LGBM,PartialAbstention,PartialOrder__Subset__None,f1_pa,0.0,0.4440±0.0212
chestxray_densenet,LGBM,PartialAbstention,PreOrder__Hamming__2,f1_pa,0.0,0.4124±0.0151
chestxray_densenet,LGBM,PartialAbstention,PreOrder__Hamming__None,f1_pa,0.0,0.4142±0.0152
chestxray_densenet,LGBM,PartialAbstention,PreOrder__Subset__2,f1_pa,0.0,0.4116±0.0150
chestxray_densenet,LGBM,PartialAbstention,PreOrder__Subset__None,f1_pa,0.0,0.4140±0.0147
chestxray_densenet,LGBM,PartialAbstention,PartialOrder__Hamming__2,f1_pa,0.1,0.4197±0.0216
chestxray_densenet,LGBM,PartialAbstention,PartialOrder__Hamming__None,f1_pa,0.1,0.4194±0.0221
chestxray_densenet,LGBM,PartialAbstention,PartialOrder__Subset__2,f1_pa,0.1,0.4196±0.0218
chestxray_densenet,LGBM,PartialAbstention,PartialOrder__Subset__None,f1_pa,0.1,0.4194±0.0220
chestxray_densenet,LGBM,PartialAbstention,PreOrder__Hamming__2,f1_pa,0.1,0.3888±0.0087
chestxray_densenet,LGBM,PartialAbstention,PreOrder__Hamming__None,f1_pa,0.1,0.3882±0.0088
chestxray_densenet,LGBM,PartialAbstention,PreOrder__Subset__2,f1_pa,0.1,0.3884±0.0081
chestxray_densenet,LGBM,PartialAbstention,PreOrder__Subset__None,f1_pa,0.1,0.3886±0.0086
chestxray_densenet,LGBM,PartialAbstention,PartialOrder__Hamming__2,f1_pa,0.2,0.3545±0.0119
chestxray_densenet,LGBM,PartialAbstention,PartialOrder__Hamming__None,f1_pa,0.2,0.3543±0.0124
chestxray_densenet,LGBM,PartialAbstention,PartialOrder__Subset__2,f1_pa,0.2,0.3543±0.0121
chestxray_densenet,LGBM,PartialAbstention,PartialOrder__Subset__None,f1_pa,0.2,0.3540±0.0125
chestxray_densenet,LGBM,PartialAbstention,PreOrder__Hamming__2,f1_pa,0.2,0.3329±0.0120
chestxray_densenet,LGBM,PartialAbstention,PreOrder__Hamming__None,f1_pa,0.2,0.3328±0.0113
chestxray_densenet,LGBM,PartialAbstention,PreOrder__Subset__2,f1_pa,0.2,0.3324±0.0126
chestxray_densenet,LGBM,PartialAbstention,PreOrder__Subset__None,f1_pa,0.2,0.3329±0.0112
chestxray_densenet,LGBM,PartialAbstention,PartialOrder__Hamming__2,f1_pa,0.3,0.2443±0.0046
chestxray_densenet,LGBM,PartialAbstention,PartialOrder__Hamming__None,f1_pa,0.3,0.2444±0.0042
chestxray_densenet,LGBM,PartialAbstention,PartialOrder__Subset__2,f1_pa,0.3,0.2448±0.0046
chestxray_densenet,LGBM,PartialAbstention,PartialOrder__Subset__None,f1_pa,0.3,0.2449±0.0043
chestxray_densenet,LGBM,PartialAbstention,PreOrder__Hamming__2,f1_pa,0.3,0.2560±0.0063
chestxray_densenet,LGBM,PartialAbstention,PreOrder__Hamming__None,f1_pa,0.3,0.2563±0.0062
chestxray_densenet,LGBM,PartialAbstention,PreOrder__Subset__2,f1_pa,0.3,0.2554±0.0060
chestxray_densenet,LGBM,PartialAbstention,PreOrder__Subset__None,f1_pa,0.3,0.2560±0.0065
chestxray_densenet,LGBM,PartialAbstention,PartialOrder__Hamming__2,hamming_accuracy_pa,0.0,0.7888±0.0058
chestxray_densenet,LGBM,PartialAbstention,PartialOrder__Hamming__None,hamming_accuracy_pa,0.0,0.7876±0.0056
chestxray_densenet,LGBM,PartialAbstention,PartialOrder__Subset__2,hamming_accuracy_pa,0.0,0.7887±0.0059
chestxray_densenet,LGBM,PartialAbstention,PartialOrder__Subset__None,hamming_accuracy_pa,0.0,0.7876±0.0056
chestxray_densenet,LGBM,PartialAbstention,PreOrder__Hamming__2,hamming_accuracy_pa,0.0,0.7777±0.0065
chestxray_densenet,LGBM,PartialAbstention,PreOrder__Hamming__None,hamming_accuracy_pa,0.0,0.7759±0.0050
chestxray_densenet,LGBM,PartialAbstention,PreOrder__Subset__2,hamming_accuracy_pa,0.0,0.7770±0.0063
chestxray_densenet,LGBM,PartialAbstention,PreOrder__Subset__None,hamming_accuracy_pa,0.0,0.7755±0.0047
chestxray_densenet,LGBM,PartialAbstention,PartialOrder__Hamming__2,hamming_accuracy_pa,0.1,0.7590±0.0072
chestxray_densenet,LGBM,PartialAbstention,PartialOrder__Hamming__None,hamming_accuracy_pa,0.1,0.7569±0.0078
chestxray_densenet,LGBM,PartialAbstention,PartialOrder__Subset__2,hamming_accuracy_pa,0.1,0.7589±0.0076
chestxray_densenet,LGBM,PartialAbstention,PartialOrder__Subset__None,hamming_accuracy_pa,0.1,0.7568±0.0077
chestxray_densenet,LGBM,PartialAbstention,PreOrder__Hamming__2,hamming_accuracy_pa,0.1,0.7559±0.0055
chestxray_densenet,LGBM,PartialAbstention,PreOrder__Hamming__None,hamming_accuracy_pa,0.1,0.7509±0.0057
chestxray_densenet,LGBM,PartialAbstention,PreOrder__Subset__2,hamming_accuracy_pa,0.1,0.7560±0.0056
chestxray_densenet,LGBM,PartialAbstention,PreOrder__Subset__None,hamming_accuracy_pa,0.1,0.7505±0.0052
chestxray_densenet,LGBM,PartialAbstention,PartialOrder__Hamming__2,hamming_accuracy_pa,0.2,0.6937±0.0046
chestxray_densenet,LGBM,PartialAbstention,PartialOrder__Hamming__None,hamming_accuracy_pa,0.2,0.6909±0.0050
chestxray_densenet,LGBM,PartialAbstention,PartialOrder__Subset__2,hamming_accuracy_pa,0.2,0.6938±0.0049
chestxray_densenet,LGBM,PartialAbstention,PartialOrder__Subset__None,hamming_accuracy_pa,0.2,0.6908±0.0052
chestxray_densenet,LGBM,PartialAbstention,PreOrder__Hamming__2,hamming_accuracy_pa,0.2,0.7146±0.0052
chestxray_densenet,LGBM,PartialAbstention,PreOrder__Hamming__None,hamming_accuracy_pa,0.2,0.7063±0.0057
chestxray_densenet,LGBM,PartialAbstention,PreOrder__Subset__2,hamming_accuracy_pa,0.2,0.7150±0.0055
chestxray_densenet,LGBM,PartialAbstention,PreOrder__Subset__None,hamming_accuracy_pa,0.2,0.7063±0.0055
chestxray_densenet,LGBM,PartialAbstention,PartialOrder__Hamming__2,hamming_accuracy_pa,0.3,0.6079±0.0044
chestxray_densenet,LGBM,PartialAbstention,PartialOrder__Hamming__None,hamming_accuracy_pa,0.3,0.6048±0.0047
chestxray_densenet,LGBM,PartialAbstention,PartialOrder__Subset__2,hamming_accuracy_pa,0.3,0.6080±0.0045
chestxray_densenet,LGBM,PartialAbstention,PartialOrder__Subset__None,hamming_accuracy_pa,0.3,0.6050±0.0047
chestxray_densenet,LGBM,PartialAbstention,PreOrder__Hamming__2,hamming_accuracy_pa,0.3,0.6499±0.0043
chestxray_densenet,LGBM,PartialAbstention,PreOrder__Hamming__None,hamming_accuracy_pa,0.3,0.6347±0.0026
chestxray_densenet,LGBM,PartialAbstention,PreOrder__Subset__2,hamming_accuracy_pa,0.3,0.6504±0.0045
chestxray_densenet,LGBM,PartialAbstention,PreOrder__Subset__None,hamming_accuracy_pa,0.3,0.6343±0.0029
chestxray_densenet,LGBM,PartialAbstention,PartialOrder__Hamming__2,rec,0.0,0.8679±0.0062
chestxray_densenet,LGBM,PartialAbstention,PartialOrder__Hamming__None,rec,0.0,0.8677±0.0061
chestxray_densenet,LGBM,PartialAbstention,PartialOrder__Subset__2,rec,0.0,0.8679±0.0062
chestxray_densenet,LGBM,PartialAbstention,PartialOrder__Subset__None,rec,0.0,0.8678±0.0061
chestxray_densenet,LGBM,PartialAbstention,PreOrder__Hamming__2,rec,0.0,0.8326±0.0066
chestxray_densenet,LGBM,PartialAbstention,PreOrder__Hamming__None,rec,0.0,0.8310±0.0068
chestxray_densenet,LGBM,PartialAbstention,PreOrder__Subset__2,rec,0.0,0.8336±0.0065
chestxray_densenet,LGBM,PartialAbstention,PreOrder__Subset__None,rec,0.0,0.8317±0.0066
chestxray_densenet,LGBM,PartialAbstention,PartialOrder__Hamming__2,rec,0.1,0.8816±0.0065
chestxray_densenet,LGBM,PartialAbstention,PartialOrder__Hamming__None,rec,0.1,0.8813±0.0066
chestxray_densenet,LGBM,PartialAbstention,PartialOrder__Subset__2,rec,0.1,0.8817±0.0066
chestxray_densenet,LGBM,PartialAbstention,PartialOrder__Subset__None,rec,0.1,0.8813±0.0065
chestxray_densenet,LGBM,PartialAbstention,PreOrder__Hamming__2,rec,0.1,0.8086±0.0085
chestxray_densenet,LGBM,PartialAbstention,PreOrder__Hamming__None,rec,0.1,0.8068±0.0084
chestxray_densenet,LGBM,PartialAbstention,PreOrder__Subset__2,rec,0.1,0.8091±0.0082
chestxray_densenet,LGBM,PartialAbstention,PreOrder__Subset__None,rec,0.1,0.8072±0.0084
chestxray_densenet,LGBM,PartialAbstention,PartialOrder__Hamming__2,rec,0.2,0.8482±0.0045
chestxray_densenet,LGBM,PartialAbstention,PartialOrder__Hamming__None,rec,0.2,0.8480±0.0045
chestxray_densenet,LGBM,PartialAbstention,PartialOrder__Subset__2,rec,0.2,0.8481±0.0046
chestxray_densenet,LGBM,PartialAbstention,PartialOrder__Subset__None,rec,0.2,0.8479±0.0046
chestxray_densenet,LGBM,PartialAbstention,PreOrder__Hamming__2,rec,0.2,0.6885±0.0088
chestxray_densenet,LGBM,PartialAbstention,PreOrder__Hamming__None,rec,0.2,0.6855±0.0088
chestxray_densenet,LGBM,PartialAbstention,PreOrder__Subset__2,rec,0.2,0.6892±0.0088
chestxray_densenet,LGBM,PartialAbstention,PreOrder__Subset__None,rec,0.2,0.6859±0.0088
chestxray_densenet,LGBM,PartialAbstention,PartialOrder__Hamming__2,rec,0.3,0.7845±0.0085
chestxray_densenet,LGBM,PartialAbstention,PartialOrder__Hamming__None,rec,0.3,0.7841±0.0087
chestxray_densenet,LGBM,PartialAbstention,PartialOrder__Subset__2,rec,0.3,0.7846±0.0085
chestxray_densenet,LGBM,PartialAbstention,PartialOrder__Subset__None,rec,0.3,0.7842±0.0086
chestxray_densenet,LGBM,PartialAbstention,PreOrder__Hamming__2,rec,0.3,0.4278±0.0113
chestxray_densenet,LGBM,PartialAbstention,PreOrder__Hamming__None,rec,0.3,0.4227±0.0120
chestxray_densenet,LGBM,PartialAbstention,PreOrder__Subset__2,rec,0.3,0.4285±0.0109
chestxray_densenet,LGBM,PartialAbstention,PreOrder__Subset__None,rec,0.3,0.4230±0.0122
chestxray_densenet,LGBM,PartialAbstention,PartialOrder__Hamming__2,subset0_1_pa,0.0,0.3654±0.0159
chestxray_densenet,LGBM,PartialAbstention,PartialOrder__Hamming__None,subset0_1_pa,0.0,0.3642±0.0159
chestxray_densenet,LGBM,PartialAbstention,PartialOrder__Subset__2,subset0_1_pa,0.0,0.3654±0.0159
chestxray_densenet,LGBM,PartialAbstention,PartialOrder__Subset__None,subset0_1_pa,0.0,0.3644±0.0157
chestxray_densenet,LGBM,PartialAbstention,PreOrder__Hamming__2,subset0_1_pa,0.0,0.3154±0.0123
chestxray_densenet,LGBM,PartialAbstention,PreOrder__Hamming__None,subset0_1_pa,0.0,0.3119±0.0122
chestxray_densenet,LGBM,PartialAbstention,PreOrder__Subset__2,subset0_1_pa,0.0,0.3161±0.0115
chestxray_densenet,LGBM,PartialAbstention,PreOrder__Subset__None,subset0_1_pa,0.0,0.3120±0.0111
chestxray_densenet,LGBM,PartialAbstention,PartialOrder__Hamming__2,subset0_1_pa,0.1,0.3461±0.0191
chestxray_densenet,LGBM,PartialAbstention,PartialOrder__Hamming__None,subset0_1_pa,0.1,0.3444±0.0195
chestxray_densenet,LGBM,PartialAbstention,PartialOrder__Subset__2,subset0_1_pa,0.1,0.3463±0.0193
chestxray_densenet,LGBM,PartialAbstention,PartialOrder__Subset__None,subset0_1_pa,0.1,0.3444±0.0194
chestxray_densenet,LGBM,PartialAbstention,PreOrder__Hamming__2,subset0_1_pa,0.1,0.2951±0.0092
chestxray_densenet,LGBM,PartialAbstention,PreOrder__Hamming__None,subset0_1_pa,0.1,0.2899±0.0075
chestxray_densenet,LGBM,PartialAbstention,PreOrder__Subset__2,subset0_1_pa,0.1,0.2953±0.0082
chestxray_densenet,LGBM,PartialAbstention,PreOrder__Subset__None,subset0_1_pa,0.1,0.2902±0.0079
chestxray_densenet,LGBM,PartialAbstention,PartialOrder__Hamming__2,subset0_1_pa,0.2,0.2778±0.0125
chestxray_densenet,LGBM,PartialAbstention,PartialOrder__Hamming__None,subset0_1_pa,0.2,0.2770±0.0140
chestxray_densenet,LGBM,PartialAbstention,PartialOrder__Subset__2,subset0_1_pa,0.2,0.2776±0.0127
chestxray_densenet,LGBM,PartialAbstention,PartialOrder__Subset__None,subset0_1_pa,0.2,0.2764±0.0142
chestxray_densenet,LGBM,PartialAbstention,PreOrder__Hamming__2,subset0_1_pa,0.2,0.2284±0.0108
chestxray_densenet,LGBM,PartialAbstention,PreOrder__Hamming__None,subset0_1_pa,0.2,0.2224±0.0097
chestxray_densenet,LGBM,PartialAbstention,PreOrder__Subset__2,subset0_1_pa,0.2,0.2292±0.0109
chestxray_densenet,LGBM,PartialAbstention,PreOrder__Subset__None,subset0_1_pa,0.2,0.2226±0.0096
chestxray_densenet,LGBM,PartialAbstention,PartialOrder__Hamming__2,subset0_1_pa,0.3,0.1717±0.0075
chestxray_densenet,LGBM,PartialAbstention,PartialOrder__Hamming__None,subset0_1_pa,0.3,0.1703±0.0076
chestxray_densenet,LGBM,PartialAbstention,PartialOrder__Subset__2,subset0_1_pa,0.3,0.1722±0.0075
chestxray_densenet,LGBM,PartialAbstention,PartialOrder__Subset__None,subset0_1_pa,0.3,0.1705±0.0075
chestxray_densenet,LGBM,PartialAbstention,PreOrder__Hamming__2,subset0_1_pa,0.3,0.1355±0.0087
chestxray_densenet,LGBM,PartialAbstention,PreOrder__Hamming__None,subset0_1_pa,0.3,0.1290±0.0086
chestxray_densenet,LGBM,PartialAbstention,PreOrder__Subset__2,subset0_1_pa,0.3,0.1364±0.0080
chestxray_densenet,LGBM,PartialAbstention,PreOrder__Subset__None,subset0_1_pa,0.3,0.1294±0.0088
chestxray_densenet,LGBM,PartialAbstention,PartialOrder__Hamming__2,aabs,0.0,0.9045±0.0031
chestxray_densenet,LGBM,PartialAbstention,PartialOrder__Hamming__None,aabs,0.0,0.9045±0.0031
chestxray_densenet,LGBM,PartialAbstention,PartialOrder__Subset__2,aabs,0.0,0.9045±0.0031
chestxray_densenet,LGBM,PartialAbstention,PartialOrder__Subset__None,aabs,0.0,0.9045±0.0031
chestxray_densenet,LGBM,PartialAbstention,PreOrder__Hamming__2,aabs,0.0,0.8813±0.0028
chestxray_densenet,LGBM,PartialAbstention,PreOrder__Hamming__None,aabs,0.0,0.8801±0.0030
chestxray_densenet,LGBM,PartialAbstention,PreOrder__Subset__2,aabs,0.0,0.8823±0.0029
chestxray_densenet,LGBM,PartialAbstention,PreOrder__Subset__None,aabs,0.0,0.8809±0.0030
chestxray_densenet,LGBM,PartialAbstention,PartialOrder__Hamming__2,aabs,0.1,0.9257±0.0042
chestxray_densenet,LGBM,PartialAbstention,PartialOrder__Hamming__None,aabs,0.1,0.9257±0.0042
chestxray_densenet,LGBM,PartialAbstention,PartialOrder__Subset__2,aabs,0.1,0.9257±0.0042
chestxray_densenet,LGBM,PartialAbstention,PartialOrder__Subset__None,aabs,0.1,0.9257±0.0042
chestxray_densenet,LGBM,PartialAbstention,PreOrder__Hamming__2,aabs,0.1,0.8743±0.0063
chestxray_densenet,LGBM,PartialAbstention,PreOrder__Hamming__None,aabs,0.1,0.8740±0.0064
chestxray_densenet,LGBM,PartialAbstention,PreOrder__Subset__2,aabs,0.1,0.8747±0.0062
chestxray_densenet,LGBM,PartialAbstention,PreOrder__Subset__None,aabs,0.1,0.8743±0.0064
chestxray_densenet,LGBM,PartialAbstention,PartialOrder__Hamming__2,aabs,0.2,0.9212±0.0034
chestxray_densenet,LGBM,PartialAbstention,PartialOrder__Hamming__None,aabs,0.2,0.9212±0.0034
chestxray_densenet,LGBM,PartialAbstention,PartialOrder__Subset__2,aabs,0.2,0.9212±0.0033
chestxray_densenet,LGBM,PartialAbstention,PartialOrder__Subset__None,aabs,0.2,0.9212±0.0034
chestxray_densenet,LGBM,PartialAbstention,PreOrder__Hamming__2,aabs,0.2,0.8149±0.0054
chestxray_densenet,LGBM,PartialAbstention,PreOrder__Hamming__None,aabs,0.2,0.8146±0.0057
chestxray_densenet,LGBM,PartialAbstention,PreOrder__Subset__2,aabs,0.2,0.8155±0.0055
chestxray_densenet,LGBM,PartialAbstention,PreOrder__Subset__None,aabs,0.2,0.8150±0.0057
chestxray_densenet,LGBM,PartialAbstention,PartialOrder__Hamming__2,aabs,0.3,0.9036±0.0054
chestxray_densenet,LGBM,PartialAbstention,PartialOrder__Hamming__None,aabs,0.3,0.9035±0.0054
chestxray_densenet,LGBM,PartialAbstention,PartialOrder__Subset__2,aabs,0.3,0.9036±0.0054
chestxray_densenet,LGBM,PartialAbstention,PartialOrder__Subset__None,aabs,0.3,0.9035±0.0054
chestxray_densenet,LGBM,PartialAbstention,PreOrder__Hamming__2,aabs,0.3,0.6705±0.0100
chestxray_densenet,LGBM,PartialAbstention,PreOrder__Hamming__None,aabs,0.3,0.6695±0.0104
chestxray_densenet,LGBM,PartialAbstention,PreOrder__Subset__2,aabs,0.3,0.6710±0.0101
chestxray_densenet,LGBM,PartialAbstention,PreOrder__Subset__None,aabs,0.3,0.6700±0.0105
chestxray_densenet,LGBM,PartialAbstention,PartialOrder__Hamming__2,abs,0.0,0.9893±0.0010
chestxray_densenet,LGBM,PartialAbstention,PartialOrder__Hamming__None,abs,0.0,0.9893±0.0010
chestxray_densenet,LGBM,PartialAbstention,PartialOrder__Subset__2,abs,0.0,0.9893±0.0010
chestxray_densenet,LGBM,PartialAbstention,PartialOrder__Subset__None,abs,0.0,0.9893±0.0010
chestxray_densenet,LGBM,PartialAbstention,PreOrder__Hamming__2,abs,0.0,0.9768±0.0025
chestxray_densenet,LGBM,PartialAbstention,PreOrder__Hamming__None,abs,0.0,0.9761±0.0023
chestxray_densenet,LGBM,PartialAbstention,PreOrder__Subset__2,abs,0.0,0.9775±0.0025
chestxray_densenet,LGBM,PartialAbstention,PreOrder__Subset__None,abs,0.0,0.9764±0.0025
chestxray_densenet,LGBM,PartialAbstention,PartialOrder__Hamming__2,abs,0.1,0.9955±0.0010
chestxray_densenet,LGBM,PartialAbstention,PartialOrder__Hamming__None,abs,0.1,0.9954±0.0011
chestxray_densenet,LGBM,PartialAbstention,PartialOrder__Subset__2,abs,0.1,0.9955±0.0010
chestxray_densenet,LGBM,PartialAbstention,PartialOrder__Subset__None,abs,0.1,0.9954±0.0011
chestxray_densenet,LGBM,PartialAbstention,PreOrder__Hamming__2,abs,0.1,0.9806±0.0024
chestxray_densenet,LGBM,PartialAbstention,PreOrder__Hamming__None,abs,0.1,0.9811±0.0022
chestxray_densenet,LGBM,PartialAbstention,PreOrder__Subset__2,abs,0.1,0.9807±0.0024
chestxray_densenet,LGBM,PartialAbstention,PreOrder__Subset__None,abs,0.1,0.9812±0.0022
chestxray_densenet,LGBM,PartialAbstention,PartialOrder__Hamming__2,abs,0.2,0.9977±0.0009
chestxray_densenet,LGBM,PartialAbstention,PartialOrder__Hamming__None,abs,0.2,0.9978±0.0008
chestxray_densenet,LGBM,PartialAbstention,PartialOrder__Subset__2,abs,0.2,0.9977±0.0009
chestxray_densenet,LGBM,PartialAbstention,PartialOrder__Subset__None,abs,0.2,0.9978±0.0008
chestxray_densenet,LGBM,PartialAbstention,PreOrder__Hamming__2,abs,0.2,0.9791±0.0033
chestxray_densenet,LGBM,PartialAbstention,PreOrder__Hamming__None,abs,0.2,0.9798±0.0041
chestxray_densenet,LGBM,PartialAbstention,PreOrder__Subset__2,abs,0.2,0.9794±0.0034
chestxray_densenet,LGBM,PartialAbstention,PreOrder__Subset__None,abs,0.2,0.9800±0.0040
chestxray_densenet,LGBM,PartialAbstention,PartialOrder__Hamming__2,abs,0.3,0.9973±0.0011
chestxray_densenet,LGBM,PartialAbstention,PartialOrder__Hamming__None,abs,0.3,0.9973±0.0011
chestxray_densenet,LGBM,PartialAbstention,PartialOrder__Subset__2,abs,0.3,0.9973±0.0011
chestxray_densenet,LGBM,PartialAbstention,PartialOrder__Subset__None,abs,0.3,0.9973±0.0011
chestxray_densenet,LGBM,PartialAbstention,PreOrder__Hamming__2,abs,0.3,0.9662±0.0069
chestxray_densenet,LGBM,PartialAbstention,PreOrder__Hamming__None,abs,0.3,0.9677±0.0069
chestxray_densenet,LGBM,PartialAbstention,PreOrder__Subset__2,abs,0.3,0.9666±0.0070
chestxray_densenet,LGBM,PartialAbstention,PreOrder__Subset__None,abs,0.3,0.9682±0.0068
chestxray_densenet,LGBM,PartialAbstention,PartialOrder__Hamming__2,arec,0.0,0.9798±0.0012
chestxray_densenet,LGBM,PartialAbstention,PartialOrder__Hamming__None,arec,0.0,0.9797±0.0011
chestxray_densenet,LGBM,PartialAbstention,PartialOrder__Subset__2,arec,0.0,0.9798±0.0012
chestxray_densenet,LGBM,PartialAbstention,PartialOrder__Subset__None,arec,0.0,0.9797±0.0011
chestxray_densenet,LGBM,PartialAbstention,PreOrder__Hamming__2,arec,0.0,0.9736±0.0012
chestxray_densenet,LGBM,PartialAbstention,PreOrder__Hamming__None,arec,0.0,0.9731±0.0011
chestxray_densenet,LGBM,PartialAbstention,PreOrder__Subset__2,arec,0.0,0.9738±0.0012
chestxray_densenet,LGBM,PartialAbstention,PreOrder__Subset__None,arec,0.0,0.9732±0.0010
chestxray_densenet,LGBM,PartialAbstention,PartialOrder__Hamming__2,arec,0.1,0.9821±0.0012
chestxray_densenet,LGBM,PartialAbstention,PartialOrder__Hamming__None,arec,0.1,0.9819±0.0012
chestxray_densenet,LGBM,PartialAbstention,PartialOrder__Subset__2,arec,0.1,0.9821±0.0012
chestxray_densenet,LGBM,PartialAbstention,PartialOrder__Subset__None,arec,0.1,0.9819±0.0012
chestxray_densenet,LGBM,PartialAbstention,PreOrder__Hamming__2,arec,0.1,0.9693±0.0019
chestxray_densenet,LGBM,PartialAbstention,PreOrder__Hamming__None,arec,0.1,0.9686±0.0020
chestxray_densenet,LGBM,PartialAbstention,PreOrder__Subset__2,arec,0.1,0.9694±0.0018
chestxray_densenet,LGBM,PartialAbstention,PreOrder__Subset__None,arec,0.1,0.9686±0.0019
chestxray_densenet,LGBM,PartialAbstention,PartialOrder__Hamming__2,arec,0.2,0.9759±0.0010
chestxray_densenet,LGBM,PartialAbstention,PartialOrder__Hamming__None,arec,0.2,0.9757±0.0010
chestxray_densenet,LGBM,PartialAbstention,PartialOrder__Subset__2,arec,0.2,0.9759±0.0010
chestxray_densenet,LGBM,PartialAbstention,PartialOrder__Subset__None,arec,0.2,0.9756±0.0010
chestxray_densenet,LGBM,PartialAbstention,PreOrder__Hamming__2,arec,0.2,0.9472±0.0018
chestxray_densenet,LGBM,PartialAbstention,PreOrder__Hamming__None,arec,0.2,0.9456±0.0022
chestxray_densenet,LGBM,PartialAbstention,PreOrder__Subset__2,arec,0.2,0.9474±0.0018
chestxray_densenet,LGBM,PartialAbstention,PreOrder__Subset__None,arec,0.2,0.9457±0.0021
chestxray_densenet,LGBM,PartialAbstention,PartialOrder__Hamming__2,arec,0.3,0.9622±0.0018
chestxray_densenet,LGBM,PartialAbstention,PartialOrder__Hamming__None,arec,0.3,0.9619±0.0017
chestxray_densenet,LGBM,PartialAbstention,PartialOrder__Subset__2,arec,0.3,0.9622±0.0017
chestxray_densenet,LGBM,PartialAbstention,PartialOrder__Subset__None,arec,0.3,0.9619±0.0017
chestxray_densenet,LGBM,PartialAbstention,PreOrder__Hamming__2,arec,0.3,0.8846±0.0033
chestxray_densenet,LGBM,PartialAbstention,PreOrder__Hamming__None,arec,0.3,0.8793±0.0040
chestxray_densenet,LGBM,PartialAbstention,PreOrder__Subset__2,arec,0.3,0.8850±0.0031
chestxray_densenet,LGBM,PartialAbstention,PreOrder__Subset__None,arec,0.3,0.8793±0.0041
chestxray_densenet,LGBM,PartialAbstention,PartialOrder__Hamming__2,f1_pa,0.0,0.4439±0.0216
chestxray_densenet,LGBM,PartialAbstention,PartialOrder__Hamming__None,f1_pa,0.0,0.4439±0.0212
chestxray_densenet,LGBM,PartialAbstention,PartialOrder__Subset__2,f1_pa,0.0,0.4438±0.0216
chestxray_densenet,LGBM,PartialAbstention,PartialOrder__Subset__None,f1_pa,0.0,0.4440±0.0212
chestxray_densenet,LGBM,PartialAbstention,PreOrder__Hamming__2,f1_pa,0.0,0.4124±0.0151
chestxray_densenet,LGBM,PartialAbstention,PreOrder__Hamming__None,f1_pa,0.0,0.4142±0.0152
chestxray_densenet,LGBM,PartialAbstention,PreOrder__Subset__2,f1_pa,0.0,0.4116±0.0150
chestxray_densenet,LGBM,PartialAbstention,PreOrder__Subset__None,f1_pa,0.0,0.4140±0.0147
chestxray_densenet,LGBM,PartialAbstention,PartialOrder__Hamming__2,f1_pa,0.1,0.4197±0.0216
chestxray_densenet,LGBM,PartialAbstention,PartialOrder__Hamming__None,f1_pa,0.1,0.4194±0.0221
chestxray_densenet,LGBM,PartialAbstention,PartialOrder__Subset__2,f1_pa,0.1,0.4196±0.0218
chestxray_densenet,LGBM,PartialAbstention,PartialOrder__Subset__None,f1_pa,0.1,0.4194±0.0220
chestxray_densenet,LGBM,PartialAbstention,PreOrder__Hamming__2,f1_pa,0.1,0.3888±0.0087
chestxray_densenet,LGBM,PartialAbstention,PreOrder__Hamming__None,f1_pa,0.1,0.3882±0.0088
chestxray_densenet,LGBM,PartialAbstention,PreOrder__Subset__2,f1_pa,0.1,0.3884±0.0081
chestxray_densenet,LGBM,PartialAbstention,PreOrder__Subset__None,f1_pa,0.1,0.3886±0.0086
chestxray_densenet,LGBM,PartialAbstention,PartialOrder__Hamming__2,f1_pa,0.2,0.3545±0.0119
chestxray_densenet,LGBM,PartialAbstention,PartialOrder__Hamming__None,f1_pa,0.2,0.3543±0.0124
chestxray_densenet,LGBM,PartialAbstention,PartialOrder__Subset__2,f1_pa,0.2,0.3543±0.0121
chestxray_densenet,LGBM,PartialAbstention,PartialOrder__Subset__None,f1_pa,0.2,0.3540±0.0125
chestxray_densenet,LGBM,PartialAbstention,PreOrder__Hamming__2,f1_pa,0.2,0.3329±0.0120
chestxray_densenet,LGBM,PartialAbstention,PreOrder__Hamming__None,f1_pa,0.2,0.3328±0.0113
chestxray_densenet,LGBM,PartialAbstention,PreOrder__Subset__2,f1_pa,0.2,0.3324±0.0126
chestxray_densenet,LGBM,PartialAbstention,PreOrder__Subset__None,f1_pa,0.2,0.3329±0.0112
chestxray_densenet,LGBM,PartialAbstention,PartialOrder__Hamming__2,f1_pa,0.3,0.2443±0.0046
chestxray_densenet,LGBM,PartialAbstention,PartialOrder__Hamming__None,f1_pa,0.3,0.2444±0.0042
chestxray_densenet,LGBM,PartialAbstention,PartialOrder__Subset__2,f1_pa,0.3,0.2448±0.0046
chestxray_densenet,LGBM,PartialAbstention,PartialOrder__Subset__None,f1_pa,0.3,0.2449±0.0043
chestxray_densenet,LGBM,PartialAbstention,PreOrder__Hamming__2,f1_pa,0.3,0.2560±0.0063
chestxray_densenet,LGBM,PartialAbstention,PreOrder__Hamming__None,f1_pa,0.3,0.2563±0.0062
chestxray_densenet,LGBM,PartialAbstention,PreOrder__Subset__2,f1_pa,0.3,0.2554±0.0060
chestxray_densenet,LGBM,PartialAbstention,PreOrder__Subset__None,f1_pa,0.3,0.2560±0.0065
chestxray_densenet,LGBM,PartialAbstention,PartialOrder__Hamming__2,hamming_accuracy_pa,0.0,0.7888±0.0058
chestxray_densenet,LGBM,PartialAbstention,PartialOrder__Hamming__None,hamming_accuracy_pa,0.0,0.7876±0.0056
chestxray_densenet,LGBM,PartialAbstention,PartialOrder__Subset__2,hamming_accuracy_pa,0.0,0.7887±0.0059
chestxray_densenet,LGBM,PartialAbstention,PartialOrder__Subset__None,hamming_accuracy_pa,0.0,0.7876±0.0056
chestxray_densenet,LGBM,PartialAbstention,PreOrder__Hamming__2,hamming_accuracy_pa,0.0,0.7777±0.0065
chestxray_densenet,LGBM,PartialAbstention,PreOrder__Hamming__None,hamming_accuracy_pa,0.0,0.7759±0.0050
chestxray_densenet,LGBM,PartialAbstention,PreOrder__Subset__2,hamming_accuracy_pa,0.0,0.7770±0.0063
chestxray_densenet,LGBM,PartialAbstention,PreOrder__Subset__None,hamming_accuracy_pa,0.0,0.7755±0.0047
chestxray_densenet,LGBM,PartialAbstention,PartialOrder__Hamming__2,hamming_accuracy_pa,0.1,0.7590±0.0072
chestxray_densenet,LGBM,PartialAbstention,PartialOrder__Hamming__None,hamming_accuracy_pa,0.1,0.7569±0.0078
chestxray_densenet,LGBM,PartialAbstention,PartialOrder__Subset__2,hamming_accuracy_pa,0.1,0.7589±0.0076
chestxray_densenet,LGBM,PartialAbstention,PartialOrder__Subset__None,hamming_accuracy_pa,0.1,0.7568±0.0077
chestxray_densenet,LGBM,PartialAbstention,PreOrder__Hamming__2,hamming_accuracy_pa,0.1,0.7559±0.0055
chestxray_densenet,LGBM,PartialAbstention,PreOrder__Hamming__None,hamming_accuracy_pa,0.1,0.7509±0.0057
chestxray_densenet,LGBM,PartialAbstention,PreOrder__Subset__2,hamming_accuracy_pa,0.1,0.7560±0.0056
chestxray_densenet,LGBM,PartialAbstention,PreOrder__Subset__None,hamming_accuracy_pa,0.1,0.7505±0.0052
chestxray_densenet,LGBM,PartialAbstention,PartialOrder__Hamming__2,hamming_accuracy_pa,0.2,0.6937±0.0046
chestxray_densenet,LGBM,PartialAbstention,PartialOrder__Hamming__None,hamming_accuracy_pa,0.2,0.6909±0.0050
chestxray_densenet,LGBM,PartialAbstention,PartialOrder__Subset__2,hamming_accuracy_pa,0.2,0.6938±0.0049
chestxray_densenet,LGBM,PartialAbstention,PartialOrder__Subset__None,hamming_accuracy_pa,0.2,0.6908±0.0052
chestxray_densenet,LGBM,PartialAbstention,PreOrder__Hamming__2,hamming_accuracy_pa,0.2,0.7146±0.0052
chestxray_densenet,LGBM,PartialAbstention,PreOrder__Hamming__None,hamming_accuracy_pa,0.2,0.7063±0.0057
chestxray_densenet,LGBM,PartialAbstention,PreOrder__Subset__2,hamming_accuracy_pa,0.2,0.7150±0.0055
chestxray_densenet,LGBM,PartialAbstention,PreOrder__Subset__None,hamming_accuracy_pa,0.2,0.7063±0.0055
chestxray_densenet,LGBM,PartialAbstention,PartialOrder__Hamming__2,hamming_accuracy_pa,0.3,0.6079±0.0044
chestxray_densenet,LGBM,PartialAbstention,PartialOrder__Hamming__None,hamming_accuracy_pa,0.3,0.6048±0.0047
chestxray_densenet,LGBM,PartialAbstention,PartialOrder__Subset__2,hamming_accuracy_pa,0.3,0.6080±0.0045
chestxray_densenet,LGBM,PartialAbstention,PartialOrder__Subset__None,hamming_accuracy_pa,0.3,0.6050±0.0047
chestxray_densenet,LGBM,PartialAbstention,PreOrder__Hamming__2,hamming_accuracy_pa,0.3,0.6499±0.0043
chestxray_densenet,LGBM,PartialAbstention,PreOrder__Hamming__None,hamming_accuracy_pa,0.3,0.6347±0.0026
chestxray_densenet,LGBM,PartialAbstention,PreOrder__Subset__2,hamming_accuracy_pa,0.3,0.6504±0.0045
chestxray_densenet,LGBM,PartialAbstention,PreOrder__Subset__None,hamming_accuracy_pa,0.3,0.6343±0.0029
chestxray_densenet,LGBM,PartialAbstention,PartialOrder__Hamming__2,rec,0.0,0.8679±0.0062
chestxray_densenet,LGBM,PartialAbstention,PartialOrder__Hamming__None,rec,0.0,0.8677±0.0061
chestxray_densenet,LGBM,PartialAbstention,PartialOrder__Subset__2,rec,0.0,0.8679±0.0062
chestxray_densenet,LGBM,PartialAbstention,PartialOrder__Subset__None,rec,0.0,0.8678±0.0061
chestxray_densenet,LGBM,PartialAbstention,PreOrder__Hamming__2,rec,0.0,0.8326±0.0066
chestxray_densenet,LGBM,PartialAbstention,PreOrder__Hamming__None,rec,0.0,0.8310±0.0068
chestxray_densenet,LGBM,PartialAbstention,PreOrder__Subset__2,rec,0.0,0.8336±0.0065
chestxray_densenet,LGBM,PartialAbstention,PreOrder__Subset__None,rec,0.0,0.8317±0.0066
chestxray_densenet,LGBM,PartialAbstention,PartialOrder__Hamming__2,rec,0.1,0.8816±0.0065
chestxray_densenet,LGBM,PartialAbstention,PartialOrder__Hamming__None,rec,0.1,0.8813±0.0066
chestxray_densenet,LGBM,PartialAbstention,PartialOrder__Subset__2,rec,0.1,0.8817±0.0066
chestxray_densenet,LGBM,PartialAbstention,PartialOrder__Subset__None,rec,0.1,0.8813±0.0065
chestxray_densenet,LGBM,PartialAbstention,PreOrder__Hamming__2,rec,0.1,0.8086±0.0085
chestxray_densenet,LGBM,PartialAbstention,PreOrder__Hamming__None,rec,0.1,0.8068±0.0084
chestxray_densenet,LGBM,PartialAbstention,PreOrder__Subset__2,rec,0.1,0.8091±0.0082
chestxray_densenet,LGBM,PartialAbstention,PreOrder__Subset__None,rec,0.1,0.8072±0.0084
chestxray_densenet,LGBM,PartialAbstention,PartialOrder__Hamming__2,rec,0.2,0.8482±0.0045
chestxray_densenet,LGBM,PartialAbstention,PartialOrder__Hamming__None,rec,0.2,0.8480±0.0045
chestxray_densenet,LGBM,PartialAbstention,PartialOrder__Subset__2,rec,0.2,0.8481±0.0046
chestxray_densenet,LGBM,PartialAbstention,PartialOrder__Subset__None,rec,0.2,0.8479±0.0046
chestxray_densenet,LGBM,PartialAbstention,PreOrder__Hamming__2,rec,0.2,0.6885±0.0088
chestxray_densenet,LGBM,PartialAbstention,PreOrder__Hamming__None,rec,0.2,0.6855±0.0088
chestxray_densenet,LGBM,PartialAbstention,PreOrder__Subset__2,rec,0.2,0.6892±0.0088
chestxray_densenet,LGBM,PartialAbstention,PreOrder__Subset__None,rec,0.2,0.6859±0.0088
chestxray_densenet,LGBM,PartialAbstention,PartialOrder__Hamming__2,rec,0.3,0.7845±0.0085
chestxray_densenet,LGBM,PartialAbstention,PartialOrder__Hamming__None,rec,0.3,0.7841±0.0087
chestxray_densenet,LGBM,PartialAbstention,PartialOrder__Subset__2,rec,0.3,0.7846±0.0085
chestxray_densenet,LGBM,PartialAbstention,PartialOrder__Subset__None,rec,0.3,0.7842±0.0086
chestxray_densenet,LGBM,PartialAbstention,PreOrder__Hamming__2,rec,0.3,0.4278±0.0113
chestxray_densenet,LGBM,PartialAbstention,PreOrder__Hamming__None,rec,0.3,0.4227±0.0120
chestxray_densenet,LGBM,PartialAbstention,PreOrder__Subset__2,rec,0.3,0.4285±0.0109
chestxray_densenet,LGBM,PartialAbstention,PreOrder__Subset__None,rec,0.3,0.4230±0.0122
chestxray_densenet,LGBM,PartialAbstention,PartialOrder__Hamming__2,subset0_1_pa,0.0,0.3654±0.0159
chestxray_densenet,LGBM,PartialAbstention,PartialOrder__Hamming__None,subset0_1_pa,0.0,0.3642±0.0159
chestxray_densenet,LGBM,PartialAbstention,PartialOrder__Subset__2,subset0_1_pa,0.0,0.3654±0.0159
chestxray_densenet,LGBM,PartialAbstention,PartialOrder__Subset__None,subset0_1_pa,0.0,0.3644±0.0157
chestxray_densenet,LGBM,PartialAbstention,PreOrder__Hamming__2,subset0_1_pa,0.0,0.3154±0.0123
chestxray_densenet,LGBM,PartialAbstention,PreOrder__Hamming__None,subset0_1_pa,0.0,0.3119±0.0122
chestxray_densenet,LGBM,PartialAbstention,PreOrder__Subset__2,subset0_1_pa,0.0,0.3161±0.0115
chestxray_densenet,LGBM,PartialAbstention,PreOrder__Subset__None,subset0_1_pa,0.0,0.3120±0.0111
chestxray_densenet,LGBM,PartialAbstention,PartialOrder__Hamming__2,subset0_1_pa,0.1,0.3461±0.0191
chestxray_densenet,LGBM,PartialAbstention,PartialOrder__Hamming__None,subset0_1_pa,0.1,0.3444±0.0195
chestxray_densenet,LGBM,PartialAbstention,PartialOrder__Subset__2,subset0_1_pa,0.1,0.3463±0.0193
chestxray_densenet,LGBM,PartialAbstention,PartialOrder__Subset__None,subset0_1_pa,0.1,0.3444±0.0194
chestxray_densenet,LGBM,PartialAbstention,PreOrder__Hamming__2,subset0_1_pa,0.1,0.2951±0.0092
chestxray_densenet,LGBM,PartialAbstention,PreOrder__Hamming__None,subset0_1_pa,0.1,0.2899±0.0075
chestxray_densenet,LGBM,PartialAbstention,PreOrder__Subset__2,subset0_1_pa,0.1,0.2953±0.0082
chestxray_densenet,LGBM,PartialAbstention,PreOrder__Subset__None,subset0_1_pa,0.1,0.2902±0.0079
chestxray_densenet,LGBM,PartialAbstention,PartialOrder__Hamming__2,subset0_1_pa,0.2,0.2778±0.0125
chestxray_densenet,LGBM,PartialAbstention,PartialOrder__Hamming__None,subset0_1_pa,0.2,0.2770±0.0140
chestxray_densenet,LGBM,PartialAbstention,PartialOrder__Subset__2,subset0_1_pa,0.2,0.2776±0.0127
chestxray_densenet,LGBM,PartialAbstention,PartialOrder__Subset__None,subset0_1_pa,0.2,0.2764±0.0142
chestxray_densenet,LGBM,PartialAbstention,PreOrder__Hamming__2,subset0_1_pa,0.2,0.2284±0.0108
chestxray_densenet,LGBM,PartialAbstention,PreOrder__Hamming__None,subset0_1_pa,0.2,0.2224±0.0097
chestxray_densenet,LGBM,PartialAbstention,PreOrder__Subset__2,subset0_1_pa,0.2,0.2292±0.0109
chestxray_densenet,LGBM,PartialAbstention,PreOrder__Subset__None,subset0_1_pa,0.2,0.2226±0.0096
chestxray_densenet,LGBM,PartialAbstention,PartialOrder__Hamming__2,subset0_1_pa,0.3,0.1717±0.0075
chestxray_densenet,LGBM,PartialAbstention,PartialOrder__Hamming__None,subset0_1_pa,0.3,0.1703±0.0076
chestxray_densenet,LGBM,PartialAbstention,PartialOrder__Subset__2,subset0_1_pa,0.3,0.1722±0.0075
chestxray_densenet,LGBM,PartialAbstention,PartialOrder__Subset__None,subset0_1_pa,0.3,0.1705±0.0075
chestxray_densenet,LGBM,PartialAbstention,PreOrder__Hamming__2,subset0_1_pa,0.3,0.1355±0.0087
chestxray_densenet,LGBM,PartialAbstention,PreOrder__Hamming__None,subset0_1_pa,0.3,0.1290±0.0086
chestxray_densenet,LGBM,PartialAbstention,PreOrder__Subset__2,subset0_1_pa,0.3,0.1364±0.0080
chestxray_densenet,LGBM,PartialAbstention,PreOrder__Subset__None,subset0_1_pa,0.3,0.1294±0.0088
chestxray_densenet,LGBM,ScoreVector,PartialOrder__Hamming__2,auc_macro,0.0,0.7285±0.0072
chestxray_densenet,LGBM,ScoreVector,PartialOrder__Hamming__None,auc_macro,0.0,0.7285±0.0072
chestxray_densenet,LGBM,ScoreVector,PartialOrder__Subset__2,auc_macro,0.0,0.7285±0.0072
chestxray_densenet,LGBM,ScoreVector,PartialOrder__Subset__None,auc_macro,0.0,0.7285±0.0072
chestxray_densenet,LGBM,ScoreVector,PreOrder__Hamming__2,auc_macro,0.0,0.7285±0.0072
chestxray_densenet,LGBM,ScoreVector,PreOrder__Hamming__None,auc_macro,0.0,0.7285±0.0072
chestxray_densenet,LGBM,ScoreVector,PreOrder__Subset__2,auc_macro,0.0,0.7285±0.0072
chestxray_densenet,LGBM,ScoreVector,PreOrder__Subset__None,auc_macro,0.0,0.7285±0.0072
chestxray_densenet,LGBM,ScoreVector,br,auc_macro,0.0,0.7285±0.0072
chestxray_densenet,LGBM,ScoreVector,cc,auc_macro,0.0,0.7285±0.0075
chestxray_densenet,LGBM,ScoreVector,clr,auc_macro,0.0,0.7080±0.0048
chestxray_densenet,LGBM,ScoreVector,ecc,auc_macro,0.0,0.7405±0.0047
chestxray_densenet,LGBM,ScoreVector,PartialOrder__Hamming__2,auc_macro,0.1,0.6908±0.0028
chestxray_densenet,LGBM,ScoreVector,PartialOrder__Hamming__None,auc_macro,0.1,0.6908±0.0028
chestxray_densenet,LGBM,ScoreVector,PartialOrder__Subset__2,auc_macro,0.1,0.6908±0.0028
chestxray_densenet,LGBM,ScoreVector,PartialOrder__Subset__None,auc_macro,0.1,0.6908±0.0028
chestxray_densenet,LGBM,ScoreVector,PreOrder__Hamming__2,auc_macro,0.1,0.6908±0.0028
chestxray_densenet,LGBM,ScoreVector,PreOrder__Hamming__None,auc_macro,0.1,0.6908±0.0028
chestxray_densenet,LGBM,ScoreVector,PreOrder__Subset__2,auc_macro,0.1,0.6908±0.0028
chestxray_densenet,LGBM,ScoreVector,PreOrder__Subset__None,auc_macro,0.1,0.6908±0.0028
chestxray_densenet,LGBM,ScoreVector,br,auc_macro,0.1,0.6887±0.0071
chestxray_densenet,LGBM,ScoreVector,cc,auc_macro,0.1,0.6853±0.0070
chestxray_densenet,LGBM,ScoreVector,clr,auc_macro,0.1,0.6820±0.0052
chestxray_densenet,LGBM,ScoreVector,ecc,auc_macro,0.1,0.7072±0.0086
chestxray_densenet,LGBM,ScoreVector,PartialOrder__Hamming__2,auc_macro,0.2,0.6596±0.0085
chestxray_densenet,LGBM,ScoreVector,PartialOrder__Hamming__None,auc_macro,0.2,0.6596±0.0085
chestxray_densenet,LGBM,ScoreVector,PartialOrder__Subset__2,auc_macro,0.2,0.6596±0.0085
chestxray_densenet,LGBM,ScoreVector,PartialOrder__Subset__None,auc_macro,0.2,0.6596±0.0085
chestxray_densenet,LGBM,ScoreVector,PreOrder__Hamming__2,auc_macro,0.2,0.6596±0.0085
chestxray_densenet,LGBM,ScoreVector,PreOrder__Hamming__None,auc_macro,0.2,0.6596±0.0085
chestxray_densenet,LGBM,ScoreVector,PreOrder__Subset__2,auc_macro,0.2,0.6596±0.0085
chestxray_densenet,LGBM,ScoreVector,PreOrder__Subset__None,auc_macro,0.2,0.6596±0.0085
chestxray_densenet,LGBM,ScoreVector,br,auc_macro,0.2,0.6620±0.0040
chestxray_densenet,LGBM,ScoreVector,cc,auc_macro,0.2,0.6576±0.0045
chestxray_densenet,LGBM,ScoreVector,clr,auc_macro,0.2,0.6584±0.0080
chestxray_densenet,LGBM,ScoreVector,ecc,auc_macro,0.2,0.6843±0.0033
chestxray_densenet,LGBM,ScoreVector,PartialOrder__Hamming__2,auc_macro,0.3,0.6221±0.0064
chestxray_densenet,LGBM,ScoreVector,PartialOrder__Hamming__None,auc_macro,0.3,0.6221±0.0064
chestxray_densenet,LGBM,ScoreVector,PartialOrder__Subset__2,auc_macro,0.3,0.6221±0.0064
chestxray_densenet,LGBM,ScoreVector,PartialOrder__Subset__None,auc_macro,0.3,0.6221±0.0064
chestxray_densenet,LGBM,ScoreVector,PreOrder__Hamming__2,auc_macro,0.3,0.6221±0.0064
chestxray_densenet,LGBM,ScoreVector,PreOrder__Hamming__None,auc_macro,0.3,0.6221±0.0064
chestxray_densenet,LGBM,ScoreVector,PreOrder__Subset__2,auc_macro,0.3,0.6221±0.0064
chestxray_densenet,LGBM,ScoreVector,PreOrder__Subset__None,auc_macro,0.3,0.6221±0.0064
chestxray_densenet,LGBM,ScoreVector,br,auc_macro,0.3,0.6249±0.0074
chestxray_densenet,LGBM,ScoreVector,cc,auc_macro,0.3,0.6230±0.0059
chestxray_densenet,LGBM,ScoreVector,clr,auc_macro,0.3,0.6279±0.0041
chestxray_densenet,LGBM,ScoreVector,ecc,auc_macro,0.3,0.6538±0.0019
chestxray_densenet,LGBM,ScoreVector,PartialOrder__Hamming__2,auc_micro,0.0,0.7863±0.0052
chestxray_densenet,LGBM,ScoreVector,PartialOrder__Hamming__None,auc_micro,0.0,0.7863±0.0052
chestxray_densenet,LGBM,ScoreVector,PartialOrder__Subset__2,auc_micro,0.0,0.7863±0.0052
chestxray_densenet,LGBM,ScoreVector,PartialOrder__Subset__None,auc_micro,0.0,0.7863±0.0052
chestxray_densenet,LGBM,ScoreVector,PreOrder__Hamming__2,auc_micro,0.0,0.7863±0.0052
chestxray_densenet,LGBM,ScoreVector,PreOrder__Hamming__None,auc_micro,0.0,0.7863±0.0052
chestxray_densenet,LGBM,ScoreVector,PreOrder__Subset__2,auc_micro,0.0,0.7863±0.0052
chestxray_densenet,LGBM,ScoreVector,PreOrder__Subset__None,auc_micro,0.0,0.7863±0.0052
chestxray_densenet,LGBM,ScoreVector,br,auc_micro,0.0,0.7863±0.0052
chestxray_densenet,LGBM,ScoreVector,cc,auc_micro,0.0,0.7841±0.0044
chestxray_densenet,LGBM,ScoreVector,clr,auc_micro,0.0,0.7745±0.0041
chestxray_densenet,LGBM,ScoreVector,ecc,auc_micro,0.0,0.8026±0.0043
chestxray_densenet,LGBM,ScoreVector,PartialOrder__Hamming__2,auc_micro,0.1,0.7251±0.0026
chestxray_densenet,LGBM,ScoreVector,PartialOrder__Hamming__None,auc_micro,0.1,0.7251±0.0026
chestxray_densenet,LGBM,ScoreVector,PartialOrder__Subset__2,auc_micro,0.1,0.7251±0.0026
chestxray_densenet,LGBM,ScoreVector,PartialOrder__Subset__None,auc_micro,0.1,0.7251±0.0026
chestxray_densenet,LGBM,ScoreVector,PreOrder__Hamming__2,auc_micro,0.1,0.7251±0.0026
chestxray_densenet,LGBM,ScoreVector,PreOrder__Hamming__None,auc_micro,0.1,0.7251±0.0026
chestxray_densenet,LGBM,ScoreVector,PreOrder__Subset__2,auc_micro,0.1,0.7251±0.0026
chestxray_densenet,LGBM,ScoreVector,PreOrder__Subset__None,auc_micro,0.1,0.7251±0.0026
chestxray_densenet,LGBM,ScoreVector,br,auc_micro,0.1,0.7231±0.0032
chestxray_densenet,LGBM,ScoreVector,cc,auc_micro,0.1,0.7259±0.0041
chestxray_densenet,LGBM,ScoreVector,clr,auc_micro,0.1,0.7336±0.0026
chestxray_densenet,LGBM,ScoreVector,ecc,auc_micro,0.1,0.7555±0.0052
chestxray_densenet,LGBM,ScoreVector,PartialOrder__Hamming__2,auc_micro,0.2,0.6851±0.0053
chestxray_densenet,LGBM,ScoreVector,PartialOrder__Hamming__None,auc_micro,0.2,0.6851±0.0053
chestxray_densenet,LGBM,ScoreVector,PartialOrder__Subset__2,auc_micro,0.2,0.6851±0.0053
chestxray_densenet,LGBM,ScoreVector,PartialOrder__Subset__None,auc_micro,0.2,0.6851±0.0053
chestxray_densenet,LGBM,ScoreVector,PreOrder__Hamming__2,auc_micro,0.2,0.6851±0.0053
chestxray_densenet,LGBM,ScoreVector,PreOrder__Hamming__None,auc_micro,0.2,0.6851±0.0053
chestxray_densenet,LGBM,ScoreVector,PreOrder__Subset__2,auc_micro,0.2,0.6851±0.0053
chestxray_densenet,LGBM,ScoreVector,PreOrder__Subset__None,auc_micro,0.2,0.6851±0.0053
chestxray_densenet,LGBM,ScoreVector,br,auc_micro,0.2,0.6882±0.0034
chestxray_densenet,LGBM,ScoreVector,cc,auc_micro,0.2,0.6887±0.0046
chestxray_densenet,LGBM,ScoreVector,clr,auc_micro,0.2,0.6989±0.0026
chestxray_densenet,LGBM,ScoreVector,ecc,auc_micro,0.2,0.7243±0.0029
chestxray_densenet,LGBM,ScoreVector,PartialOrder__Hamming__2,auc_micro,0.3,0.6432±0.0033
chestxray_densenet,LGBM,ScoreVector,PartialOrder__Hamming__None,auc_micro,0.3,0.6432±0.0033
chestxray_densenet,LGBM,ScoreVector,PartialOrder__Subset__2,auc_micro,0.3,0.6432±0.0033
chestxray_densenet,LGBM,ScoreVector,PartialOrder__Subset__None,auc_micro,0.3,0.6432±0.0033
chestxray_densenet,LGBM,ScoreVector,PreOrder__Hamming__2,auc_micro,0.3,0.6432±0.0033
chestxray_densenet,LGBM,ScoreVector,PreOrder__Hamming__None,auc_micro,0.3,0.6432±0.0033
chestxray_densenet,LGBM,ScoreVector,PreOrder__Subset__2,auc_micro,0.3,0.6432±0.0033
chestxray_densenet,LGBM,ScoreVector,PreOrder__Subset__None,auc_micro,0.3,0.6432±0.0033
chestxray_densenet,LGBM,ScoreVector,br,auc_micro,0.3,0.6453±0.0043
chestxray_densenet,LGBM,ScoreVector,cc,auc_micro,0.3,0.6475±0.0059
chestxray_densenet,LGBM,ScoreVector,clr,auc_micro,0.3,0.6592±0.0042
chestxray_densenet,LGBM,ScoreVector,ecc,auc_micro,0.3,0.6850±0.0030
chestxray_densenet,LGBM,ScoreVector,PartialOrder__Hamming__2,auprc_macro,0.0,0.2543±0.0087
chestxray_densenet,LGBM,ScoreVector,PartialOrder__Hamming__None,auprc_macro,0.0,0.2543±0.0087
chestxray_densenet,LGBM,ScoreVector,PartialOrder__Subset__2,auprc_macro,0.0,0.2543±0.0087
chestxray_densenet,LGBM,ScoreVector,PartialOrder__Subset__None,auprc_macro,0.0,0.2543±0.0087
chestxray_densenet,LGBM,ScoreVector,PreOrder__Hamming__2,auprc_macro,0.0,0.2543±0.0087
chestxray_densenet,LGBM,ScoreVector,PreOrder__Hamming__None,auprc_macro,0.0,0.2543±0.0087
chestxray_densenet,LGBM,ScoreVector,PreOrder__Subset__2,auprc_macro,0.0,0.2543±0.0087
chestxray_densenet,LGBM,ScoreVector,PreOrder__Subset__None,auprc_macro,0.0,0.2543±0.0087
chestxray_densenet,LGBM,ScoreVector,br,auprc_macro,0.0,0.2543±0.0087
chestxray_densenet,LGBM,ScoreVector,cc,auprc_macro,0.0,0.2479±0.0079
chestxray_densenet,LGBM,ScoreVector,clr,auprc_macro,0.0,0.2360±0.0084
chestxray_densenet,LGBM,ScoreVector,ecc,auprc_macro,0.0,0.2610±0.0076
chestxray_densenet,LGBM,ScoreVector,PartialOrder__Hamming__2,auprc_macro,0.1,0.2350±0.0067
chestxray_densenet,LGBM,ScoreVector,PartialOrder__Hamming__None,auprc_macro,0.1,0.2350±0.0067
chestxray_densenet,LGBM,ScoreVector,PartialOrder__Subset__2,auprc_macro,0.1,0.2350±0.0067
chestxray_densenet,LGBM,ScoreVector,PartialOrder__Subset__None,auprc_macro,0.1,0.2350±0.0067
chestxray_densenet,LGBM,ScoreVector,PreOrder__Hamming__2,auprc_macro,0.1,0.2350±0.0067
chestxray_densenet,LGBM,ScoreVector,PreOrder__Hamming__None,auprc_macro,0.1,0.2350±0.0067
chestxray_densenet,LGBM,ScoreVector,PreOrder__Subset__2,auprc_macro,0.1,0.2350±0.0067
chestxray_densenet,LGBM,ScoreVector,PreOrder__Subset__None,auprc_macro,0.1,0.2350±0.0067
chestxray_densenet,LGBM,ScoreVector,br,auprc_macro,0.1,0.2316±0.0070
chestxray_densenet,LGBM,ScoreVector,cc,auprc_macro,0.1,0.2294±0.0087
chestxray_densenet,LGBM,ScoreVector,clr,auprc_macro,0.1,0.2349±0.0078
chestxray_densenet,LGBM,ScoreVector,ecc,auprc_macro,0.1,0.2465±0.0084
chestxray_densenet,LGBM,ScoreVector,PartialOrder__Hamming__2,auprc_macro,0.2,0.2078±0.0094
chestxray_densenet,LGBM,ScoreVector,PartialOrder__Hamming__None,auprc_macro,0.2,0.2078±0.0094
chestxray_densenet,LGBM,ScoreVector,PartialOrder__Subset__2,auprc_macro,0.2,0.2078±0.0094
chestxray_densenet,LGBM,ScoreVector,PartialOrder__Subset__None,auprc_macro,0.2,0.2078±0.0094
chestxray_densenet,LGBM,ScoreVector,PreOrder__Hamming__2,auprc_macro,0.2,0.2078±0.0094
chestxray_densenet,LGBM,ScoreVector,PreOrder__Hamming__None,auprc_macro,0.2,0.2078±0.0094
chestxray_densenet,LGBM,ScoreVector,PreOrder__Subset__2,auprc_macro,0.2,0.2078±0.0094
chestxray_densenet,LGBM,ScoreVector,PreOrder__Subset__None,auprc_macro,0.2,0.2078±0.0094
chestxray_densenet,LGBM,ScoreVector,br,auprc_macro,0.2,0.2079±0.0077
chestxray_densenet,LGBM,ScoreVector,cc,auprc_macro,0.2,0.2090±0.0070
chestxray_densenet,LGBM,ScoreVector,clr,auprc_macro,0.2,0.2132±0.0075
chestxray_densenet,LGBM,ScoreVector,ecc,auprc_macro,0.2,0.2332±0.0108
chestxray_densenet,LGBM,ScoreVector,PartialOrder__Hamming__2,auprc_macro,0.3,0.1731±0.0017
chestxray_densenet,LGBM,ScoreVector,PartialOrder__Hamming__None,auprc_macro,0.3,0.1731±0.0017
chestxray_densenet,LGBM,ScoreVector,PartialOrder__Subset__2,auprc_macro,0.3,0.1731±0.0017
chestxray_densenet,LGBM,ScoreVector,PartialOrder__Subset__None,auprc_macro,0.3,0.1731±0.0017
chestxray_densenet,LGBM,ScoreVector,PreOrder__Hamming__2,auprc_macro,0.3,0.1731±0.0017
chestxray_densenet,LGBM,ScoreVector,PreOrder__Hamming__None,auprc_macro,0.3,0.1731±0.0017
chestxray_densenet,LGBM,ScoreVector,PreOrder__Subset__2,auprc_macro,0.3,0.1731±0.0017
chestxray_densenet,LGBM,ScoreVector,PreOrder__Subset__None,auprc_macro,0.3,0.1731±0.0017
chestxray_densenet,LGBM,ScoreVector,br,auprc_macro,0.3,0.1769±0.0036
chestxray_densenet,LGBM,ScoreVector,cc,auprc_macro,0.3,0.1741±0.0050
chestxray_densenet,LGBM,ScoreVector,clr,auprc_macro,0.3,0.1800±0.0047
chestxray_densenet,LGBM,ScoreVector,ecc,auprc_macro,0.3,0.2006±0.0029
chestxray_densenet,LGBM,ScoreVector,PartialOrder__Hamming__2,auprc_micro,0.0,0.2974±0.0102
chestxray_densenet,LGBM,ScoreVector,PartialOrder__Hamming__None,auprc_micro,0.0,0.2974±0.0102
chestxray_densenet,LGBM,ScoreVector,PartialOrder__Subset__2,auprc_micro,0.0,0.2974±0.0102
chestxray_densenet,LGBM,ScoreVector,PartialOrder__Subset__None,auprc_micro,0.0,0.2974±0.0102
chestxray_densenet,LGBM,ScoreVector,PreOrder__Hamming__2,auprc_micro,0.0,0.2974±0.0102
chestxray_densenet,LGBM,ScoreVector,PreOrder__Hamming__None,auprc_micro,0.0,0.2974±0.0102
chestxray_densenet,LGBM,ScoreVector,PreOrder__Subset__2,auprc_micro,0.0,0.2974±0.0102
chestxray_densenet,LGBM,ScoreVector,PreOrder__Subset__None,auprc_micro,0.0,0.2974±0.0102
chestxray_densenet,LGBM,ScoreVector,br,auprc_micro,0.0,0.2974±0.0102
chestxray_densenet,LGBM,ScoreVector,cc,auprc_micro,0.0,0.2919±0.0085
chestxray_densenet,LGBM,ScoreVector,clr,auprc_micro,0.0,0.2818±0.0099
chestxray_densenet,LGBM,ScoreVector,ecc,auprc_micro,0.0,0.3232±0.0102
chestxray_densenet,LGBM,ScoreVector,PartialOrder__Hamming__2,auprc_micro,0.1,0.2691±0.0082
chestxray_densenet,LGBM,ScoreVector,PartialOrder__Hamming__None,auprc_micro,0.1,0.2691±0.0082
chestxray_densenet,LGBM,ScoreVector,PartialOrder__Subset__2,auprc_micro,0.1,0.2691±0.0082
chestxray_densenet,LGBM,ScoreVector,PartialOrder__Subset__None,auprc_micro,0.1,0.2691±0.0082
chestxray_densenet,LGBM,ScoreVector,PreOrder__Hamming__2,auprc_micro,0.1,0.2691±0.0082
chestxray_densenet,LGBM,ScoreVector,PreOrder__Hamming__None,auprc_micro,0.1,0.2691±0.0082
chestxray_densenet,LGBM,ScoreVector,PreOrder__Subset__2,auprc_micro,0.1,0.2691±0.0082
chestxray_densenet,LGBM,ScoreVector,PreOrder__Subset__None,auprc_micro,0.1,0.2691±0.0082
chestxray_densenet,LGBM,ScoreVector,br,auprc_micro,0.1,0.2672±0.0067
chestxray_densenet,LGBM,ScoreVector,cc,auprc_micro,0.1,0.2700±0.0090
chestxray_densenet,LGBM,ScoreVector,clr,auprc_micro,0.1,0.2806±0.0080
chestxray_densenet,LGBM,ScoreVector,ecc,auprc_micro,0.1,0.3001±0.0102
chestxray_densenet,LGBM,ScoreVector,PartialOrder__Hamming__2,auprc_micro,0.2,0.2359±0.0093
chestxray_densenet,LGBM,ScoreVector,PartialOrder__Hamming__None,auprc_micro,0.2,0.2359±0.0093
chestxray_densenet,LGBM,ScoreVector,PartialOrder__Subset__2,auprc_micro,0.2,0.2359±0.0093
chestxray_densenet,LGBM,ScoreVector,PartialOrder__Subset__None,auprc_micro,0.2,0.2359±0.0093
chestxray_densenet,LGBM,ScoreVector,PreOrder__Hamming__2,auprc_micro,0.2,0.2359±0.0093
chestxray_densenet,LGBM,ScoreVector,PreOrder__Hamming__None,auprc_micro,0.2,0.2359±0.0093
chestxray_densenet,LGBM,ScoreVector,PreOrder__Subset__2,auprc_micro,0.2,0.2359±0.0093
chestxray_densenet,LGBM,ScoreVector,PreOrder__Subset__None,auprc_micro,0.2,0.2359±0.0093
chestxray_densenet,LGBM,ScoreVector,br,auprc_micro,0.2,0.2359±0.0075
chestxray_densenet,LGBM,ScoreVector,cc,auprc_micro,0.2,0.2399±0.0090
chestxray_densenet,LGBM,ScoreVector,clr,auprc_micro,0.2,0.2488±0.0076
chestxray_densenet,LGBM,ScoreVector,ecc,auprc_micro,0.2,0.2790±0.0117
chestxray_densenet,LGBM,ScoreVector,PartialOrder__Hamming__2,auprc_micro,0.3,0.1867±0.0026
chestxray_densenet,LGBM,ScoreVector,PartialOrder__Hamming__None,auprc_micro,0.3,0.1867±0.0026
chestxray_densenet,LGBM,ScoreVector,PartialOrder__Subset__2,auprc_micro,0.3,0.1867±0.0026
chestxray_densenet,LGBM,ScoreVector,PartialOrder__Subset__None,auprc_micro,0.3,0.1867±0.0026
chestxray_densenet,LGBM,ScoreVector,PreOrder__Hamming__2,auprc_micro,0.3,0.1867±0.0026
chestxray_densenet,LGBM,ScoreVector,PreOrder__Hamming__None,auprc_micro,0.3,0.1867±0.0026
chestxray_densenet,LGBM,ScoreVector,PreOrder__Subset__2,auprc_micro,0.3,0.1867±0.0026
chestxray_densenet,LGBM,ScoreVector,PreOrder__Subset__None,auprc_micro,0.3,0.1867±0.0026
chestxray_densenet,LGBM,ScoreVector,br,auprc_micro,0.3,0.1903±0.0055
chestxray_densenet,LGBM,ScoreVector,cc,auprc_micro,0.3,0.1896±0.0059
chestxray_densenet,LGBM,ScoreVector,clr,auprc_micro,0.3,0.1999±0.0058
chestxray_densenet,LGBM,ScoreVector,ecc,auprc_micro,0.3,0.2338±0.0040
chestxray_densenet,LGBM,ScoreVector,PartialOrder__Hamming__2,coverage,0.0,0.7574±0.0169
chestxray_densenet,LGBM,ScoreVector,PartialOrder__Hamming__None,coverage,0.0,0.7574±0.0169
chestxray_densenet,LGBM,ScoreVector,PartialOrder__Subset__2,coverage,0.0,0.7574±0.0169
chestxray_densenet,LGBM,ScoreVector,PartialOrder__Subset__None,coverage,0.0,0.7574±0.0169
chestxray_densenet,LGBM,ScoreVector,PreOrder__Hamming__2,coverage,0.0,0.7574±0.0169
chestxray_densenet,LGBM,ScoreVector,PreOrder__Hamming__None,coverage,0.0,0.7574±0.0169
chestxray_densenet,LGBM,ScoreVector,PreOrder__Subset__2,coverage,0.0,0.7574±0.0169
chestxray_densenet,LGBM,ScoreVector,PreOrder__Subset__None,coverage,0.0,0.7574±0.0169
chestxray_densenet,LGBM,ScoreVector,br,coverage,0.0,0.7574±0.0169
chestxray_densenet,LGBM,ScoreVector,cc,coverage,0.0,0.7638±0.0138
chestxray_densenet,LGBM,ScoreVector,clr,coverage,0.0,0.6828±0.0120
chestxray_densenet,LGBM,ScoreVector,ecc,coverage,0.0,0.6737±0.0068
chestxray_densenet,LGBM,ScoreVector,PartialOrder__Hamming__2,coverage,0.1,1.0491±0.0150
chestxray_densenet,LGBM,ScoreVector,PartialOrder__Hamming__None,coverage,0.1,1.0491±0.0150
chestxray_densenet,LGBM,ScoreVector,PartialOrder__Subset__2,coverage,0.1,1.0491±0.0150
chestxray_densenet,LGBM,ScoreVector,PartialOrder__Subset__None,coverage,0.1,1.0491±0.0150
chestxray_densenet,LGBM,ScoreVector,PreOrder__Hamming__2,coverage,0.1,1.0491±0.0150
chestxray_densenet,LGBM,ScoreVector,PreOrder__Hamming__None,coverage,0.1,1.0491±0.0150
chestxray_densenet,LGBM,ScoreVector,PreOrder__Subset__2,coverage,0.1,1.0491±0.0150
chestxray_densenet,LGBM,ScoreVector,PreOrder__Subset__None,coverage,0.1,1.0491±0.0150
chestxray_densenet,LGBM,ScoreVector,br,coverage,0.1,1.0658±0.0247
chestxray_densenet,LGBM,ScoreVector,cc,coverage,0.1,1.0390±0.0275
chestxray_densenet,LGBM,ScoreVector,clr,coverage,0.1,0.8965±0.0159
chestxray_densenet,LGBM,ScoreVector,ecc,coverage,0.1,0.9064±0.0028
chestxray_densenet,LGBM,ScoreVector,PartialOrder__Hamming__2,coverage,0.2,1.2223±0.0269
chestxray_densenet,LGBM,ScoreVector,PartialOrder__Hamming__None,coverage,0.2,1.2223±0.0269
chestxray_densenet,LGBM,ScoreVector,PartialOrder__Subset__2,coverage,0.2,1.2223±0.0269
chestxray_densenet,LGBM,ScoreVector,PartialOrder__Subset__None,coverage,0.2,1.2223±0.0269
chestxray_densenet,LGBM,ScoreVector,PreOrder__Hamming__2,coverage,0.2,1.2223±0.0269
chestxray_densenet,LGBM,ScoreVector,PreOrder__Hamming__None,coverage,0.2,1.2223±0.0269
chestxray_densenet,LGBM,ScoreVector,PreOrder__Subset__2,coverage,0.2,1.2223±0.0269
chestxray_densenet,LGBM,ScoreVector,PreOrder__Subset__None,coverage,0.2,1.2223±0.0269
chestxray_densenet,LGBM,ScoreVector,br,coverage,0.2,1.2021±0.0186
chestxray_densenet,LGBM,ScoreVector,cc,coverage,0.2,1.2015±0.0170
chestxray_densenet,LGBM,ScoreVector,clr,coverage,0.2,1.0574±0.0283
chestxray_densenet,LGBM,ScoreVector,ecc,coverage,0.2,1.0437±0.0214
chestxray_densenet,LGBM,ScoreVector,PartialOrder__Hamming__2,coverage,0.3,1.3555±0.0222
chestxray_densenet,LGBM,ScoreVector,PartialOrder__Hamming__None,coverage,0.3,1.3555±0.0222
chestxray_densenet,LGBM,ScoreVector,PartialOrder__Subset__2,coverage,0.3,1.3555±0.0222
chestxray_densenet,LGBM,ScoreVector,PartialOrder__Subset__None,coverage,0.3,1.3555±0.0222
chestxray_densenet,LGBM,ScoreVector,PreOrder__Hamming__2,coverage,0.3,1.3555±0.0222
chestxray_densenet,LGBM,ScoreVector,PreOrder__Hamming__None,coverage,0.3,1.3555±0.0222
chestxray_densenet,LGBM,ScoreVector,PreOrder__Subset__2,coverage,0.3,1.3555±0.0222
chestxray_densenet,LGBM,ScoreVector,PreOrder__Subset__None,coverage,0.3,1.3555±0.0222
chestxray_densenet,LGBM,ScoreVector,br,coverage,0.3,1.3648±0.0197
chestxray_densenet,LGBM,ScoreVector,cc,coverage,0.3,1.3504±0.0230
chestxray_densenet,LGBM,ScoreVector,clr,coverage,0.3,1.2057±0.0176
chestxray_densenet,LGBM,ScoreVector,ecc,coverage,0.3,1.2088±0.0173
chestxray_densenet,LGBM,ScoreVector,PartialOrder__Hamming__2,lr_ap,0.0,0.8086±0.0034
chestxray_densenet,LGBM,ScoreVector,PartialOrder__Hamming__None,lr_ap,0.0,0.8086±0.0034
chestxray_densenet,LGBM,ScoreVector,PartialOrder__Subset__2,lr_ap,0.0,0.8086±0.0034
chestxray_densenet,LGBM,ScoreVector,PartialOrder__Subset__None,lr_ap,0.0,0.8086±0.0034
chestxray_densenet,LGBM,ScoreVector,PreOrder__Hamming__2,lr_ap,0.0,0.8086±0.0034
chestxray_densenet,LGBM,ScoreVector,PreOrder__Hamming__None,lr_ap,0.0,0.8086±0.0034
chestxray_densenet,LGBM,ScoreVector,PreOrder__Subset__2,lr_ap,0.0,0.8086±0.0034
chestxray_densenet,LGBM,ScoreVector,PreOrder__Subset__None,lr_ap,0.0,0.8086±0.0034
chestxray_densenet,LGBM,ScoreVector,br,lr_ap,0.0,0.8086±0.0034
chestxray_densenet,LGBM,ScoreVector,cc,lr_ap,0.0,0.8063±0.0025
chestxray_densenet,LGBM,ScoreVector,clr,lr_ap,0.0,0.8218±0.0033
chestxray_densenet,LGBM,ScoreVector,ecc,lr_ap,0.0,0.8232±0.0027
chestxray_densenet,LGBM,ScoreVector,PartialOrder__Hamming__2,lr_ap,0.1,0.7791±0.0040
chestxray_densenet,LGBM,ScoreVector,PartialOrder__Hamming__None,lr_ap,0.1,0.7791±0.0040
chestxray_densenet,LGBM,ScoreVector,PartialOrder__Subset__2,lr_ap,0.1,0.7791±0.0040
chestxray_densenet,LGBM,ScoreVector,PartialOrder__Subset__None,lr_ap,0.1,0.7791±0.0040
chestxray_densenet,LGBM,ScoreVector,PreOrder__Hamming__2,lr_ap,0.1,0.7791±0.0040
chestxray_densenet,LGBM,ScoreVector,PreOrder__Hamming__None,lr_ap,0.1,0.7791±0.0040
chestxray_densenet,LGBM,ScoreVector,PreOrder__Subset__2,lr_ap,0.1,0.7791±0.0040
chestxray_densenet,LGBM,ScoreVector,PreOrder__Subset__None,lr_ap,0.1,0.7791±0.0040
chestxray_densenet,LGBM,ScoreVector,br,lr_ap,0.1,0.7771±0.0046
chestxray_densenet,LGBM,ScoreVector,cc,lr_ap,0.1,0.7801±0.0034
chestxray_densenet,LGBM,ScoreVector,clr,lr_ap,0.1,0.8005±0.0018
chestxray_densenet,LGBM,ScoreVector,ecc,lr_ap,0.1,0.8001±0.0042
chestxray_densenet,LGBM,ScoreVector,PartialOrder__Hamming__2,lr_ap,0.2,0.7576±0.0036
chestxray_densenet,LGBM,ScoreVector,PartialOrder__Hamming__None,lr_ap,0.2,0.7576±0.0036
chestxray_densenet,LGBM,ScoreVector,PartialOrder__Subset__2,lr_ap,0.2,0.7576±0.0036
chestxray_densenet,LGBM,ScoreVector,PartialOrder__Subset__None,lr_ap,0.2,0.7576±0.0036
chestxray_densenet,LGBM,ScoreVector,PreOrder__Hamming__2,lr_ap,0.2,0.7576±0.0036
chestxray_densenet,LGBM,ScoreVector,PreOrder__Hamming__None,lr_ap,0.2,0.7576±0.0036
chestxray_densenet,LGBM,ScoreVector,PreOrder__Subset__2,lr_ap,0.2,0.7576±0.0036
chestxray_densenet,LGBM,ScoreVector,PreOrder__Subset__None,lr_ap,0.2,0.7576±0.0036
chestxray_densenet,LGBM,ScoreVector,br,lr_ap,0.2,0.7596±0.0033
chestxray_densenet,LGBM,ScoreVector,cc,lr_ap,0.2,0.7608±0.0031
chestxray_densenet,LGBM,ScoreVector,clr,lr_ap,0.2,0.7810±0.0037
chestxray_densenet,LGBM,ScoreVector,ecc,lr_ap,0.2,0.7829±0.0045
chestxray_densenet,LGBM,ScoreVector,PartialOrder__Hamming__2,lr_ap,0.3,0.7362±0.0035
chestxray_densenet,LGBM,ScoreVector,PartialOrder__Hamming__None,lr_ap,0.3,0.7362±0.0035
chestxray_densenet,LGBM,ScoreVector,PartialOrder__Subset__2,lr_ap,0.3,0.7362±0.0035
chestxray_densenet,LGBM,ScoreVector,PartialOrder__Subset__None,lr_ap,0.3,0.7362±0.0035
chestxray_densenet,LGBM,ScoreVector,PreOrder__Hamming__2,lr_ap,0.3,0.7362±0.0035
chestxray_densenet,LGBM,ScoreVector,PreOrder__Hamming__None,lr_ap,0.3,0.7362±0.0035
chestxray_densenet,LGBM,ScoreVector,PreOrder__Subset__2,lr_ap,0.3,0.7362±0.0035
chestxray_densenet,LGBM,ScoreVector,PreOrder__Subset__None,lr_ap,0.3,0.7362±0.0035
chestxray_densenet,LGBM,ScoreVector,br,lr_ap,0.3,0.7357±0.0026
chestxray_densenet,LGBM,ScoreVector,cc,lr_ap,0.3,0.7373±0.0040
chestxray_densenet,LGBM,ScoreVector,clr,lr_ap,0.3,0.7586±0.0019
chestxray_densenet,LGBM,ScoreVector,ecc,lr_ap,0.3,0.7582±0.0017
chestxray_densenet,LGBM,ScoreVector,PartialOrder__Hamming__2,one_error,0.0,0.7246±0.0048
chestxray_densenet,LGBM,ScoreVector,PartialOrder__Hamming__None,one_error,0.0,0.7246±0.0048
chestxray_densenet,LGBM,ScoreVector,PartialOrder__Subset__2,one_error,0.0,0.7246±0.0048
chestxray_densenet,LGBM,ScoreVector,PartialOrder__Subset__None,one_error,0.0,0.7246±0.0048
chestxray_densenet,LGBM,ScoreVector,PreOrder__Hamming__2,one_error,0.0,0.7246±0.0048
chestxray_densenet,LGBM,ScoreVector,PreOrder__Hamming__None,one_error,0.0,0.7246±0.0048
chestxray_densenet,LGBM,ScoreVector,PreOrder__Subset__2,one_error,0.0,0.7246±0.0048
chestxray_densenet,LGBM,ScoreVector,PreOrder__Subset__None,one_error,0.0,0.7246±0.0048
chestxray_densenet,LGBM,ScoreVector,br,one_error,0.0,0.7246±0.0048
chestxray_densenet,LGBM,ScoreVector,cc,one_error,0.0,0.7286±0.0040
chestxray_densenet,LGBM,ScoreVector,clr,one_error,0.0,0.7065±0.0061
chestxray_densenet,LGBM,ScoreVector,ecc,one_error,0.0,0.7057±0.0058
chestxray_densenet,LGBM,ScoreVector,PartialOrder__Hamming__2,one_error,0.1,0.7500±0.0054
chestxray_densenet,LGBM,ScoreVector,PartialOrder__Hamming__None,one_error,0.1,0.7500±0.0054
chestxray_densenet,LGBM,ScoreVector,PartialOrder__Subset__2,one_error,0.1,0.7500±0.0054
chestxray_densenet,LGBM,ScoreVector,PartialOrder__Subset__None,one_error,0.1,0.7500±0.0054
chestxray_densenet,LGBM,ScoreVector,PreOrder__Hamming__2,one_error,0.1,0.7500±0.0054
chestxray_densenet,LGBM,ScoreVector,PreOrder__Hamming__None,one_error,0.1,0.7500±0.0054
chestxray_densenet,LGBM,ScoreVector,PreOrder__Subset__2,one_error,0.1,0.7500±0.0054
chestxray_densenet,LGBM,ScoreVector,PreOrder__Subset__None,one_error,0.1,0.7500±0.0054
chestxray_densenet,LGBM,ScoreVector,br,one_error,0.1,0.7530±0.0073
chestxray_densenet,LGBM,ScoreVector,cc,one_error,0.1,0.7500±0.0055
chestxray_densenet,LGBM,ScoreVector,clr,one_error,0.1,0.7255±0.0035
chestxray_densenet,LGBM,ScoreVector,ecc,one_error,0.1,0.7246±0.0084
chestxray_densenet,LGBM,ScoreVector,PartialOrder__Hamming__2,one_error,0.2,0.7747±0.0064
chestxray_densenet,LGBM,ScoreVector,PartialOrder__Hamming__None,one_error,0.2,0.7747±0.0064
chestxray_densenet,LGBM,ScoreVector,PartialOrder__Subset__2,one_error,0.2,0.7747±0.0064
chestxray_densenet,LGBM,ScoreVector,PartialOrder__Subset__None,one_error,0.2,0.7747±0.0064
chestxray_densenet,LGBM,ScoreVector,PreOrder__Hamming__2,one_error,0.2,0.7747±0.0064
chestxray_densenet,LGBM,ScoreVector,PreOrder__Hamming__None,one_error,0.2,0.7747±0.0064
chestxray_densenet,LGBM,ScoreVector,PreOrder__Subset__2,one_error,0.2,0.7747±0.0064
chestxray_densenet,LGBM,ScoreVector,PreOrder__Subset__None,one_error,0.2,0.7747±0.0064
chestxray_densenet,LGBM,ScoreVector,br,one_error,0.2,0.7741±0.0078
chestxray_densenet,LGBM,ScoreVector,cc,one_error,0.2,0.7703±0.0085
chestxray_densenet,LGBM,ScoreVector,clr,one_error,0.2,0.7463±0.0063
chestxray_densenet,LGBM,ScoreVector,ecc,one_error,0.2,0.7431±0.0103
chestxray_densenet,LGBM,ScoreVector,PartialOrder__Hamming__2,one_error,0.3,0.8040±0.0029
chestxray_densenet,LGBM,ScoreVector,PartialOrder__Hamming__None,one_error,0.3,0.8040±0.0029
chestxray_densenet,LGBM,ScoreVector,PartialOrder__Subset__2,one_error,0.3,0.8040±0.0029
chestxray_densenet,LGBM,ScoreVector,PartialOrder__Subset__None,one_error,0.3,0.8040±0.0029
chestxray_densenet,LGBM,ScoreVector,PreOrder__Hamming__2,one_error,0.3,0.8040±0.0029
chestxray_densenet,LGBM,ScoreVector,PreOrder__Hamming__None,one_error,0.3,0.8040±0.0029
chestxray_densenet,LGBM,ScoreVector,PreOrder__Subset__2,one_error,0.3,0.8040±0.0029
chestxray_densenet,LGBM,ScoreVector,PreOrder__Subset__None,one_error,0.3,0.8040±0.0029
chestxray_densenet,LGBM,ScoreVector,br,one_error,0.3,0.8049±0.0047
chestxray_densenet,LGBM,ScoreVector,cc,one_error,0.3,0.8035±0.0087
chestxray_densenet,LGBM,ScoreVector,clr,one_error,0.3,0.7754±0.0059
chestxray_densenet,LGBM,ScoreVector,ecc,one_error,0.3,0.7759±0.0023
chestxray_densenet,LGBM,ScoreVector,PartialOrder__Hamming__2,ranking_loss,0.0,0.1167±0.0025
chestxray_densenet,LGBM,ScoreVector,PartialOrder__Hamming__None,ranking_loss,0.0,0.1167±0.0025
chestxray_densenet,LGBM,ScoreVector,PartialOrder__Subset__2,ranking_loss,0.0,0.1167±0.0025
chestxray_densenet,LGBM,ScoreVector,PartialOrder__Subset__None,ranking_loss,0.0,0.1167±0.0025
chestxray_densenet,LGBM,ScoreVector,PreOrder__Hamming__2,ranking_loss,0.0,0.1167±0.0025
chestxray_densenet,LGBM,ScoreVector,PreOrder__Hamming__None,ranking_loss,0.0,0.1167±0.0025
chestxray_densenet,LGBM,ScoreVector,PreOrder__Subset__2,ranking_loss,0.0,0.1167±0.0025
chestxray_densenet,LGBM,ScoreVector,PreOrder__Subset__None,ranking_loss,0.0,0.1167±0.0025
chestxray_densenet,LGBM,ScoreVector,br,ranking_loss,0.0,0.1167±0.0025
chestxray_densenet,LGBM,ScoreVector,cc,ranking_loss,0.0,0.1181±0.0017
chestxray_densenet,LGBM,ScoreVector,clr,ranking_loss,0.0,0.1064±0.0026
chestxray_densenet,LGBM,ScoreVector,ecc,ranking_loss,0.0,0.1054±0.0019
chestxray_densenet,LGBM,ScoreVector,PartialOrder__Hamming__2,ranking_loss,0.1,0.1540±0.0016
chestxray_densenet,LGBM,ScoreVector,PartialOrder__Hamming__None,ranking_loss,0.1,0.1540±0.0016
chestxray_densenet,LGBM,ScoreVector,PartialOrder__Subset__2,ranking_loss,0.1,0.1540±0.0016
chestxray_densenet,LGBM,ScoreVector,PartialOrder__Subset__None,ranking_loss,0.1,0.1540±0.0016
chestxray_densenet,LGBM,ScoreVector,PreOrder__Hamming__2,ranking_loss,0.1,0.1540±0.0016
chestxray_densenet,LGBM,ScoreVector,PreOrder__Hamming__None,ranking_loss,0.1,0.1540±0.0016
chestxray_densenet,LGBM,ScoreVector,PreOrder__Subset__2,ranking_loss,0.1,0.1540±0.0016
chestxray_densenet,LGBM,ScoreVector,PreOrder__Subset__None,ranking_loss,0.1,0.1540±0.0016
chestxray_densenet,LGBM,ScoreVector,br,ranking_loss,0.1,0.1571±0.0019
chestxray_densenet,LGBM,ScoreVector,cc,ranking_loss,0.1,0.1532±0.0022
chestxray_densenet,LGBM,ScoreVector,clr,ranking_loss,0.1,0.1334±0.0010
chestxray_densenet,LGBM,ScoreVector,ecc,ranking_loss,0.1,0.1348±0.0019
chestxray_densenet,LGBM,ScoreVector,PartialOrder__Hamming__2,ranking_loss,0.2,0.1779±0.0030
chestxray_densenet,LGBM,ScoreVector,PartialOrder__Hamming__None,ranking_loss,0.2,0.1779±0.0030
chestxray_densenet,LGBM,ScoreVector,PartialOrder__Subset__2,ranking_loss,0.2,0.1779±0.0030
chestxray_densenet,LGBM,ScoreVector,PartialOrder__Subset__None,ranking_loss,0.2,0.1779±0.0030
chestxray_densenet,LGBM,ScoreVector,PreOrder__Hamming__2,ranking_loss,0.2,0.1779±0.0030
chestxray_densenet,LGBM,ScoreVector,PreOrder__Hamming__None,ranking_loss,0.2,0.1779±0.0030
chestxray_densenet,LGBM,ScoreVector,PreOrder__Subset__2,ranking_loss,0.2,0.1779±0.0030
chestxray_densenet,LGBM,ScoreVector,PreOrder__Subset__None,ranking_loss,0.2,0.1779±0.0030
chestxray_densenet,LGBM,ScoreVector,br,ranking_loss,0.2,0.1754±0.0015
chestxray_densenet,LGBM,ScoreVector,cc,ranking_loss,0.2,0.1752±0.0027
chestxray_densenet,LGBM,ScoreVector,clr,ranking_loss,0.2,0.1548±0.0024
chestxray_densenet,LGBM,ScoreVector,ecc,ranking_loss,0.2,0.1532±0.0024
chestxray_densenet,LGBM,ScoreVector,PartialOrder__Hamming__2,ranking_loss,0.3,0.1984±0.0018
chestxray_densenet,LGBM,ScoreVector,PartialOrder__Hamming__None,ranking_loss,0.3,0.1984±0.0018
chestxray_densenet,LGBM,ScoreVector,PartialOrder__Subset__2,ranking_loss,0.3,0.1984±0.0018
chestxray_densenet,LGBM,ScoreVector,PartialOrder__Subset__None,ranking_loss,0.3,0.1984±0.0018
chestxray_densenet,LGBM,ScoreVector,PreOrder__Hamming__2,ranking_loss,0.3,0.1984±0.0018
chestxray_densenet,LGBM,ScoreVector,PreOrder__Hamming__None,ranking_loss,0.3,0.1984±0.0018
chestxray_densenet,LGBM,ScoreVector,PreOrder__Subset__2,ranking_loss,0.3,0.1984±0.0018
chestxray_densenet,LGBM,ScoreVector,PreOrder__Subset__None,ranking_loss,0.3,0.1984±0.0018
chestxray_densenet,LGBM,ScoreVector,br,ranking_loss,0.3,0.1996±0.0028
chestxray_densenet,LGBM,ScoreVector,cc,ranking_loss,0.3,0.1972±0.0032
chestxray_densenet,LGBM,ScoreVector,clr,ranking_loss,0.3,0.1764±0.0024
chestxray_densenet,LGBM,ScoreVector,ecc,ranking_loss,0.3,0.1761±0.0016
chestxray_densenet,LGBM,ScoreVector,PartialOrder__Hamming__2,auc_macro,0.0,0.7285±0.0072
chestxray_densenet,LGBM,ScoreVector,PartialOrder__Hamming__None,auc_macro,0.0,0.7285±0.0072
chestxray_densenet,LGBM,ScoreVector,PartialOrder__Subset__2,auc_macro,0.0,0.7285±0.0072
chestxray_densenet,LGBM,ScoreVector,PartialOrder__Subset__None,auc_macro,0.0,0.7285±0.0072
chestxray_densenet,LGBM,ScoreVector,PreOrder__Hamming__2,auc_macro,0.0,0.7285±0.0072
chestxray_densenet,LGBM,ScoreVector,PreOrder__Hamming__None,auc_macro,0.0,0.7285±0.0072
chestxray_densenet,LGBM,ScoreVector,PreOrder__Subset__2,auc_macro,0.0,0.7285±0.0072
chestxray_densenet,LGBM,ScoreVector,PreOrder__Subset__None,auc_macro,0.0,0.7285±0.0072
chestxray_densenet,LGBM,ScoreVector,br,auc_macro,0.0,0.7285±0.0072
chestxray_densenet,LGBM,ScoreVector,cc,auc_macro,0.0,0.7285±0.0075
chestxray_densenet,LGBM,ScoreVector,clr,auc_macro,0.0,0.7080±0.0048
chestxray_densenet,LGBM,ScoreVector,ecc,auc_macro,0.0,0.7405±0.0047
chestxray_densenet,LGBM,ScoreVector,PartialOrder__Hamming__2,auc_macro,0.1,0.6908±0.0028
chestxray_densenet,LGBM,ScoreVector,PartialOrder__Hamming__None,auc_macro,0.1,0.6908±0.0028
chestxray_densenet,LGBM,ScoreVector,PartialOrder__Subset__2,auc_macro,0.1,0.6908±0.0028
chestxray_densenet,LGBM,ScoreVector,PartialOrder__Subset__None,auc_macro,0.1,0.6908±0.0028
chestxray_densenet,LGBM,ScoreVector,PreOrder__Hamming__2,auc_macro,0.1,0.6908±0.0028
chestxray_densenet,LGBM,ScoreVector,PreOrder__Hamming__None,auc_macro,0.1,0.6908±0.0028
chestxray_densenet,LGBM,ScoreVector,PreOrder__Subset__2,auc_macro,0.1,0.6908±0.0028
chestxray_densenet,LGBM,ScoreVector,PreOrder__Subset__None,auc_macro,0.1,0.6908±0.0028
chestxray_densenet,LGBM,ScoreVector,br,auc_macro,0.1,0.6887±0.0071
chestxray_densenet,LGBM,ScoreVector,cc,auc_macro,0.1,0.6853±0.0070
chestxray_densenet,LGBM,ScoreVector,clr,auc_macro,0.1,0.6820±0.0052
chestxray_densenet,LGBM,ScoreVector,ecc,auc_macro,0.1,0.7072±0.0086
chestxray_densenet,LGBM,ScoreVector,PartialOrder__Hamming__2,auc_macro,0.2,0.6596±0.0085
chestxray_densenet,LGBM,ScoreVector,PartialOrder__Hamming__None,auc_macro,0.2,0.6596±0.0085
chestxray_densenet,LGBM,ScoreVector,PartialOrder__Subset__2,auc_macro,0.2,0.6596±0.0085
chestxray_densenet,LGBM,ScoreVector,PartialOrder__Subset__None,auc_macro,0.2,0.6596±0.0085
chestxray_densenet,LGBM,ScoreVector,PreOrder__Hamming__2,auc_macro,0.2,0.6596±0.0085
chestxray_densenet,LGBM,ScoreVector,PreOrder__Hamming__None,auc_macro,0.2,0.6596±0.0085
chestxray_densenet,LGBM,ScoreVector,PreOrder__Subset__2,auc_macro,0.2,0.6596±0.0085
chestxray_densenet,LGBM,ScoreVector,PreOrder__Subset__None,auc_macro,0.2,0.6596±0.0085
chestxray_densenet,LGBM,ScoreVector,br,auc_macro,0.2,0.6620±0.0040
chestxray_densenet,LGBM,ScoreVector,cc,auc_macro,0.2,0.6576±0.0045
chestxray_densenet,LGBM,ScoreVector,clr,auc_macro,0.2,0.6584±0.0080
chestxray_densenet,LGBM,ScoreVector,ecc,auc_macro,0.2,0.6843±0.0033
chestxray_densenet,LGBM,ScoreVector,PartialOrder__Hamming__2,auc_macro,0.3,0.6221±0.0064
chestxray_densenet,LGBM,ScoreVector,PartialOrder__Hamming__None,auc_macro,0.3,0.6221±0.0064
chestxray_densenet,LGBM,ScoreVector,PartialOrder__Subset__2,auc_macro,0.3,0.6221±0.0064
chestxray_densenet,LGBM,ScoreVector,PartialOrder__Subset__None,auc_macro,0.3,0.6221±0.0064
chestxray_densenet,LGBM,ScoreVector,PreOrder__Hamming__2,auc_macro,0.3,0.6221±0.0064
chestxray_densenet,LGBM,ScoreVector,PreOrder__Hamming__None,auc_macro,0.3,0.6221±0.0064
chestxray_densenet,LGBM,ScoreVector,PreOrder__Subset__2,auc_macro,0.3,0.6221±0.0064
chestxray_densenet,LGBM,ScoreVector,PreOrder__Subset__None,auc_macro,0.3,0.6221±0.0064
chestxray_densenet,LGBM,ScoreVector,br,auc_macro,0.3,0.6249±0.0074
chestxray_densenet,LGBM,ScoreVector,cc,auc_macro,0.3,0.6230±0.0059
chestxray_densenet,LGBM,ScoreVector,clr,auc_macro,0.3,0.6279±0.0041
chestxray_densenet,LGBM,ScoreVector,ecc,auc_macro,0.3,0.6538±0.0019
chestxray_densenet,LGBM,ScoreVector,PartialOrder__Hamming__2,auc_micro,0.0,0.7863±0.0052
chestxray_densenet,LGBM,ScoreVector,PartialOrder__Hamming__None,auc_micro,0.0,0.7863±0.0052
chestxray_densenet,LGBM,ScoreVector,PartialOrder__Subset__2,auc_micro,0.0,0.7863±0.0052
chestxray_densenet,LGBM,ScoreVector,PartialOrder__Subset__None,auc_micro,0.0,0.7863±0.0052
chestxray_densenet,LGBM,ScoreVector,PreOrder__Hamming__2,auc_micro,0.0,0.7863±0.0052
chestxray_densenet,LGBM,ScoreVector,PreOrder__Hamming__None,auc_micro,0.0,0.7863±0.0052
chestxray_densenet,LGBM,ScoreVector,PreOrder__Subset__2,auc_micro,0.0,0.7863±0.0052
chestxray_densenet,LGBM,ScoreVector,PreOrder__Subset__None,auc_micro,0.0,0.7863±0.0052
chestxray_densenet,LGBM,ScoreVector,br,auc_micro,0.0,0.7863±0.0052
chestxray_densenet,LGBM,ScoreVector,cc,auc_micro,0.0,0.7841±0.0044
chestxray_densenet,LGBM,ScoreVector,clr,auc_micro,0.0,0.7745±0.0041
chestxray_densenet,LGBM,ScoreVector,ecc,auc_micro,0.0,0.8026±0.0043
chestxray_densenet,LGBM,ScoreVector,PartialOrder__Hamming__2,auc_micro,0.1,0.7251±0.0026
chestxray_densenet,LGBM,ScoreVector,PartialOrder__Hamming__None,auc_micro,0.1,0.7251±0.0026
chestxray_densenet,LGBM,ScoreVector,PartialOrder__Subset__2,auc_micro,0.1,0.7251±0.0026
chestxray_densenet,LGBM,ScoreVector,PartialOrder__Subset__None,auc_micro,0.1,0.7251±0.0026
chestxray_densenet,LGBM,ScoreVector,PreOrder__Hamming__2,auc_micro,0.1,0.7251±0.0026
chestxray_densenet,LGBM,ScoreVector,PreOrder__Hamming__None,auc_micro,0.1,0.7251±0.0026
chestxray_densenet,LGBM,ScoreVector,PreOrder__Subset__2,auc_micro,0.1,0.7251±0.0026
chestxray_densenet,LGBM,ScoreVector,PreOrder__Subset__None,auc_micro,0.1,0.7251±0.0026
chestxray_densenet,LGBM,ScoreVector,br,auc_micro,0.1,0.7231±0.0032
chestxray_densenet,LGBM,ScoreVector,cc,auc_micro,0.1,0.7259±0.0041
chestxray_densenet,LGBM,ScoreVector,clr,auc_micro,0.1,0.7336±0.0026
chestxray_densenet,LGBM,ScoreVector,ecc,auc_micro,0.1,0.7555±0.0052
chestxray_densenet,LGBM,ScoreVector,PartialOrder__Hamming__2,auc_micro,0.2,0.6851±0.0053
chestxray_densenet,LGBM,ScoreVector,PartialOrder__Hamming__None,auc_micro,0.2,0.6851±0.0053
chestxray_densenet,LGBM,ScoreVector,PartialOrder__Subset__2,auc_micro,0.2,0.6851±0.0053
chestxray_densenet,LGBM,ScoreVector,PartialOrder__Subset__None,auc_micro,0.2,0.6851±0.0053
chestxray_densenet,LGBM,ScoreVector,PreOrder__Hamming__2,auc_micro,0.2,0.6851±0.0053
chestxray_densenet,LGBM,ScoreVector,PreOrder__Hamming__None,auc_micro,0.2,0.6851±0.0053
chestxray_densenet,LGBM,ScoreVector,PreOrder__Subset__2,auc_micro,0.2,0.6851±0.0053
chestxray_densenet,LGBM,ScoreVector,PreOrder__Subset__None,auc_micro,0.2,0.6851±0.0053
chestxray_densenet,LGBM,ScoreVector,br,auc_micro,0.2,0.6882±0.0034
chestxray_densenet,LGBM,ScoreVector,cc,auc_micro,0.2,0.6887±0.0046
chestxray_densenet,LGBM,ScoreVector,clr,auc_micro,0.2,0.6989±0.0026
chestxray_densenet,LGBM,ScoreVector,ecc,auc_micro,0.2,0.7243±0.0029
chestxray_densenet,LGBM,ScoreVector,PartialOrder__Hamming__2,auc_micro,0.3,0.6432±0.0033
chestxray_densenet,LGBM,ScoreVector,PartialOrder__Hamming__None,auc_micro,0.3,0.6432±0.0033
chestxray_densenet,LGBM,ScoreVector,PartialOrder__Subset__2,auc_micro,0.3,0.6432±0.0033
chestxray_densenet,LGBM,ScoreVector,PartialOrder__Subset__None,auc_micro,0.3,0.6432±0.0033
chestxray_densenet,LGBM,ScoreVector,PreOrder__Hamming__2,auc_micro,0.3,0.6432±0.0033
chestxray_densenet,LGBM,ScoreVector,PreOrder__Hamming__None,auc_micro,0.3,0.6432±0.0033
chestxray_densenet,LGBM,ScoreVector,PreOrder__Subset__2,auc_micro,0.3,0.6432±0.0033
chestxray_densenet,LGBM,ScoreVector,PreOrder__Subset__None,auc_micro,0.3,0.6432±0.0033
chestxray_densenet,LGBM,ScoreVector,br,auc_micro,0.3,0.6453±0.0043
chestxray_densenet,LGBM,ScoreVector,cc,auc_micro,0.3,0.6475±0.0059
chestxray_densenet,LGBM,ScoreVector,clr,auc_micro,0.3,0.6592±0.0042
chestxray_densenet,LGBM,ScoreVector,ecc,auc_micro,0.3,0.6850±0.0030
chestxray_densenet,LGBM,ScoreVector,PartialOrder__Hamming__2,auprc_macro,0.0,0.2543±0.0087
chestxray_densenet,LGBM,ScoreVector,PartialOrder__Hamming__None,auprc_macro,0.0,0.2543±0.0087
chestxray_densenet,LGBM,ScoreVector,PartialOrder__Subset__2,auprc_macro,0.0,0.2543±0.0087
chestxray_densenet,LGBM,ScoreVector,PartialOrder__Subset__None,auprc_macro,0.0,0.2543±0.0087
chestxray_densenet,LGBM,ScoreVector,PreOrder__Hamming__2,auprc_macro,0.0,0.2543±0.0087
chestxray_densenet,LGBM,ScoreVector,PreOrder__Hamming__None,auprc_macro,0.0,0.2543±0.0087
chestxray_densenet,LGBM,ScoreVector,PreOrder__Subset__2,auprc_macro,0.0,0.2543±0.0087
chestxray_densenet,LGBM,ScoreVector,PreOrder__Subset__None,auprc_macro,0.0,0.2543±0.0087
chestxray_densenet,LGBM,ScoreVector,br,auprc_macro,0.0,0.2543±0.0087
chestxray_densenet,LGBM,ScoreVector,cc,auprc_macro,0.0,0.2479±0.0079
chestxray_densenet,LGBM,ScoreVector,clr,auprc_macro,0.0,0.2360±0.0084
chestxray_densenet,LGBM,ScoreVector,ecc,auprc_macro,0.0,0.2610±0.0076
chestxray_densenet,LGBM,ScoreVector,PartialOrder__Hamming__2,auprc_macro,0.1,0.2350±0.0067
chestxray_densenet,LGBM,ScoreVector,PartialOrder__Hamming__None,auprc_macro,0.1,0.2350±0.0067
chestxray_densenet,LGBM,ScoreVector,PartialOrder__Subset__2,auprc_macro,0.1,0.2350±0.0067
chestxray_densenet,LGBM,ScoreVector,PartialOrder__Subset__None,auprc_macro,0.1,0.2350±0.0067
chestxray_densenet,LGBM,ScoreVector,PreOrder__Hamming__2,auprc_macro,0.1,0.2350±0.0067
chestxray_densenet,LGBM,ScoreVector,PreOrder__Hamming__None,auprc_macro,0.1,0.2350±0.0067
chestxray_densenet,LGBM,ScoreVector,PreOrder__Subset__2,auprc_macro,0.1,0.2350±0.0067
chestxray_densenet,LGBM,ScoreVector,PreOrder__Subset__None,auprc_macro,0.1,0.2350±0.0067
chestxray_densenet,LGBM,ScoreVector,br,auprc_macro,0.1,0.2316±0.0070
chestxray_densenet,LGBM,ScoreVector,cc,auprc_macro,0.1,0.2294±0.0087
chestxray_densenet,LGBM,ScoreVector,clr,auprc_macro,0.1,0.2349±0.0078
chestxray_densenet,LGBM,ScoreVector,ecc,auprc_macro,0.1,0.2465±0.0084
chestxray_densenet,LGBM,ScoreVector,PartialOrder__Hamming__2,auprc_macro,0.2,0.2078±0.0094
chestxray_densenet,LGBM,ScoreVector,PartialOrder__Hamming__None,auprc_macro,0.2,0.2078±0.0094
chestxray_densenet,LGBM,ScoreVector,PartialOrder__Subset__2,auprc_macro,0.2,0.2078±0.0094
chestxray_densenet,LGBM,ScoreVector,PartialOrder__Subset__None,auprc_macro,0.2,0.2078±0.0094
chestxray_densenet,LGBM,ScoreVector,PreOrder__Hamming__2,auprc_macro,0.2,0.2078±0.0094
chestxray_densenet,LGBM,ScoreVector,PreOrder__Hamming__None,auprc_macro,0.2,0.2078±0.0094
chestxray_densenet,LGBM,ScoreVector,PreOrder__Subset__2,auprc_macro,0.2,0.2078±0.0094
chestxray_densenet,LGBM,ScoreVector,PreOrder__Subset__None,auprc_macro,0.2,0.2078±0.0094
chestxray_densenet,LGBM,ScoreVector,br,auprc_macro,0.2,0.2079±0.0077
chestxray_densenet,LGBM,ScoreVector,cc,auprc_macro,0.2,0.2090±0.0070
chestxray_densenet,LGBM,ScoreVector,clr,auprc_macro,0.2,0.2132±0.0075
chestxray_densenet,LGBM,ScoreVector,ecc,auprc_macro,0.2,0.2332±0.0108
chestxray_densenet,LGBM,ScoreVector,PartialOrder__Hamming__2,auprc_macro,0.3,0.1731±0.0017
chestxray_densenet,LGBM,ScoreVector,PartialOrder__Hamming__None,auprc_macro,0.3,0.1731±0.0017
chestxray_densenet,LGBM,ScoreVector,PartialOrder__Subset__2,auprc_macro,0.3,0.1731±0.0017
chestxray_densenet,LGBM,ScoreVector,PartialOrder__Subset__None,auprc_macro,0.3,0.1731±0.0017
chestxray_densenet,LGBM,ScoreVector,PreOrder__Hamming__2,auprc_macro,0.3,0.1731±0.0017
chestxray_densenet,LGBM,ScoreVector,PreOrder__Hamming__None,auprc_macro,0.3,0.1731±0.0017
chestxray_densenet,LGBM,ScoreVector,PreOrder__Subset__2,auprc_macro,0.3,0.1731±0.0017
chestxray_densenet,LGBM,ScoreVector,PreOrder__Subset__None,auprc_macro,0.3,0.1731±0.0017
chestxray_densenet,LGBM,ScoreVector,br,auprc_macro,0.3,0.1769±0.0036
chestxray_densenet,LGBM,ScoreVector,cc,auprc_macro,0.3,0.1741±0.0050
chestxray_densenet,LGBM,ScoreVector,clr,auprc_macro,0.3,0.1800±0.0047
chestxray_densenet,LGBM,ScoreVector,ecc,auprc_macro,0.3,0.2006±0.0029
chestxray_densenet,LGBM,ScoreVector,PartialOrder__Hamming__2,auprc_micro,0.0,0.2974±0.0102
chestxray_densenet,LGBM,ScoreVector,PartialOrder__Hamming__None,auprc_micro,0.0,0.2974±0.0102
chestxray_densenet,LGBM,ScoreVector,PartialOrder__Subset__2,auprc_micro,0.0,0.2974±0.0102
chestxray_densenet,LGBM,ScoreVector,PartialOrder__Subset__None,auprc_micro,0.0,0.2974±0.0102
chestxray_densenet,LGBM,ScoreVector,PreOrder__Hamming__2,auprc_micro,0.0,0.2974±0.0102
chestxray_densenet,LGBM,ScoreVector,PreOrder__Hamming__None,auprc_micro,0.0,0.2974±0.0102
chestxray_densenet,LGBM,ScoreVector,PreOrder__Subset__2,auprc_micro,0.0,0.2974±0.0102
chestxray_densenet,LGBM,ScoreVector,PreOrder__Subset__None,auprc_micro,0.0,0.2974±0.0102
chestxray_densenet,LGBM,ScoreVector,br,auprc_micro,0.0,0.2974±0.0102
chestxray_densenet,LGBM,ScoreVector,cc,auprc_micro,0.0,0.2919±0.0085
chestxray_densenet,LGBM,ScoreVector,clr,auprc_micro,0.0,0.2818±0.0099
chestxray_densenet,LGBM,ScoreVector,ecc,auprc_micro,0.0,0.3232±0.0102
chestxray_densenet,LGBM,ScoreVector,PartialOrder__Hamming__2,auprc_micro,0.1,0.2691±0.0082
chestxray_densenet,LGBM,ScoreVector,PartialOrder__Hamming__None,auprc_micro,0.1,0.2691±0.0082
chestxray_densenet,LGBM,ScoreVector,PartialOrder__Subset__2,auprc_micro,0.1,0.2691±0.0082
chestxray_densenet,LGBM,ScoreVector,PartialOrder__Subset__None,auprc_micro,0.1,0.2691±0.0082
chestxray_densenet,LGBM,ScoreVector,PreOrder__Hamming__2,auprc_micro,0.1,0.2691±0.0082
chestxray_densenet,LGBM,ScoreVector,PreOrder__Hamming__None,auprc_micro,0.1,0.2691±0.0082
chestxray_densenet,LGBM,ScoreVector,PreOrder__Subset__2,auprc_micro,0.1,0.2691±0.0082
chestxray_densenet,LGBM,ScoreVector,PreOrder__Subset__None,auprc_micro,0.1,0.2691±0.0082
chestxray_densenet,LGBM,ScoreVector,br,auprc_micro,0.1,0.2672±0.0067
chestxray_densenet,LGBM,ScoreVector,cc,auprc_micro,0.1,0.2700±0.0090
chestxray_densenet,LGBM,ScoreVector,clr,auprc_micro,0.1,0.2806±0.0080
chestxray_densenet,LGBM,ScoreVector,ecc,auprc_micro,0.1,0.3001±0.0102
chestxray_densenet,LGBM,ScoreVector,PartialOrder__Hamming__2,auprc_micro,0.2,0.2359±0.0093
chestxray_densenet,LGBM,ScoreVector,PartialOrder__Hamming__None,auprc_micro,0.2,0.2359±0.0093
chestxray_densenet,LGBM,ScoreVector,PartialOrder__Subset__2,auprc_micro,0.2,0.2359±0.0093
chestxray_densenet,LGBM,ScoreVector,PartialOrder__Subset__None,auprc_micro,0.2,0.2359±0.0093
chestxray_densenet,LGBM,ScoreVector,PreOrder__Hamming__2,auprc_micro,0.2,0.2359±0.0093
chestxray_densenet,LGBM,ScoreVector,PreOrder__Hamming__None,auprc_micro,0.2,0.2359±0.0093
chestxray_densenet,LGBM,ScoreVector,PreOrder__Subset__2,auprc_micro,0.2,0.2359±0.0093
chestxray_densenet,LGBM,ScoreVector,PreOrder__Subset__None,auprc_micro,0.2,0.2359±0.0093
chestxray_densenet,LGBM,ScoreVector,br,auprc_micro,0.2,0.2359±0.0075
chestxray_densenet,LGBM,ScoreVector,cc,auprc_micro,0.2,0.2399±0.0090
chestxray_densenet,LGBM,ScoreVector,clr,auprc_micro,0.2,0.2488±0.0076
chestxray_densenet,LGBM,ScoreVector,ecc,auprc_micro,0.2,0.2790±0.0117
chestxray_densenet,LGBM,ScoreVector,PartialOrder__Hamming__2,auprc_micro,0.3,0.1867±0.0026
chestxray_densenet,LGBM,ScoreVector,PartialOrder__Hamming__None,auprc_micro,0.3,0.1867±0.0026
chestxray_densenet,LGBM,ScoreVector,PartialOrder__Subset__2,auprc_micro,0.3,0.1867±0.0026
chestxray_densenet,LGBM,ScoreVector,PartialOrder__Subset__None,auprc_micro,0.3,0.1867±0.0026
chestxray_densenet,LGBM,ScoreVector,PreOrder__Hamming__2,auprc_micro,0.3,0.1867±0.0026
chestxray_densenet,LGBM,ScoreVector,PreOrder__Hamming__None,auprc_micro,0.3,0.1867±0.0026
chestxray_densenet,LGBM,ScoreVector,PreOrder__Subset__2,auprc_micro,0.3,0.1867±0.0026
chestxray_densenet,LGBM,ScoreVector,PreOrder__Subset__None,auprc_micro,0.3,0.1867±0.0026
chestxray_densenet,LGBM,ScoreVector,br,auprc_micro,0.3,0.1903±0.0055
chestxray_densenet,LGBM,ScoreVector,cc,auprc_micro,0.3,0.1896±0.0059
chestxray_densenet,LGBM,ScoreVector,clr,auprc_micro,0.3,0.1999±0.0058
chestxray_densenet,LGBM,ScoreVector,ecc,auprc_micro,0.3,0.2338±0.0040
chestxray_densenet,LGBM,ScoreVector,PartialOrder__Hamming__2,coverage,0.0,0.7574±0.0169
chestxray_densenet,LGBM,ScoreVector,PartialOrder__Hamming__None,coverage,0.0,0.7574±0.0169
chestxray_densenet,LGBM,ScoreVector,PartialOrder__Subset__2,coverage,0.0,0.7574±0.0169
chestxray_densenet,LGBM,ScoreVector,PartialOrder__Subset__None,coverage,0.0,0.7574±0.0169
chestxray_densenet,LGBM,ScoreVector,PreOrder__Hamming__2,coverage,0.0,0.7574±0.0169
chestxray_densenet,LGBM,ScoreVector,PreOrder__Hamming__None,coverage,0.0,0.7574±0.0169
chestxray_densenet,LGBM,ScoreVector,PreOrder__Subset__2,coverage,0.0,0.7574±0.0169
chestxray_densenet,LGBM,ScoreVector,PreOrder__Subset__None,coverage,0.0,0.7574±0.0169
chestxray_densenet,LGBM,ScoreVector,br,coverage,0.0,0.7574±0.0169
chestxray_densenet,LGBM,ScoreVector,cc,coverage,0.0,0.7638±0.0138
chestxray_densenet,LGBM,ScoreVector,clr,coverage,0.0,0.6828±0.0120
chestxray_densenet,LGBM,ScoreVector,ecc,coverage,0.0,0.6737±0.0068
chestxray_densenet,LGBM,ScoreVector,PartialOrder__Hamming__2,coverage,0.1,1.0491±0.0150
chestxray_densenet,LGBM,ScoreVector,PartialOrder__Hamming__None,coverage,0.1,1.0491±0.0150
chestxray_densenet,LGBM,ScoreVector,PartialOrder__Subset__2,coverage,0.1,1.0491±0.0150
chestxray_densenet,LGBM,ScoreVector,PartialOrder__Subset__None,coverage,0.1,1.0491±0.0150
chestxray_densenet,LGBM,ScoreVector,PreOrder__Hamming__2,coverage,0.1,1.0491±0.0150
chestxray_densenet,LGBM,ScoreVector,PreOrder__Hamming__None,coverage,0.1,1.0491±0.0150
chestxray_densenet,LGBM,ScoreVector,PreOrder__Subset__2,coverage,0.1,1.0491±0.0150
chestxray_densenet,LGBM,ScoreVector,PreOrder__Subset__None,coverage,0.1,1.0491±0.0150
chestxray_densenet,LGBM,ScoreVector,br,coverage,0.1,1.0658±0.0247
chestxray_densenet,LGBM,ScoreVector,cc,coverage,0.1,1.0390±0.0275
chestxray_densenet,LGBM,ScoreVector,clr,coverage,0.1,0.8965±0.0159
chestxray_densenet,LGBM,ScoreVector,ecc,coverage,0.1,0.9064±0.0028
chestxray_densenet,LGBM,ScoreVector,PartialOrder__Hamming__2,coverage,0.2,1.2223±0.0269
chestxray_densenet,LGBM,ScoreVector,PartialOrder__Hamming__None,coverage,0.2,1.2223±0.0269
chestxray_densenet,LGBM,ScoreVector,PartialOrder__Subset__2,coverage,0.2,1.2223±0.0269
chestxray_densenet,LGBM,ScoreVector,PartialOrder__Subset__None,coverage,0.2,1.2223±0.0269
chestxray_densenet,LGBM,ScoreVector,PreOrder__Hamming__2,coverage,0.2,1.2223±0.0269
chestxray_densenet,LGBM,ScoreVector,PreOrder__Hamming__None,coverage,0.2,1.2223±0.0269
chestxray_densenet,LGBM,ScoreVector,PreOrder__Subset__2,coverage,0.2,1.2223±0.0269
chestxray_densenet,LGBM,ScoreVector,PreOrder__Subset__None,coverage,0.2,1.2223±0.0269
chestxray_densenet,LGBM,ScoreVector,br,coverage,0.2,1.2021±0.0186
chestxray_densenet,LGBM,ScoreVector,cc,coverage,0.2,1.2015±0.0170
chestxray_densenet,LGBM,ScoreVector,clr,coverage,0.2,1.0574±0.0283
chestxray_densenet,LGBM,ScoreVector,ecc,coverage,0.2,1.0437±0.0214
chestxray_densenet,LGBM,ScoreVector,PartialOrder__Hamming__2,coverage,0.3,1.3555±0.0222
chestxray_densenet,LGBM,ScoreVector,PartialOrder__Hamming__None,coverage,0.3,1.3555±0.0222
chestxray_densenet,LGBM,ScoreVector,PartialOrder__Subset__2,coverage,0.3,1.3555±0.0222
chestxray_densenet,LGBM,ScoreVector,PartialOrder__Subset__None,coverage,0.3,1.3555±0.0222
chestxray_densenet,LGBM,ScoreVector,PreOrder__Hamming__2,coverage,0.3,1.3555±0.0222
chestxray_densenet,LGBM,ScoreVector,PreOrder__Hamming__None,coverage,0.3,1.3555±0.0222
chestxray_densenet,LGBM,ScoreVector,PreOrder__Subset__2,coverage,0.3,1.3555±0.0222
chestxray_densenet,LGBM,ScoreVector,PreOrder__Subset__None,coverage,0.3,1.3555±0.0222
chestxray_densenet,LGBM,ScoreVector,br,coverage,0.3,1.3648±0.0197
chestxray_densenet,LGBM,ScoreVector,cc,coverage,0.3,1.3504±0.0230
chestxray_densenet,LGBM,ScoreVector,clr,coverage,0.3,1.2057±0.0176
chestxray_densenet,LGBM,ScoreVector,ecc,coverage,0.3,1.2088±0.0173
chestxray_densenet,LGBM,ScoreVector,PartialOrder__Hamming__2,lr_ap,0.0,0.8086±0.0034
chestxray_densenet,LGBM,ScoreVector,PartialOrder__Hamming__None,lr_ap,0.0,0.8086±0.0034
chestxray_densenet,LGBM,ScoreVector,PartialOrder__Subset__2,lr_ap,0.0,0.8086±0.0034
chestxray_densenet,LGBM,ScoreVector,PartialOrder__Subset__None,lr_ap,0.0,0.8086±0.0034
chestxray_densenet,LGBM,ScoreVector,PreOrder__Hamming__2,lr_ap,0.0,0.8086±0.0034
chestxray_densenet,LGBM,ScoreVector,PreOrder__Hamming__None,lr_ap,0.0,0.8086±0.0034
chestxray_densenet,LGBM,ScoreVector,PreOrder__Subset__2,lr_ap,0.0,0.8086±0.0034
chestxray_densenet,LGBM,ScoreVector,PreOrder__Subset__None,lr_ap,0.0,0.8086±0.0034
chestxray_densenet,LGBM,ScoreVector,br,lr_ap,0.0,0.8086±0.0034
chestxray_densenet,LGBM,ScoreVector,cc,lr_ap,0.0,0.8063±0.0025
chestxray_densenet,LGBM,ScoreVector,clr,lr_ap,0.0,0.8218±0.0033
chestxray_densenet,LGBM,ScoreVector,ecc,lr_ap,0.0,0.8232±0.0027
chestxray_densenet,LGBM,ScoreVector,PartialOrder__Hamming__2,lr_ap,0.1,0.7791±0.0040
chestxray_densenet,LGBM,ScoreVector,PartialOrder__Hamming__None,lr_ap,0.1,0.7791±0.0040
chestxray_densenet,LGBM,ScoreVector,PartialOrder__Subset__2,lr_ap,0.1,0.7791±0.0040
chestxray_densenet,LGBM,ScoreVector,PartialOrder__Subset__None,lr_ap,0.1,0.7791±0.0040
chestxray_densenet,LGBM,ScoreVector,PreOrder__Hamming__2,lr_ap,0.1,0.7791±0.0040
chestxray_densenet,LGBM,ScoreVector,PreOrder__Hamming__None,lr_ap,0.1,0.7791±0.0040
chestxray_densenet,LGBM,ScoreVector,PreOrder__Subset__2,lr_ap,0.1,0.7791±0.0040
chestxray_densenet,LGBM,ScoreVector,PreOrder__Subset__None,lr_ap,0.1,0.7791±0.0040
chestxray_densenet,LGBM,ScoreVector,br,lr_ap,0.1,0.7771±0.0046
chestxray_densenet,LGBM,ScoreVector,cc,lr_ap,0.1,0.7801±0.0034
chestxray_densenet,LGBM,ScoreVector,clr,lr_ap,0.1,0.8005±0.0018
chestxray_densenet,LGBM,ScoreVector,ecc,lr_ap,0.1,0.8001±0.0042
chestxray_densenet,LGBM,ScoreVector,PartialOrder__Hamming__2,lr_ap,0.2,0.7576±0.0036
chestxray_densenet,LGBM,ScoreVector,PartialOrder__Hamming__None,lr_ap,0.2,0.7576±0.0036
chestxray_densenet,LGBM,ScoreVector,PartialOrder__Subset__2,lr_ap,0.2,0.7576±0.0036
chestxray_densenet,LGBM,ScoreVector,PartialOrder__Subset__None,lr_ap,0.2,0.7576±0.0036
chestxray_densenet,LGBM,ScoreVector,PreOrder__Hamming__2,lr_ap,0.2,0.7576±0.0036
chestxray_densenet,LGBM,ScoreVector,PreOrder__Hamming__None,lr_ap,0.2,0.7576±0.0036
chestxray_densenet,LGBM,ScoreVector,PreOrder__Subset__2,lr_ap,0.2,0.7576±0.0036
chestxray_densenet,LGBM,ScoreVector,PreOrder__Subset__None,lr_ap,0.2,0.7576±0.0036
chestxray_densenet,LGBM,ScoreVector,br,lr_ap,0.2,0.7596±0.0033
chestxray_densenet,LGBM,ScoreVector,cc,lr_ap,0.2,0.7608±0.0031
chestxray_densenet,LGBM,ScoreVector,clr,lr_ap,0.2,0.7810±0.0037
chestxray_densenet,LGBM,ScoreVector,ecc,lr_ap,0.2,0.7829±0.0045
chestxray_densenet,LGBM,ScoreVector,PartialOrder__Hamming__2,lr_ap,0.3,0.7362±0.0035
chestxray_densenet,LGBM,ScoreVector,PartialOrder__Hamming__None,lr_ap,0.3,0.7362±0.0035
chestxray_densenet,LGBM,ScoreVector,PartialOrder__Subset__2,lr_ap,0.3,0.7362±0.0035
chestxray_densenet,LGBM,ScoreVector,PartialOrder__Subset__None,lr_ap,0.3,0.7362±0.0035
chestxray_densenet,LGBM,ScoreVector,PreOrder__Hamming__2,lr_ap,0.3,0.7362±0.0035
chestxray_densenet,LGBM,ScoreVector,PreOrder__Hamming__None,lr_ap,0.3,0.7362±0.0035
chestxray_densenet,LGBM,ScoreVector,PreOrder__Subset__2,lr_ap,0.3,0.7362±0.0035
chestxray_densenet,LGBM,ScoreVector,PreOrder__Subset__None,lr_ap,0.3,0.7362±0.0035
chestxray_densenet,LGBM,ScoreVector,br,lr_ap,0.3,0.7357±0.0026
chestxray_densenet,LGBM,ScoreVector,cc,lr_ap,0.3,0.7373±0.0040
chestxray_densenet,LGBM,ScoreVector,clr,lr_ap,0.3,0.7586±0.0019
chestxray_densenet,LGBM,ScoreVector,ecc,lr_ap,0.3,0.7582±0.0017
chestxray_densenet,LGBM,ScoreVector,PartialOrder__Hamming__2,one_error,0.0,0.7246±0.0048
chestxray_densenet,LGBM,ScoreVector,PartialOrder__Hamming__None,one_error,0.0,0.7246±0.0048
chestxray_densenet,LGBM,ScoreVector,PartialOrder__Subset__2,one_error,0.0,0.7246±0.0048
chestxray_densenet,LGBM,ScoreVector,PartialOrder__Subset__None,one_error,0.0,0.7246±0.0048
chestxray_densenet,LGBM,ScoreVector,PreOrder__Hamming__2,one_error,0.0,0.7246±0.0048
chestxray_densenet,LGBM,ScoreVector,PreOrder__Hamming__None,one_error,0.0,0.7246±0.0048
chestxray_densenet,LGBM,ScoreVector,PreOrder__Subset__2,one_error,0.0,0.7246±0.0048
chestxray_densenet,LGBM,ScoreVector,PreOrder__Subset__None,one_error,0.0,0.7246±0.0048
chestxray_densenet,LGBM,ScoreVector,br,one_error,0.0,0.7246±0.0048
chestxray_densenet,LGBM,ScoreVector,cc,one_error,0.0,0.7286±0.0040
chestxray_densenet,LGBM,ScoreVector,clr,one_error,0.0,0.7065±0.0061
chestxray_densenet,LGBM,ScoreVector,ecc,one_error,0.0,0.7057±0.0058
chestxray_densenet,LGBM,ScoreVector,PartialOrder__Hamming__2,one_error,0.1,0.7500±0.0054
chestxray_densenet,LGBM,ScoreVector,PartialOrder__Hamming__None,one_error,0.1,0.7500±0.0054
chestxray_densenet,LGBM,ScoreVector,PartialOrder__Subset__2,one_error,0.1,0.7500±0.0054
chestxray_densenet,LGBM,ScoreVector,PartialOrder__Subset__None,one_error,0.1,0.7500±0.0054
chestxray_densenet,LGBM,ScoreVector,PreOrder__Hamming__2,one_error,0.1,0.7500±0.0054
chestxray_densenet,LGBM,ScoreVector,PreOrder__Hamming__None,one_error,0.1,0.7500±0.0054
chestxray_densenet,LGBM,ScoreVector,PreOrder__Subset__2,one_error,0.1,0.7500±0.0054
chestxray_densenet,LGBM,ScoreVector,PreOrder__Subset__None,one_error,0.1,0.7500±0.0054
chestxray_densenet,LGBM,ScoreVector,br,one_error,0.1,0.7530±0.0073
chestxray_densenet,LGBM,ScoreVector,cc,one_error,0.1,0.7500±0.0055
chestxray_densenet,LGBM,ScoreVector,clr,one_error,0.1,0.7255±0.0035
chestxray_densenet,LGBM,ScoreVector,ecc,one_error,0.1,0.7246±0.0084
chestxray_densenet,LGBM,ScoreVector,PartialOrder__Hamming__2,one_error,0.2,0.7747±0.0064
chestxray_densenet,LGBM,ScoreVector,PartialOrder__Hamming__None,one_error,0.2,0.7747±0.0064
chestxray_densenet,LGBM,ScoreVector,PartialOrder__Subset__2,one_error,0.2,0.7747±0.0064
chestxray_densenet,LGBM,ScoreVector,PartialOrder__Subset__None,one_error,0.2,0.7747±0.0064
chestxray_densenet,LGBM,ScoreVector,PreOrder__Hamming__2,one_error,0.2,0.7747±0.0064
chestxray_densenet,LGBM,ScoreVector,PreOrder__Hamming__None,one_error,0.2,0.7747±0.0064
chestxray_densenet,LGBM,ScoreVector,PreOrder__Subset__2,one_error,0.2,0.7747±0.0064
chestxray_densenet,LGBM,ScoreVector,PreOrder__Subset__None,one_error,0.2,0.7747±0.0064
chestxray_densenet,LGBM,ScoreVector,br,one_error,0.2,0.7741±0.0078
chestxray_densenet,LGBM,ScoreVector,cc,one_error,0.2,0.7703±0.0085
chestxray_densenet,LGBM,ScoreVector,clr,one_error,0.2,0.7463±0.0063
chestxray_densenet,LGBM,ScoreVector,ecc,one_error,0.2,0.7431±0.0103
chestxray_densenet,LGBM,ScoreVector,PartialOrder__Hamming__2,one_error,0.3,0.8040±0.0029
chestxray_densenet,LGBM,ScoreVector,PartialOrder__Hamming__None,one_error,0.3,0.8040±0.0029
chestxray_densenet,LGBM,ScoreVector,PartialOrder__Subset__2,one_error,0.3,0.8040±0.0029
chestxray_densenet,LGBM,ScoreVector,PartialOrder__Subset__None,one_error,0.3,0.8040±0.0029
chestxray_densenet,LGBM,ScoreVector,PreOrder__Hamming__2,one_error,0.3,0.8040±0.0029
chestxray_densenet,LGBM,ScoreVector,PreOrder__Hamming__None,one_error,0.3,0.8040±0.0029
chestxray_densenet,LGBM,ScoreVector,PreOrder__Subset__2,one_error,0.3,0.8040±0.0029
chestxray_densenet,LGBM,ScoreVector,PreOrder__Subset__None,one_error,0.3,0.8040±0.0029
chestxray_densenet,LGBM,ScoreVector,br,one_error,0.3,0.8049±0.0047
chestxray_densenet,LGBM,ScoreVector,cc,one_error,0.3,0.8035±0.0087
chestxray_densenet,LGBM,ScoreVector,clr,one_error,0.3,0.7754±0.0059
chestxray_densenet,LGBM,ScoreVector,ecc,one_error,0.3,0.7759±0.0023
chestxray_densenet,LGBM,ScoreVector,PartialOrder__Hamming__2,ranking_loss,0.0,0.1167±0.0025
chestxray_densenet,LGBM,ScoreVector,PartialOrder__Hamming__None,ranking_loss,0.0,0.1167±0.0025
chestxray_densenet,LGBM,ScoreVector,PartialOrder__Subset__2,ranking_loss,0.0,0.1167±0.0025
chestxray_densenet,LGBM,ScoreVector,PartialOrder__Subset__None,ranking_loss,0.0,0.1167±0.0025
chestxray_densenet,LGBM,ScoreVector,PreOrder__Hamming__2,ranking_loss,0.0,0.1167±0.0025
chestxray_densenet,LGBM,ScoreVector,PreOrder__Hamming__None,ranking_loss,0.0,0.1167±0.0025
chestxray_densenet,LGBM,ScoreVector,PreOrder__Subset__2,ranking_loss,0.0,0.1167±0.0025
chestxray_densenet,LGBM,ScoreVector,PreOrder__Subset__None,ranking_loss,0.0,0.1167±0.0025
chestxray_densenet,LGBM,ScoreVector,br,ranking_loss,0.0,0.1167±0.0025
chestxray_densenet,LGBM,ScoreVector,cc,ranking_loss,0.0,0.1181±0.0017
chestxray_densenet,LGBM,ScoreVector,clr,ranking_loss,0.0,0.1064±0.0026
chestxray_densenet,LGBM,ScoreVector,ecc,ranking_loss,0.0,0.1054±0.0019
chestxray_densenet,LGBM,ScoreVector,PartialOrder__Hamming__2,ranking_loss,0.1,0.1540±0.0016
chestxray_densenet,LGBM,ScoreVector,PartialOrder__Hamming__None,ranking_loss,0.1,0.1540±0.0016
chestxray_densenet,LGBM,ScoreVector,PartialOrder__Subset__2,ranking_loss,0.1,0.1540±0.0016
chestxray_densenet,LGBM,ScoreVector,PartialOrder__Subset__None,ranking_loss,0.1,0.1540±0.0016
chestxray_densenet,LGBM,ScoreVector,PreOrder__Hamming__2,ranking_loss,0.1,0.1540±0.0016
chestxray_densenet,LGBM,ScoreVector,PreOrder__Hamming__None,ranking_loss,0.1,0.1540±0.0016
chestxray_densenet,LGBM,ScoreVector,PreOrder__Subset__2,ranking_loss,0.1,0.1540±0.0016
chestxray_densenet,LGBM,ScoreVector,PreOrder__Subset__None,ranking_loss,0.1,0.1540±0.0016
chestxray_densenet,LGBM,ScoreVector,br,ranking_loss,0.1,0.1571±0.0019
chestxray_densenet,LGBM,ScoreVector,cc,ranking_loss,0.1,0.1532±0.0022
chestxray_densenet,LGBM,ScoreVector,clr,ranking_loss,0.1,0.1334±0.0010
chestxray_densenet,LGBM,ScoreVector,ecc,ranking_loss,0.1,0.1348±0.0019
chestxray_densenet,LGBM,ScoreVector,PartialOrder__Hamming__2,ranking_loss,0.2,0.1779±0.0030
chestxray_densenet,LGBM,ScoreVector,PartialOrder__Hamming__None,ranking_loss,0.2,0.1779±0.0030
chestxray_densenet,LGBM,ScoreVector,PartialOrder__Subset__2,ranking_loss,0.2,0.1779±0.0030
chestxray_densenet,LGBM,ScoreVector,PartialOrder__Subset__None,ranking_loss,0.2,0.1779±0.0030
chestxray_densenet,LGBM,ScoreVector,PreOrder__Hamming__2,ranking_loss,0.2,0.1779±0.0030
chestxray_densenet,LGBM,ScoreVector,PreOrder__Hamming__None,ranking_loss,0.2,0.1779±0.0030
chestxray_densenet,LGBM,ScoreVector,PreOrder__Subset__2,ranking_loss,0.2,0.1779±0.0030
chestxray_densenet,LGBM,ScoreVector,PreOrder__Subset__None,ranking_loss,0.2,0.1779±0.0030
chestxray_densenet,LGBM,ScoreVector,br,ranking_loss,0.2,0.1754±0.0015
chestxray_densenet,LGBM,ScoreVector,cc,ranking_loss,0.2,0.1752±0.0027
chestxray_densenet,LGBM,ScoreVector,clr,ranking_loss,0.2,0.1548±0.0024
chestxray_densenet,LGBM,ScoreVector,ecc,ranking_loss,0.2,0.1532±0.0024
chestxray_densenet,LGBM,ScoreVector,PartialOrder__Hamming__2,ranking_loss,0.3,0.1984±0.0018
chestxray_densenet,LGBM,ScoreVector,PartialOrder__Hamming__None,ranking_loss,0.3,0.1984±0.0018
chestxray_densenet,LGBM,ScoreVector,PartialOrder__Subset__2,ranking_loss,0.3,0.1984±0.0018
chestxray_densenet,LGBM,ScoreVector,PartialOrder__Subset__None,ranking_loss,0.3,0.1984±0.0018
chestxray_densenet,LGBM,ScoreVector,PreOrder__Hamming__2,ranking_loss,0.3,0.1984±0.0018
chestxray_densenet,LGBM,ScoreVector,PreOrder__Hamming__None,ranking_loss,0.3,0.1984±0.0018
chestxray_densenet,LGBM,ScoreVector,PreOrder__Subset__2,ranking_loss,0.3,0.1984±0.0018
chestxray_densenet,LGBM,ScoreVector,PreOrder__Subset__None,ranking_loss,0.3,0.1984±0.0018
chestxray_densenet,LGBM,ScoreVector,br,ranking_loss,0.3,0.1996±0.0028
chestxray_densenet,LGBM,ScoreVector,cc,ranking_loss,0.3,0.1972±0.0032
chestxray_densenet,LGBM,ScoreVector,clr,ranking_loss,0.3,0.1764±0.0024
chestxray_densenet,LGBM,ScoreVector,ecc,ranking_loss,0.3,0.1761±0.0016
chestxray_densenet,RF,BinaryVector,PartialOrder__Hamming__2,afrd,0.0,0.9004±0.0064
chestxray_densenet,RF,BinaryVector,PartialOrder__Hamming__None,afrd,0.0,0.8971±0.0070
chestxray_densenet,RF,BinaryVector,PartialOrder__Subset__2,afrd,0.0,0.9004±0.0064
chestxray_densenet,RF,BinaryVector,PartialOrder__Subset__None,afrd,0.0,0.8970±0.0070
chestxray_densenet,RF,BinaryVector,PreOrder__Hamming__2,afrd,0.0,0.8622±0.0100
chestxray_densenet,RF,BinaryVector,PreOrder__Hamming__None,afrd,0.0,0.8579±0.0106
chestxray_densenet,RF,BinaryVector,PreOrder__Subset__2,afrd,0.0,0.8616±0.0102
chestxray_densenet,RF,BinaryVector,PreOrder__Subset__None,afrd,0.0,0.8585±0.0097
chestxray_densenet,RF,BinaryVector,br,afrd,0.0,0.9560±0.0005
chestxray_densenet,RF,BinaryVector,cc,afrd,0.0,0.9568±0.0020
chestxray_densenet,RF,BinaryVector,clr,afrd,0.0,0.9918±0.0005
chestxray_densenet,RF,BinaryVector,ecc,afrd,0.0,0.9639±0.0021
chestxray_densenet,RF,BinaryVector,mlknn,afrd,0.0,0.8623±0.0149
chestxray_densenet,RF,BinaryVector,PartialOrder__Hamming__2,afrd,0.1,0.8920±0.0060
chestxray_densenet,RF,BinaryVector,PartialOrder__Hamming__None,afrd,0.1,0.8870±0.0067
chestxray_densenet,RF,BinaryVector,PartialOrder__Subset__2,afrd,0.1,0.8920±0.0061
chestxray_densenet,RF,BinaryVector,PartialOrder__Subset__None,afrd,0.1,0.8884±0.0061
chestxray_densenet,RF,BinaryVector,PreOrder__Hamming__2,afrd,0.1,0.8124±0.0114
chestxray_densenet,RF,BinaryVector,PreOrder__Hamming__None,afrd,0.1,0.8072±0.0113
chestxray_densenet,RF,BinaryVector,PreOrder__Subset__2,afrd,0.1,0.8120±0.0115
chestxray_densenet,RF,BinaryVector,PreOrder__Subset__None,afrd,0.1,0.8080±0.0112
chestxray_densenet,RF,BinaryVector,br,afrd,0.1,0.9438±0.0030
chestxray_densenet,RF,BinaryVector,cc,afrd,0.1,0.9443±0.0037
chestxray_densenet,RF,BinaryVector,clr,afrd,0.1,0.9895±0.0011
chestxray_densenet,RF,BinaryVector,ecc,afrd,0.1,0.9559±0.0032
chestxray_densenet,RF,BinaryVector,mlknn,afrd,0.1,0.8262±0.0168
chestxray_densenet,RF,BinaryVector,PartialOrder__Hamming__2,afrd,0.2,0.8753±0.0087
chestxray_densenet,RF,BinaryVector,PartialOrder__Hamming__None,afrd,0.2,0.8685±0.0085
chestxray_densenet,RF,BinaryVector,PartialOrder__Subset__2,afrd,0.2,0.8753±0.0088
chestxray_densenet,RF,BinaryVector,PartialOrder__Subset__None,afrd,0.2,0.8702±0.0091
chestxray_densenet,RF,BinaryVector,PreOrder__Hamming__2,afrd,0.2,0.7093±0.0150
chestxray_densenet,RF,BinaryVector,PreOrder__Hamming__None,afrd,0.2,0.7030±0.0149
chestxray_densenet,RF,BinaryVector,PreOrder__Subset__2,afrd,0.2,0.7084±0.0152
chestxray_densenet,RF,BinaryVector,PreOrder__Subset__None,afrd,0.2,0.7044±0.0150
chestxray_densenet,RF,BinaryVector,br,afrd,0.2,0.9192±0.0049
chestxray_densenet,RF,BinaryVector,cc,afrd,0.2,0.9194±0.0039
chestxray_densenet,RF,BinaryVector,clr,afrd,0.2,0.9879±0.0018
chestxray_densenet,RF,BinaryVector,ecc,afrd,0.2,0.9379±0.0047
chestxray_densenet,RF,BinaryVector,mlknn,afrd,0.2,0.7446±0.0346
chestxray_densenet,RF,BinaryVector,PartialOrder__Hamming__2,afrd,0.3,0.8287±0.0089
chestxray_densenet,RF,BinaryVector,PartialOrder__Hamming__None,afrd,0.3,0.8188±0.0091
chestxray_densenet,RF,BinaryVector,PartialOrder__Subset__2,afrd,0.3,0.8287±0.0088
chestxray_densenet,RF,BinaryVector,PartialOrder__Subset__None,afrd,0.3,0.8207±0.0095
chestxray_densenet,RF,BinaryVector,PreOrder__Hamming__2,afrd,0.3,0.4578±0.0136
chestxray_densenet,RF,BinaryVector,PreOrder__Hamming__None,afrd,0.3,0.4628±0.0135
chestxray_densenet,RF,BinaryVector,PreOrder__Subset__2,afrd,0.3,0.4558±0.0139
chestxray_densenet,RF,BinaryVector,PreOrder__Subset__None,afrd,0.3,0.4646±0.0137
chestxray_densenet,RF,BinaryVector,br,afrd,0.3,0.8554±0.0059
chestxray_densenet,RF,BinaryVector,cc,afrd,0.3,0.8568±0.0046
chestxray_densenet,RF,BinaryVector,clr,afrd,0.3,0.9866±0.0025
chestxray_densenet,RF,BinaryVector,ecc,afrd,0.3,0.8956±0.0061
chestxray_densenet,RF,BinaryVector,mlknn,afrd,0.3,0.5784±0.0504
chestxray_densenet,RF,BinaryVector,PartialOrder__Hamming__2,example_precision,0.0,0.1193±0.0016
chestxray_densenet,RF,BinaryVector,PartialOrder__Hamming__None,example_precision,0.0,0.1196±0.0016
chestxray_densenet,RF,BinaryVector,PartialOrder__Subset__2,example_precision,0.0,0.1193±0.0016
chestxray_densenet,RF,BinaryVector,PartialOrder__Subset__None,example_precision,0.0,0.1197±0.0015
chestxray_densenet,RF,BinaryVector,PreOrder__Hamming__2,example_precision,0.0,0.1220±0.0015
chestxray_densenet,RF,BinaryVector,PreOrder__Hamming__None,example_precision,0.0,0.1224±0.0016
chestxray_densenet,RF,BinaryVector,PreOrder__Subset__2,example_precision,0.0,0.1220±0.0014
chestxray_densenet,RF,BinaryVector,PreOrder__Subset__None,example_precision,0.0,0.1224±0.0015
chestxray_densenet,RF,BinaryVector,br,example_precision,0.0,0.4771±0.0017
chestxray_densenet,RF,BinaryVector,cc,example_precision,0.0,0.4758±0.0023
chestxray_densenet,RF,BinaryVector,clr,example_precision,0.0,0.4607±0.0037
chestxray_densenet,RF,BinaryVector,ecc,example_precision,0.0,0.4754±0.0024
chestxray_densenet,RF,BinaryVector,mlknn,example_precision,0.0,0.4828±0.0046
chestxray_densenet,RF,BinaryVector,PartialOrder__Hamming__2,example_precision,0.1,0.1164±0.0019
chestxray_densenet,RF,BinaryVector,PartialOrder__Hamming__None,example_precision,0.1,0.1167±0.0019
chestxray_densenet,RF,BinaryVector,PartialOrder__Subset__2,example_precision,0.1,0.1164±0.0019
chestxray_densenet,RF,BinaryVector,PartialOrder__Subset__None,example_precision,0.1,0.1168±0.0019
chestxray_densenet,RF,BinaryVector,PreOrder__Hamming__2,example_precision,0.1,0.1238±0.0020
chestxray_densenet,RF,BinaryVector,PreOrder__Hamming__None,example_precision,0.1,0.1239±0.0019
chestxray_densenet,RF,BinaryVector,PreOrder__Subset__2,example_precision,0.1,0.1237±0.0020
chestxray_densenet,RF,BinaryVector,PreOrder__Subset__None,example_precision,0.1,0.1237±0.0021
chestxray_densenet,RF,BinaryVector,br,example_precision,0.1,0.4745±0.0036
chestxray_densenet,RF,BinaryVector,cc,example_precision,0.1,0.4755±0.0031
chestxray_densenet,RF,BinaryVector,clr,example_precision,0.1,0.4616±0.0042
chestxray_densenet,RF,BinaryVector,ecc,example_precision,0.1,0.4737±0.0031
chestxray_densenet,RF,BinaryVector,mlknn,example_precision,0.1,0.4617±0.0077
chestxray_densenet,RF,BinaryVector,PartialOrder__Hamming__2,example_precision,0.2,0.1137±0.0018
chestxray_densenet,RF,BinaryVector,PartialOrder__Hamming__None,example_precision,0.2,0.1140±0.0017
chestxray_densenet,RF,BinaryVector,PartialOrder__Subset__2,example_precision,0.2,0.1137±0.0017
chestxray_densenet,RF,BinaryVector,PartialOrder__Subset__None,example_precision,0.2,0.1140±0.0018
chestxray_densenet,RF,BinaryVector,PreOrder__Hamming__2,example_precision,0.2,0.1264±0.0022
chestxray_densenet,RF,BinaryVector,PreOrder__Hamming__None,example_precision,0.2,0.1261±0.0021
chestxray_densenet,RF,BinaryVector,PreOrder__Subset__2,example_precision,0.2,0.1263±0.0022
chestxray_densenet,RF,BinaryVector,PreOrder__Subset__None,example_precision,0.2,0.1260±0.0022
chestxray_densenet,RF,BinaryVector,br,example_precision,0.2,0.4669±0.0044
chestxray_densenet,RF,BinaryVector,cc,example_precision,0.2,0.4670±0.0037
chestxray_densenet,RF,BinaryVector,clr,example_precision,0.2,0.4621±0.0038
chestxray_densenet,RF,BinaryVector,ecc,example_precision,0.2,0.4709±0.0038
chestxray_densenet,RF,BinaryVector,mlknn,example_precision,0.2,0.3777±0.0136
chestxray_densenet,RF,BinaryVector,PartialOrder__Hamming__2,example_precision,0.3,0.1120±0.0018
chestxray_densenet,RF,BinaryVector,PartialOrder__Hamming__None,example_precision,0.3,0.1124±0.0018
chestxray_densenet,RF,BinaryVector,PartialOrder__Subset__2,example_precision,0.3,0.1120±0.0018
chestxray_densenet,RF,BinaryVector,PartialOrder__Subset__None,example_precision,0.3,0.1123±0.0018
chestxray_densenet,RF,BinaryVector,PreOrder__Hamming__2,example_precision,0.3,0.1308±0.0026
chestxray_densenet,RF,BinaryVector,PreOrder__Hamming__None,example_precision,0.3,0.1294±0.0025
chestxray_densenet,RF,BinaryVector,PreOrder__Subset__2,example_precision,0.3,0.1307±0.0027
chestxray_densenet,RF,BinaryVector,PreOrder__Subset__None,example_precision,0.3,0.1290±0.0024
chestxray_densenet,RF,BinaryVector,br,example_precision,0.3,0.4234±0.0067
chestxray_densenet,RF,BinaryVector,cc,example_precision,0.3,0.4234±0.0050
chestxray_densenet,RF,BinaryVector,clr,example_precision,0.3,0.4596±0.0038
chestxray_densenet,RF,BinaryVector,ecc,example_precision,0.3,0.4500±0.0056
chestxray_densenet,RF,BinaryVector,mlknn,example_precision,0.3,0.2431±0.0203
chestxray_densenet,RF,BinaryVector,PartialOrder__Hamming__2,example_recall,0.0,0.5329±0.0037
chestxray_densenet,RF,BinaryVector,PartialOrder__Hamming__None,example_recall,0.0,0.5327±0.0036
chestxray_densenet,RF,BinaryVector,PartialOrder__Subset__2,example_recall,0.0,0.5329±0.0037
chestxray_densenet,RF,BinaryVector,PartialOrder__Subset__None,example_recall,0.0,0.5324±0.0037
chestxray_densenet,RF,BinaryVector,PreOrder__Hamming__2,example_recall,0.0,0.5212±0.0031
chestxray_densenet,RF,BinaryVector,PreOrder__Hamming__None,example_recall,0.0,0.5209±0.0033
chestxray_densenet,RF,BinaryVector,PreOrder__Subset__2,example_recall,0.0,0.5207±0.0031
chestxray_densenet,RF,BinaryVector,PreOrder__Subset__None,example_recall,0.0,0.5207±0.0032
chestxray_densenet,RF,BinaryVector,br,example_recall,0.0,0.4642±0.0018
chestxray_densenet,RF,BinaryVector,cc,example_recall,0.0,0.4628±0.0021
chestxray_densenet,RF,BinaryVector,clr,example_recall,0.0,0.4573±0.0038
chestxray_densenet,RF,BinaryVector,ecc,example_recall,0.0,0.4641±0.0026
chestxray_densenet,RF,BinaryVector,mlknn,example_recall,0.0,0.4590±0.0051
chestxray_densenet,RF,BinaryVector,PartialOrder__Hamming__2,example_recall,0.1,0.5313±0.0037
chestxray_densenet,RF,BinaryVector,PartialOrder__Hamming__None,example_recall,0.1,0.5307±0.0038
chestxray_densenet,RF,BinaryVector,PartialOrder__Subset__2,example_recall,0.1,0.5313±0.0037
chestxray_densenet,RF,BinaryVector,PartialOrder__Subset__None,example_recall,0.1,0.5307±0.0038
chestxray_densenet,RF,BinaryVector,PreOrder__Hamming__2,example_recall,0.1,0.5112±0.0039
chestxray_densenet,RF,BinaryVector,PreOrder__Hamming__None,example_recall,0.1,0.5110±0.0038
chestxray_densenet,RF,BinaryVector,PreOrder__Subset__2,example_recall,0.1,0.5108±0.0040
chestxray_densenet,RF,BinaryVector,PreOrder__Subset__None,example_recall,0.1,0.5105±0.0038
chestxray_densenet,RF,BinaryVector,br,example_recall,0.1,0.4607±0.0033
chestxray_densenet,RF,BinaryVector,cc,example_recall,0.1,0.4617±0.0030
chestxray_densenet,RF,BinaryVector,clr,example_recall,0.1,0.4576±0.0043
chestxray_densenet,RF,BinaryVector,ecc,example_recall,0.1,0.4617±0.0033
chestxray_densenet,RF,BinaryVector,mlknn,example_recall,0.1,0.4380±0.0070
chestxray_densenet,RF,BinaryVector,PartialOrder__Hamming__2,example_recall,0.2,0.5263±0.0042
chestxray_densenet,RF,BinaryVector,PartialOrder__Hamming__None,example_recall,0.2,0.5254±0.0042
chestxray_densenet,RF,BinaryVector,PartialOrder__Subset__2,example_recall,0.2,0.5263±0.0042
chestxray_densenet,RF,BinaryVector,PartialOrder__Subset__None,example_recall,0.2,0.5254±0.0041
chestxray_densenet,RF,BinaryVector,PreOrder__Hamming__2,example_recall,0.2,0.4898±0.0048
chestxray_densenet,RF,BinaryVector,PreOrder__Hamming__None,example_recall,0.2,0.4899±0.0045
chestxray_densenet,RF,BinaryVector,PreOrder__Subset__2,example_recall,0.2,0.4891±0.0048
chestxray_densenet,RF,BinaryVector,PreOrder__Subset__None,example_recall,0.2,0.4896±0.0046
chestxray_densenet,RF,BinaryVector,br,example_recall,0.2,0.4514±0.0035
chestxray_densenet,RF,BinaryVector,cc,example_recall,0.2,0.4510±0.0039
chestxray_densenet,RF,BinaryVector,clr,example_recall,0.2,0.4577±0.0039
chestxray_densenet,RF,BinaryVector,ecc,example_recall,0.2,0.4576±0.0033
chestxray_densenet,RF,BinaryVector,mlknn,example_recall,0.2,0.3675±0.0106
chestxray_densenet,RF,BinaryVector,PartialOrder__Hamming__2,example_recall,0.3,0.5151±0.0041
chestxray_densenet,RF,BinaryVector,PartialOrder__Hamming__None,example_recall,0.3,0.5137±0.0038
chestxray_densenet,RF,BinaryVector,PartialOrder__Subset__2,example_recall,0.3,0.5150±0.0041
chestxray_densenet,RF,BinaryVector,PartialOrder__Subset__None,example_recall,0.3,0.5137±0.0040
chestxray_densenet,RF,BinaryVector,PreOrder__Hamming__2,example_recall,0.3,0.4335±0.0056
chestxray_densenet,RF,BinaryVector,PreOrder__Hamming__None,example_recall,0.3,0.4381±0.0054
chestxray_densenet,RF,BinaryVector,PreOrder__Subset__2,example_recall,0.3,0.4320±0.0057
chestxray_densenet,RF,BinaryVector,PreOrder__Subset__None,example_recall,0.3,0.4377±0.0051
chestxray_densenet,RF,BinaryVector,br,example_recall,0.3,0.4093±0.0061
chestxray_densenet,RF,BinaryVector,cc,example_recall,0.3,0.4086±0.0052
chestxray_densenet,RF,BinaryVector,clr,example_recall,0.3,0.4558±0.0038
chestxray_densenet,RF,BinaryVector,ecc,example_recall,0.3,0.4360±0.0050
chestxray_densenet,RF,BinaryVector,mlknn,example_recall,0.3,0.2713±0.0134
chestxray_densenet,RF,BinaryVector,PartialOrder__Hamming__2,f1,0.0,0.1828±0.0020
chestxray_densenet,RF,BinaryVector,PartialOrder__Hamming__None,f1,0.0,0.1832±0.0019
chestxray_densenet,RF,BinaryVector,PartialOrder__Subset__2,f1,0.0,0.1828±0.0020
chestxray_densenet,RF,BinaryVector,PartialOrder__Subset__None,f1,0.0,0.1833±0.0020
chestxray_densenet,RF,BinaryVector,PreOrder__Hamming__2,f1,0.0,0.1820±0.0018
chestxray_densenet,RF,BinaryVector,PreOrder__Hamming__None,f1,0.0,0.1825±0.0019
chestxray_densenet,RF,BinaryVector,PreOrder__Subset__2,f1,0.0,0.1818±0.0018
chestxray_densenet,RF,BinaryVector,PreOrder__Subset__None,f1,0.0,0.1825±0.0019
chestxray_densenet,RF,BinaryVector,br,f1,0.0,0.4677±0.0017
chestxray_densenet,RF,BinaryVector,cc,f1,0.0,0.4664±0.0020
chestxray_densenet,RF,BinaryVector,clr,f1,0.0,0.4583±0.0038
chestxray_densenet,RF,BinaryVector,ecc,f1,0.0,0.4673±0.0025
chestxray_densenet,RF,BinaryVector,mlknn,f1,0.0,0.4644±0.0051
chestxray_densenet,RF,BinaryVector,PartialOrder__Hamming__2,f1,0.1,0.1812±0.0022
chestxray_densenet,RF,BinaryVector,PartialOrder__Hamming__None,f1,0.1,0.1815±0.0023
chestxray_densenet,RF,BinaryVector,PartialOrder__Subset__2,f1,0.1,0.1811±0.0022
chestxray_densenet,RF,BinaryVector,PartialOrder__Subset__None,f1,0.1,0.1815±0.0023
chestxray_densenet,RF,BinaryVector,PreOrder__Hamming__2,f1,0.1,0.1835±0.0022
chestxray_densenet,RF,BinaryVector,PreOrder__Hamming__None,f1,0.1,0.1842±0.0021
chestxray_densenet,RF,BinaryVector,PreOrder__Subset__2,f1,0.1,0.1833±0.0022
chestxray_densenet,RF,BinaryVector,PreOrder__Subset__None,f1,0.1,0.1839±0.0024
chestxray_densenet,RF,BinaryVector,br,f1,0.1,0.4642±0.0033
chestxray_densenet,RF,BinaryVector,cc,f1,0.1,0.4652±0.0029
chestxray_densenet,RF,BinaryVector,clr,f1,0.1,0.4588±0.0043
chestxray_densenet,RF,BinaryVector,ecc,f1,0.1,0.4649±0.0032
chestxray_densenet,RF,BinaryVector,mlknn,f1,0.1,0.4418±0.0076
chestxray_densenet,RF,BinaryVector,PartialOrder__Hamming__2,f1,0.2,0.1789±0.0024
chestxray_densenet,RF,BinaryVector,PartialOrder__Hamming__None,f1,0.2,0.1792±0.0023
chestxray_densenet,RF,BinaryVector,PartialOrder__Subset__2,f1,0.2,0.1788±0.0024
chestxray_densenet,RF,BinaryVector,PartialOrder__Subset__None,f1,0.2,0.1791±0.0024
chestxray_densenet,RF,BinaryVector,PreOrder__Hamming__2,f1,0.2,0.1854±0.0025
chestxray_densenet,RF,BinaryVector,PreOrder__Hamming__None,f1,0.2,0.1862±0.0024
chestxray_densenet,RF,BinaryVector,PreOrder__Subset__2,f1,0.2,0.1851±0.0026
chestxray_densenet,RF,BinaryVector,PreOrder__Subset__None,f1,0.2,0.1860±0.0024
chestxray_densenet,RF,BinaryVector,br,f1,0.2,0.4547±0.0037
chestxray_densenet,RF,BinaryVector,cc,f1,0.2,0.4545±0.0037
chestxray_densenet,RF,BinaryVector,clr,f1,0.2,0.4590±0.0039
chestxray_densenet,RF,BinaryVector,ecc,f1,0.2,0.4607±0.0033
chestxray_densenet,RF,BinaryVector,mlknn,f1,0.2,0.3627±0.0129
chestxray_densenet,RF,BinaryVector,PartialOrder__Hamming__2,f1,0.3,0.1768±0.0025
chestxray_densenet,RF,BinaryVector,PartialOrder__Hamming__None,f1,0.3,0.1772±0.0023
chestxray_densenet,RF,BinaryVector,PartialOrder__Subset__2,f1,0.3,0.1768±0.0025
chestxray_densenet,RF,BinaryVector,PartialOrder__Subset__None,f1,0.3,0.1771±0.0025
chestxray_densenet,RF,BinaryVector,PreOrder__Hamming__2,f1,0.3,0.1862±0.0030
chestxray_densenet,RF,BinaryVector,PreOrder__Hamming__None,f1,0.3,0.1871±0.0030
chestxray_densenet,RF,BinaryVector,PreOrder__Subset__2,f1,0.3,0.1856±0.0031
chestxray_densenet,RF,BinaryVector,PreOrder__Subset__None,f1,0.3,0.1866±0.0029
chestxray_densenet,RF,BinaryVector,br,f1,0.3,0.4098±0.0062
chestxray_densenet,RF,BinaryVector,cc,f1,0.3,0.4094±0.0051
chestxray_densenet,RF,BinaryVector,clr,f1,0.3,0.4568±0.0038
chestxray_densenet,RF,BinaryVector,ecc,f1,0.3,0.4377±0.0051
chestxray_densenet,RF,BinaryVector,mlknn,f1,0.3,0.2422±0.0170
chestxray_densenet,RF,BinaryVector,PartialOrder__Hamming__2,hamming_accuracy,0.0,0.1522±0.0015
chestxray_densenet,RF,BinaryVector,PartialOrder__Hamming__None,hamming_accuracy,0.0,0.1538±0.0014
chestxray_densenet,RF,BinaryVector,PartialOrder__Subset__2,hamming_accuracy,0.0,0.1522±0.0015
chestxray_densenet,RF,BinaryVector,PartialOrder__Subset__None,hamming_accuracy,0.0,0.1540±0.0015
chestxray_densenet,RF,BinaryVector,PreOrder__Hamming__2,hamming_accuracy,0.0,0.1611±0.0021
chestxray_densenet,RF,BinaryVector,PreOrder__Hamming__None,hamming_accuracy,0.0,0.1634±0.0022
chestxray_densenet,RF,BinaryVector,PreOrder__Subset__2,hamming_accuracy,0.0,0.1610±0.0021
chestxray_densenet,RF,BinaryVector,PreOrder__Subset__None,hamming_accuracy,0.0,0.1632±0.0019
chestxray_densenet,RF,BinaryVector,br,hamming_accuracy,0.0,0.8957±0.0011
chestxray_densenet,RF,BinaryVector,cc,hamming_accuracy,0.0,0.8956±0.0011
chestxray_densenet,RF,BinaryVector,clr,hamming_accuracy,0.0,0.8955±0.0015
chestxray_densenet,RF,BinaryVector,ecc,hamming_accuracy,0.0,0.8960±0.0012
chestxray_densenet,RF,BinaryVector,mlknn,hamming_accuracy,0.0,0.8891±0.0011
chestxray_densenet,RF,BinaryVector,PartialOrder__Hamming__2,hamming_accuracy,0.1,0.1560±0.0021
chestxray_densenet,RF,BinaryVector,PartialOrder__Hamming__None,hamming_accuracy,0.1,0.1582±0.0021
chestxray_densenet,RF,BinaryVector,PartialOrder__Subset__2,hamming_accuracy,0.1,0.1560±0.0021
chestxray_densenet,RF,BinaryVector,PartialOrder__Subset__None,hamming_accuracy,0.1,0.1578±0.0021
chestxray_densenet,RF,BinaryVector,PreOrder__Hamming__2,hamming_accuracy,0.1,0.1824±0.0030
chestxray_densenet,RF,BinaryVector,PreOrder__Hamming__None,hamming_accuracy,0.1,0.1856±0.0030
chestxray_densenet,RF,BinaryVector,PreOrder__Subset__2,hamming_accuracy,0.1,0.1823±0.0030
chestxray_densenet,RF,BinaryVector,PreOrder__Subset__None,hamming_accuracy,0.1,0.1852±0.0030
chestxray_densenet,RF,BinaryVector,br,hamming_accuracy,0.1,0.8939±0.0012
chestxray_densenet,RF,BinaryVector,cc,hamming_accuracy,0.1,0.8941±0.0013
chestxray_densenet,RF,BinaryVector,clr,hamming_accuracy,0.1,0.8954±0.0015
chestxray_densenet,RF,BinaryVector,ecc,hamming_accuracy,0.1,0.8949±0.0011
chestxray_densenet,RF,BinaryVector,mlknn,hamming_accuracy,0.1,0.8796±0.0028
chestxray_densenet,RF,BinaryVector,PartialOrder__Hamming__2,hamming_accuracy,0.2,0.1630±0.0029
chestxray_densenet,RF,BinaryVector,PartialOrder__Hamming__None,hamming_accuracy,0.2,0.1661±0.0029
chestxray_densenet,RF,BinaryVector,PartialOrder__Subset__2,hamming_accuracy,0.2,0.1630±0.0029
chestxray_densenet,RF,BinaryVector,PartialOrder__Subset__None,hamming_accuracy,0.2,0.1656±0.0030
chestxray_densenet,RF,BinaryVector,PreOrder__Hamming__2,hamming_accuracy,0.2,0.2268±0.0060
chestxray_densenet,RF,BinaryVector,PreOrder__Hamming__None,hamming_accuracy,0.2,0.2313±0.0060
chestxray_densenet,RF,BinaryVector,PreOrder__Subset__2,hamming_accuracy,0.2,0.2267±0.0060
chestxray_densenet,RF,BinaryVector,PreOrder__Subset__None,hamming_accuracy,0.2,0.2306±0.0060
chestxray_densenet,RF,BinaryVector,br,hamming_accuracy,0.2,0.8895±0.0012
chestxray_densenet,RF,BinaryVector,cc,hamming_accuracy,0.2,0.8895±0.0016
chestxray_densenet,RF,BinaryVector,clr,hamming_accuracy,0.2,0.8954±0.0015
chestxray_densenet,RF,BinaryVector,ecc,hamming_accuracy,0.2,0.8924±0.0013
chestxray_densenet,RF,BinaryVector,mlknn,hamming_accuracy,0.2,0.8482±0.0076
chestxray_densenet,RF,BinaryVector,PartialOrder__Hamming__2,hamming_accuracy,0.3,0.1846±0.0031
chestxray_densenet,RF,BinaryVector,PartialOrder__Hamming__None,hamming_accuracy,0.3,0.1890±0.0030
chestxray_densenet,RF,BinaryVector,PartialOrder__Subset__2,hamming_accuracy,0.3,0.1846±0.0031
chestxray_densenet,RF,BinaryVector,PartialOrder__Subset__None,hamming_accuracy,0.3,0.1883±0.0032
chestxray_densenet,RF,BinaryVector,PreOrder__Hamming__2,hamming_accuracy,0.3,0.3369±0.0060
chestxray_densenet,RF,BinaryVector,PreOrder__Hamming__None,hamming_accuracy,0.3,0.3386±0.0056
chestxray_densenet,RF,BinaryVector,PreOrder__Subset__2,hamming_accuracy,0.3,0.3367±0.0061
chestxray_densenet,RF,BinaryVector,PreOrder__Subset__None,hamming_accuracy,0.3,0.3380±0.0055
chestxray_densenet,RF,BinaryVector,br,hamming_accuracy,0.3,0.8712±0.0018
chestxray_densenet,RF,BinaryVector,cc,hamming_accuracy,0.3,0.8716±0.0015
chestxray_densenet,RF,BinaryVector,clr,hamming_accuracy,0.3,0.8947±0.0015
chestxray_densenet,RF,BinaryVector,ecc,hamming_accuracy,0.3,0.8823±0.0018
chestxray_densenet,RF,BinaryVector,mlknn,hamming_accuracy,0.3,0.7754±0.0172
chestxray_densenet,RF,BinaryVector,PartialOrder__Hamming__2,jaccard,0.0,0.1164±0.0014
chestxray_densenet,RF,BinaryVector,PartialOrder__Hamming__None,jaccard,0.0,0.1168±0.0013
chestxray_densenet,RF,BinaryVector,PartialOrder__Subset__2,jaccard,0.0,0.1164±0.0014
chestxray_densenet,RF,BinaryVector,PartialOrder__Subset__None,jaccard,0.0,0.1169±0.0013
chestxray_densenet,RF,BinaryVector,PreOrder__Hamming__2,jaccard,0.0,0.1165±0.0013
chestxray_densenet,RF,BinaryVector,PreOrder__Hamming__None,jaccard,0.0,0.1169±0.0014
chestxray_densenet,RF,BinaryVector,PreOrder__Subset__2,jaccard,0.0,0.1163±0.0012
chestxray_densenet,RF,BinaryVector,PreOrder__Subset__None,jaccard,0.0,0.1170±0.0013
chestxray_densenet,RF,BinaryVector,br,jaccard,0.0,0.4634±0.0018
chestxray_densenet,RF,BinaryVector,cc,jaccard,0.0,0.4621±0.0021
chestxray_densenet,RF,BinaryVector,clr,jaccard,0.0,0.4573±0.0038
chestxray_densenet,RF,BinaryVector,ecc,jaccard,0.0,0.4637±0.0027
chestxray_densenet,RF,BinaryVector,mlknn,jaccard,0.0,0.4529±0.0060
chestxray_densenet,RF,BinaryVector,PartialOrder__Hamming__2,jaccard,0.1,0.1145±0.0016
chestxray_densenet,RF,BinaryVector,PartialOrder__Hamming__None,jaccard,0.1,0.1148±0.0017
chestxray_densenet,RF,BinaryVector,PartialOrder__Subset__2,jaccard,0.1,0.1145±0.0016
chestxray_densenet,RF,BinaryVector,PartialOrder__Subset__None,jaccard,0.1,0.1148±0.0017
chestxray_densenet,RF,BinaryVector,PreOrder__Hamming__2,jaccard,0.1,0.1179±0.0016
chestxray_densenet,RF,BinaryVector,PreOrder__Hamming__None,jaccard,0.1,0.1184±0.0016
chestxray_densenet,RF,BinaryVector,PreOrder__Subset__2,jaccard,0.1,0.1178±0.0016
chestxray_densenet,RF,BinaryVector,PreOrder__Subset__None,jaccard,0.1,0.1182±0.0018
chestxray_densenet,RF,BinaryVector,br,jaccard,0.1,0.4590±0.0032
chestxray_densenet,RF,BinaryVector,cc,jaccard,0.1,0.4600±0.0030
chestxray_densenet,RF,BinaryVector,clr,jaccard,0.1,0.4576±0.0043
chestxray_densenet,RF,BinaryVector,ecc,jaccard,0.1,0.4606±0.0033
chestxray_densenet,RF,BinaryVector,mlknn,jaccard,0.1,0.4270±0.0086
chestxray_densenet,RF,BinaryVector,PartialOrder__Hamming__2,jaccard,0.2,0.1122±0.0017
chestxray_densenet,RF,BinaryVector,PartialOrder__Hamming__None,jaccard,0.2,0.1125±0.0017
chestxray_densenet,RF,BinaryVector,PartialOrder__Subset__2,jaccard,0.2,0.1122±0.0017
chestxray_densenet,RF,BinaryVector,PartialOrder__Subset__None,jaccard,0.2,0.1124±0.0017
chestxray_densenet,RF,BinaryVector,PreOrder__Hamming__2,jaccard,0.2,0.1200±0.0019
chestxray_densenet,RF,BinaryVector,PreOrder__Hamming__None,jaccard,0.2,0.1204±0.0018
chestxray_densenet,RF,BinaryVector,PreOrder__Subset__2,jaccard,0.2,0.1198±0.0020
chestxray_densenet,RF,BinaryVector,PreOrder__Subset__None,jaccard,0.2,0.1203±0.0018
chestxray_densenet,RF,BinaryVector,br,jaccard,0.2,0.4475±0.0034
chestxray_densenet,RF,BinaryVector,cc,jaccard,0.2,0.4472±0.0037
chestxray_densenet,RF,BinaryVector,clr,jaccard,0.2,0.4577±0.0039
chestxray_densenet,RF,BinaryVector,ecc,jaccard,0.2,0.4549±0.0032
chestxray_densenet,RF,BinaryVector,mlknn,jaccard,0.2,0.3427±0.0155
chestxray_densenet,RF,BinaryVector,PartialOrder__Hamming__2,jaccard,0.3,0.1105±0.0018
chestxray_densenet,RF,BinaryVector,PartialOrder__Hamming__None,jaccard,0.3,0.1108±0.0017
chestxray_densenet,RF,BinaryVector,PartialOrder__Subset__2,jaccard,0.3,0.1105±0.0018
chestxray_densenet,RF,BinaryVector,PartialOrder__Subset__None,jaccard,0.3,0.1107±0.0018
chestxray_densenet,RF,BinaryVector,PreOrder__Hamming__2,jaccard,0.3,0.1224±0.0024
chestxray_densenet,RF,BinaryVector,PreOrder__Hamming__None,jaccard,0.3,0.1225±0.0022
chestxray_densenet,RF,BinaryVector,PreOrder__Subset__2,jaccard,0.3,0.1221±0.0025
chestxray_densenet,RF,BinaryVector,PreOrder__Subset__None,jaccard,0.3,0.1221±0.0022
chestxray_densenet,RF,BinaryVector,br,jaccard,0.3,0.3980±0.0063
chestxray_densenet,RF,BinaryVector,cc,jaccard,0.3,0.3975±0.0053
chestxray_densenet,RF,BinaryVector,clr,jaccard,0.3,0.4555±0.0037
chestxray_densenet,RF,BinaryVector,ecc,jaccard,0.3,0.4287±0.0050
chestxray_densenet,RF,BinaryVector,mlknn,jaccard,0.3,0.2121±0.0194
chestxray_densenet,RF,BinaryVector,PartialOrder__Hamming__2,macro_f1,0.0,0.1844±0.0019
chestxray_densenet,RF,BinaryVector,PartialOrder__Hamming__None,macro_f1,0.0,0.1844±0.0018
chestxray_densenet,RF,BinaryVector,PartialOrder__Subset__2,macro_f1,0.0,0.1844±0.0019
chestxray_densenet,RF,BinaryVector,PartialOrder__Subset__None,macro_f1,0.0,0.1845±0.0019
chestxray_densenet,RF,BinaryVector,PreOrder__Hamming__2,macro_f1,0.0,0.1822±0.0016
chestxray_densenet,RF,BinaryVector,PreOrder__Hamming__None,macro_f1,0.0,0.1824±0.0017
chestxray_densenet,RF,BinaryVector,PreOrder__Subset__2,macro_f1,0.0,0.1821±0.0016
chestxray_densenet,RF,BinaryVector,PreOrder__Subset__None,macro_f1,0.0,0.1824±0.0016
chestxray_densenet,RF,BinaryVector,br,macro_f1,0.0,0.0668±0.0017
chestxray_densenet,RF,BinaryVector,cc,macro_f1,0.0,0.0657±0.0052
chestxray_densenet,RF,BinaryVector,clr,macro_f1,0.0,0.0145±0.0013
chestxray_densenet,RF,BinaryVector,ecc,macro_f1,0.0,0.0568±0.0041
chestxray_densenet,RF,BinaryVector,mlknn,macro_f1,0.0,0.1629±0.0105
chestxray_densenet,RF,BinaryVector,PartialOrder__Hamming__2,macro_f1,0.1,0.1844±0.0019
chestxray_densenet,RF,BinaryVector,PartialOrder__Hamming__None,macro_f1,0.1,0.1844±0.0019
chestxray_densenet,RF,BinaryVector,PartialOrder__Subset__2,macro_f1,0.1,0.1844±0.0019
chestxray_densenet,RF,BinaryVector,PartialOrder__Subset__None,macro_f1,0.1,0.1845±0.0019
chestxray_densenet,RF,BinaryVector,PreOrder__Hamming__2,macro_f1,0.1,0.1820±0.0019
chestxray_densenet,RF,BinaryVector,PreOrder__Hamming__None,macro_f1,0.1,0.1824±0.0018
chestxray_densenet,RF,BinaryVector,PreOrder__Subset__2,macro_f1,0.1,0.1819±0.0019
chestxray_densenet,RF,BinaryVector,PreOrder__Subset__None,macro_f1,0.1,0.1822±0.0019
chestxray_densenet,RF,BinaryVector,br,macro_f1,0.1,0.0797±0.0048
chestxray_densenet,RF,BinaryVector,cc,macro_f1,0.1,0.0796±0.0056
chestxray_densenet,RF,BinaryVector,clr,macro_f1,0.1,0.0179±0.0020
chestxray_densenet,RF,BinaryVector,ecc,macro_f1,0.1,0.0654±0.0054
chestxray_densenet,RF,BinaryVector,mlknn,macro_f1,0.1,0.1740±0.0098
chestxray_densenet,RF,BinaryVector,PartialOrder__Hamming__2,macro_f1,0.2,0.1843±0.0023
chestxray_densenet,RF,BinaryVector,PartialOrder__Hamming__None,macro_f1,0.2,0.1844±0.0022
chestxray_densenet,RF,BinaryVector,PartialOrder__Subset__2,macro_f1,0.2,0.1843±0.0023
chestxray_densenet,RF,BinaryVector,PartialOrder__Subset__None,macro_f1,0.2,0.1844±0.0023
chestxray_densenet,RF,BinaryVector,PreOrder__Hamming__2,macro_f1,0.2,0.1820±0.0023
chestxray_densenet,RF,BinaryVector,PreOrder__Hamming__None,macro_f1,0.2,0.1826±0.0022
chestxray_densenet,RF,BinaryVector,PreOrder__Subset__2,macro_f1,0.2,0.1818±0.0023
chestxray_densenet,RF,BinaryVector,PreOrder__Subset__None,macro_f1,0.2,0.1824±0.0022
chestxray_densenet,RF,BinaryVector,br,macro_f1,0.2,0.1011±0.0062
chestxray_densenet,RF,BinaryVector,cc,macro_f1,0.2,0.1012±0.0057
chestxray_densenet,RF,BinaryVector,clr,macro_f1,0.2,0.0204±0.0032
chestxray_densenet,RF,BinaryVector,ecc,macro_f1,0.2,0.0839±0.0072
chestxray_densenet,RF,BinaryVector,mlknn,macro_f1,0.2,0.1772±0.0141
chestxray_densenet,RF,BinaryVector,PartialOrder__Hamming__2,macro_f1,0.3,0.1848±0.0023
chestxray_densenet,RF,BinaryVector,PartialOrder__Hamming__None,macro_f1,0.3,0.1849±0.0022
chestxray_densenet,RF,BinaryVector,PartialOrder__Subset__2,macro_f1,0.3,0.1848±0.0023
chestxray_densenet,RF,BinaryVector,PartialOrder__Subset__None,macro_f1,0.3,0.1850±0.0023
chestxray_densenet,RF,BinaryVector,PreOrder__Hamming__2,macro_f1,0.3,0.1822±0.0025
chestxray_densenet,RF,BinaryVector,PreOrder__Hamming__None,macro_f1,0.3,0.1839±0.0025
chestxray_densenet,RF,BinaryVector,PreOrder__Subset__2,macro_f1,0.3,0.1818±0.0026
chestxray_densenet,RF,BinaryVector,PreOrder__Subset__None,macro_f1,0.3,0.1838±0.0024
chestxray_densenet,RF,BinaryVector,br,macro_f1,0.3,0.1335±0.0066
chestxray_densenet,RF,BinaryVector,cc,macro_f1,0.3,0.1328±0.0059
chestxray_densenet,RF,BinaryVector,clr,macro_f1,0.3,0.0212±0.0041
chestxray_densenet,RF,BinaryVector,ecc,macro_f1,0.3,0.1135±0.0077
chestxray_densenet,RF,BinaryVector,mlknn,macro_f1,0.3,0.1726±0.0077
chestxray_densenet,RF,BinaryVector,PartialOrder__Hamming__2,macro_precision,0.0,0.1062±0.0014
chestxray_densenet,RF,BinaryVector,PartialOrder__Hamming__None,macro_precision,0.0,0.1062±0.0014
chestxray_densenet,RF,BinaryVector,PartialOrder__Subset__2,macro_precision,0.0,0.1062±0.0014
chestxray_densenet,RF,BinaryVector,PartialOrder__Subset__None,macro_precision,0.0,0.1063±0.0014
chestxray_densenet,RF,BinaryVector,PreOrder__Hamming__2,macro_precision,0.0,0.1052±0.0013
chestxray_densenet,RF,BinaryVector,PreOrder__Hamming__None,macro_precision,0.0,0.1053±0.0013
chestxray_densenet,RF,BinaryVector,PreOrder__Subset__2,macro_precision,0.0,0.1052±0.0012
chestxray_densenet,RF,BinaryVector,PreOrder__Subset__None,macro_precision,0.0,0.1053±0.0013
chestxray_densenet,RF,BinaryVector,br,macro_precision,0.0,0.4421±0.0481
chestxray_densenet,RF,BinaryVector,cc,macro_precision,0.0,0.4442±0.0686
chestxray_densenet,RF,BinaryVector,clr,macro_precision,0.0,0.4286±0.0773
chestxray_densenet,RF,BinaryVector,ecc,macro_precision,0.0,0.4760±0.0620
chestxray_densenet,RF,BinaryVector,mlknn,macro_precision,0.0,0.3674±0.0286
chestxray_densenet,RF,BinaryVector,PartialOrder__Hamming__2,macro_precision,0.1,0.1063±0.0014
chestxray_densenet,RF,BinaryVector,PartialOrder__Hamming__None,macro_precision,0.1,0.1063±0.0014
chestxray_densenet,RF,BinaryVector,PartialOrder__Subset__2,macro_precision,0.1,0.1063±0.0014
chestxray_densenet,RF,BinaryVector,PartialOrder__Subset__None,macro_precision,0.1,0.1063±0.0014
chestxray_densenet,RF,BinaryVector,PreOrder__Hamming__2,macro_precision,0.1,0.1054±0.0014
chestxray_densenet,RF,BinaryVector,PreOrder__Hamming__None,macro_precision,0.1,0.1056±0.0014
chestxray_densenet,RF,BinaryVector,PreOrder__Subset__2,macro_precision,0.1,0.1053±0.0014
chestxray_densenet,RF,BinaryVector,PreOrder__Subset__None,macro_precision,0.1,0.1055±0.0014
chestxray_densenet,RF,BinaryVector,br,macro_precision,0.1,0.3766±0.0351
chestxray_densenet,RF,BinaryVector,cc,macro_precision,0.1,0.3811±0.0331
chestxray_densenet,RF,BinaryVector,clr,macro_precision,0.1,0.3888±0.0788
chestxray_densenet,RF,BinaryVector,ecc,macro_precision,0.1,0.3854±0.0458
chestxray_densenet,RF,BinaryVector,mlknn,macro_precision,0.1,0.2795±0.0128
chestxray_densenet,RF,BinaryVector,PartialOrder__Hamming__2,macro_precision,0.2,0.1063±0.0016
chestxray_densenet,RF,BinaryVector,PartialOrder__Hamming__None,macro_precision,0.2,0.1064±0.0016
chestxray_densenet,RF,BinaryVector,PartialOrder__Subset__2,macro_precision,0.2,0.1063±0.0016
chestxray_densenet,RF,BinaryVector,PartialOrder__Subset__None,macro_precision,0.2,0.1064±0.0016
chestxray_densenet,RF,BinaryVector,PreOrder__Hamming__2,macro_precision,0.2,0.1060±0.0016
chestxray_densenet,RF,BinaryVector,PreOrder__Hamming__None,macro_precision,0.2,0.1064±0.0016
chestxray_densenet,RF,BinaryVector,PreOrder__Subset__2,macro_precision,0.2,0.1059±0.0017
chestxray_densenet,RF,BinaryVector,PreOrder__Subset__None,macro_precision,0.2,0.1063±0.0016
chestxray_densenet,RF,BinaryVector,br,macro_precision,0.2,0.2953±0.0202
chestxray_densenet,RF,BinaryVector,cc,macro_precision,0.2,0.2934±0.0237
chestxray_densenet,RF,BinaryVector,clr,macro_precision,0.2,0.3811±0.0675
chestxray_densenet,RF,BinaryVector,ecc,macro_precision,0.2,0.3264±0.0312
chestxray_densenet,RF,BinaryVector,mlknn,macro_precision,0.2,0.2002±0.0105
chestxray_densenet,RF,BinaryVector,PartialOrder__Hamming__2,macro_precision,0.3,0.1070±0.0017
chestxray_densenet,RF,BinaryVector,PartialOrder__Hamming__None,macro_precision,0.3,0.1071±0.0016
chestxray_densenet,RF,BinaryVector,PartialOrder__Subset__2,macro_precision,0.3,0.1070±0.0017
chestxray_densenet,RF,BinaryVector,PartialOrder__Subset__None,macro_precision,0.3,0.1071±0.0017
chestxray_densenet,RF,BinaryVector,PreOrder__Hamming__2,macro_precision,0.3,0.1083±0.0018
chestxray_densenet,RF,BinaryVector,PreOrder__Hamming__None,macro_precision,0.3,0.1092±0.0018
chestxray_densenet,RF,BinaryVector,PreOrder__Subset__2,macro_precision,0.3,0.1081±0.0018
chestxray_densenet,RF,BinaryVector,PreOrder__Subset__None,macro_precision,0.3,0.1092±0.0018
chestxray_densenet,RF,BinaryVector,br,macro_precision,0.3,0.2048±0.0108
chestxray_densenet,RF,BinaryVector,cc,macro_precision,0.3,0.2053±0.0101
chestxray_densenet,RF,BinaryVector,clr,macro_precision,0.3,0.3419±0.0571
chestxray_densenet,RF,BinaryVector,ecc,macro_precision,0.3,0.2348±0.0165
chestxray_densenet,RF,BinaryVector,mlknn,macro_precision,0.3,0.1459±0.0059
chestxray_densenet,RF,BinaryVector,PartialOrder__Hamming__2,macro_recall,0.0,0.9551±0.0044
chestxray_densenet,RF,BinaryVector,PartialOrder__Hamming__None,macro_recall,0.0,0.9536±0.0052
chestxray_densenet,RF,BinaryVector,PartialOrder__Subset__2,macro_recall,0.0,0.9551±0.0044
chestxray_densenet,RF,BinaryVector,PartialOrder__Subset__None,macro_recall,0.0,0.9538±0.0051
chestxray_densenet,RF,BinaryVector,PreOrder__Hamming__2,macro_recall,0.0,0.9300±0.0078
chestxray_densenet,RF,BinaryVector,PreOrder__Hamming__None,macro_recall,0.0,0.9283±0.0082
chestxray_densenet,RF,BinaryVector,PreOrder__Subset__2,macro_recall,0.0,0.9295±0.0080
chestxray_densenet,RF,BinaryVector,PreOrder__Subset__None,macro_recall,0.0,0.9287±0.0075
chestxray_densenet,RF,BinaryVector,br,macro_recall,0.0,0.0377±0.0009
chestxray_densenet,RF,BinaryVector,cc,macro_recall,0.0,0.0370±0.0027
chestxray_densenet,RF,BinaryVector,clr,macro_recall,0.0,0.0076±0.0006
chestxray_densenet,RF,BinaryVector,ecc,macro_recall,0.0,0.0316±0.0023
chestxray_densenet,RF,BinaryVector,mlknn,macro_recall,0.0,0.1117±0.0102
chestxray_densenet,RF,BinaryVector,PartialOrder__Hamming__2,macro_recall,0.1,0.9512±0.0044
chestxray_densenet,RF,BinaryVector,PartialOrder__Hamming__None,macro_recall,0.1,0.9486±0.0050
chestxray_densenet,RF,BinaryVector,PartialOrder__Subset__2,macro_recall,0.1,0.9511±0.0044
chestxray_densenet,RF,BinaryVector,PartialOrder__Subset__None,macro_recall,0.1,0.9496±0.0043
chestxray_densenet,RF,BinaryVector,PreOrder__Hamming__2,macro_recall,0.1,0.9060±0.0087
chestxray_densenet,RF,BinaryVector,PreOrder__Hamming__None,macro_recall,0.1,0.9043±0.0087
chestxray_densenet,RF,BinaryVector,PreOrder__Subset__2,macro_recall,0.1,0.9056±0.0088
chestxray_densenet,RF,BinaryVector,PreOrder__Subset__None,macro_recall,0.1,0.9047±0.0086
chestxray_densenet,RF,BinaryVector,br,macro_recall,0.1,0.0463±0.0029
chestxray_densenet,RF,BinaryVector,cc,macro_recall,0.1,0.0461±0.0034
chestxray_densenet,RF,BinaryVector,clr,macro_recall,0.1,0.0094±0.0010
chestxray_densenet,RF,BinaryVector,ecc,macro_recall,0.1,0.0372±0.0031
chestxray_densenet,RF,BinaryVector,mlknn,macro_recall,0.1,0.1328±0.0105
chestxray_densenet,RF,BinaryVector,PartialOrder__Hamming__2,macro_recall,0.2,0.9432±0.0067
chestxray_densenet,RF,BinaryVector,PartialOrder__Hamming__None,macro_recall,0.2,0.9400±0.0066
chestxray_densenet,RF,BinaryVector,PartialOrder__Subset__2,macro_recall,0.2,0.9432±0.0067
chestxray_densenet,RF,BinaryVector,PartialOrder__Subset__None,macro_recall,0.2,0.9412±0.0069
chestxray_densenet,RF,BinaryVector,PreOrder__Hamming__2,macro_recall,0.2,0.8565±0.0090
chestxray_densenet,RF,BinaryVector,PreOrder__Hamming__None,macro_recall,0.2,0.8549±0.0090
chestxray_densenet,RF,BinaryVector,PreOrder__Subset__2,macro_recall,0.2,0.8557±0.0092
chestxray_densenet,RF,BinaryVector,PreOrder__Subset__None,macro_recall,0.2,0.8557±0.0091
chestxray_densenet,RF,BinaryVector,br,macro_recall,0.2,0.0629±0.0043
chestxray_densenet,RF,BinaryVector,cc,macro_recall,0.2,0.0628±0.0036
chestxray_densenet,RF,BinaryVector,clr,macro_recall,0.2,0.0107±0.0017
chestxray_densenet,RF,BinaryVector,ecc,macro_recall,0.2,0.0499±0.0043
chestxray_densenet,RF,BinaryVector,mlknn,macro_recall,0.2,0.1739±0.0218
chestxray_densenet,RF,BinaryVector,PartialOrder__Hamming__2,macro_recall,0.3,0.9230±0.0078
chestxray_densenet,RF,BinaryVector,PartialOrder__Hamming__None,macro_recall,0.3,0.9182±0.0080
chestxray_densenet,RF,BinaryVector,PartialOrder__Subset__2,macro_recall,0.3,0.9230±0.0077
chestxray_densenet,RF,BinaryVector,PartialOrder__Subset__None,macro_recall,0.3,0.9195±0.0083
chestxray_densenet,RF,BinaryVector,PreOrder__Hamming__2,macro_recall,0.3,0.7387±0.0092
chestxray_densenet,RF,BinaryVector,PreOrder__Hamming__None,macro_recall,0.3,0.7441±0.0097
chestxray_densenet,RF,BinaryVector,PreOrder__Subset__2,macro_recall,0.3,0.7369±0.0092
chestxray_densenet,RF,BinaryVector,PreOrder__Subset__None,macro_recall,0.3,0.7454±0.0098
chestxray_densenet,RF,BinaryVector,br,macro_recall,0.3,0.1002±0.0053
chestxray_densenet,RF,BinaryVector,cc,macro_recall,0.3,0.0993±0.0046
chestxray_densenet,RF,BinaryVector,clr,macro_recall,0.3,0.0111±0.0022
chestxray_densenet,RF,BinaryVector,ecc,macro_recall,0.3,0.0762±0.0057
chestxray_densenet,RF,BinaryVector,mlknn,macro_recall,0.3,0.2490±0.0274
chestxray_densenet,RF,BinaryVector,PartialOrder__Hamming__2,mfrd,0.0,0.9651±0.0013
chestxray_densenet,RF,BinaryVector,PartialOrder__Hamming__None,mfrd,0.0,0.9638±0.0019
chestxray_densenet,RF,BinaryVector,PartialOrder__Subset__2,mfrd,0.0,0.9651±0.0013
chestxray_densenet,RF,BinaryVector,PartialOrder__Subset__None,mfrd,0.0,0.9646±0.0012
chestxray_densenet,RF,BinaryVector,PreOrder__Hamming__2,mfrd,0.0,0.9328±0.0033
chestxray_densenet,RF,BinaryVector,PreOrder__Hamming__None,mfrd,0.0,0.9334±0.0051
chestxray_densenet,RF,BinaryVector,PreOrder__Subset__2,mfrd,0.0,0.9325±0.0036
chestxray_densenet,RF,BinaryVector,PreOrder__Subset__None,mfrd,0.0,0.9287±0.0033
chestxray_densenet,RF,BinaryVector,br,mfrd,0.0,0.9999±0.0001
chestxray_densenet,RF,BinaryVector,cc,mfrd,0.0,0.9998±0.0000
chestxray_densenet,RF,BinaryVector,clr,mfrd,0.0,1.0000±0.0000
chestxray_densenet,RF,BinaryVector,ecc,mfrd,0.0,0.9999±0.0002
chestxray_densenet,RF,BinaryVector,mlknn,mfrd,0.0,1.0000±0.0001
chestxray_densenet,RF,BinaryVector,PartialOrder__Hamming__2,mfrd,0.1,0.9626±0.0058
chestxray_densenet,RF,BinaryVector,PartialOrder__Hamming__None,mfrd,0.1,0.9603±0.0055
chestxray_densenet,RF,BinaryVector,PartialOrder__Subset__2,mfrd,0.1,0.9626±0.0058
chestxray_densenet,RF,BinaryVector,PartialOrder__Subset__None,mfrd,0.1,0.9624±0.0057
chestxray_densenet,RF,BinaryVector,PreOrder__Hamming__2,mfrd,0.1,0.9014±0.0085
chestxray_densenet,RF,BinaryVector,PreOrder__Hamming__None,mfrd,0.1,0.9010±0.0083
chestxray_densenet,RF,BinaryVector,PreOrder__Subset__2,mfrd,0.1,0.8995±0.0088
chestxray_densenet,RF,BinaryVector,PreOrder__Subset__None,mfrd,0.1,0.9002±0.0091
chestxray_densenet,RF,BinaryVector,br,mfrd,0.1,0.9991±0.0004
chestxray_densenet,RF,BinaryVector,cc,mfrd,0.1,0.9985±0.0022
chestxray_densenet,RF,BinaryVector,clr,mfrd,0.1,1.0000±0.0001
chestxray_densenet,RF,BinaryVector,ecc,mfrd,0.1,0.9993±0.0005
chestxray_densenet,RF,BinaryVector,mlknn,mfrd,0.1,0.9972±0.0037
chestxray_densenet,RF,BinaryVector,PartialOrder__Hamming__2,mfrd,0.2,0.9458±0.0056
chestxray_densenet,RF,BinaryVector,PartialOrder__Hamming__None,mfrd,0.2,0.9422±0.0068
chestxray_densenet,RF,BinaryVector,PartialOrder__Subset__2,mfrd,0.2,0.9457±0.0055
chestxray_densenet,RF,BinaryVector,PartialOrder__Subset__None,mfrd,0.2,0.9449±0.0059
chestxray_densenet,RF,BinaryVector,PreOrder__Hamming__2,mfrd,0.2,0.8437±0.0124
chestxray_densenet,RF,BinaryVector,PreOrder__Hamming__None,mfrd,0.2,0.8456±0.0126
chestxray_densenet,RF,BinaryVector,PreOrder__Subset__2,mfrd,0.2,0.8409±0.0116
chestxray_densenet,RF,BinaryVector,PreOrder__Subset__None,mfrd,0.2,0.8471±0.0130
chestxray_densenet,RF,BinaryVector,br,mfrd,0.2,0.9924±0.0060
chestxray_densenet,RF,BinaryVector,cc,mfrd,0.2,0.9947±0.0049
chestxray_densenet,RF,BinaryVector,clr,mfrd,0.2,1.0000±0.0001
chestxray_densenet,RF,BinaryVector,ecc,mfrd,0.2,0.9965±0.0035
chestxray_densenet,RF,BinaryVector,mlknn,mfrd,0.2,0.9530±0.0308
chestxray_densenet,RF,BinaryVector,PartialOrder__Hamming__2,mfrd,0.3,0.9055±0.0080
chestxray_densenet,RF,BinaryVector,PartialOrder__Hamming__None,mfrd,0.3,0.9017±0.0083
chestxray_densenet,RF,BinaryVector,PartialOrder__Subset__2,mfrd,0.3,0.9057±0.0078
chestxray_densenet,RF,BinaryVector,PartialOrder__Subset__None,mfrd,0.3,0.9041±0.0077
chestxray_densenet,RF,BinaryVector,PreOrder__Hamming__2,mfrd,0.3,0.6661±0.0143
chestxray_densenet,RF,BinaryVector,PreOrder__Hamming__None,mfrd,0.3,0.6847±0.0143
chestxray_densenet,RF,BinaryVector,PreOrder__Subset__2,mfrd,0.3,0.6608±0.0138
chestxray_densenet,RF,BinaryVector,PreOrder__Subset__None,mfrd,0.3,0.6849±0.0129
chestxray_densenet,RF,BinaryVector,br,mfrd,0.3,0.9680±0.0122
chestxray_densenet,RF,BinaryVector,cc,mfrd,0.3,0.9682±0.0111
chestxray_densenet,RF,BinaryVector,clr,mfrd,0.3,0.9996±0.0003
chestxray_densenet,RF,BinaryVector,ecc,mfrd,0.3,0.9811±0.0085
chestxray_densenet,RF,BinaryVector,mlknn,mfrd,0.3,0.8527±0.0542
chestxray_densenet,RF,BinaryVector,PartialOrder__Hamming__2,micro_f1,0.0,0.1938±0.0022
chestxray_densenet,RF,BinaryVector,PartialOrder__Hamming__None,micro_f1,0.0,0.1940±0.0022
chestxray_densenet,RF,BinaryVector,PartialOrder__Subset__2,micro_f1,0.0,0.1938±0.0022
chestxray_densenet,RF,BinaryVector,PartialOrder__Subset__None,micro_f1,0.0,0.1940±0.0022
chestxray_densenet,RF,BinaryVector,PreOrder__Hamming__2,micro_f1,0.0,0.1913±0.0020
chestxray_densenet,RF,BinaryVector,PreOrder__Hamming__None,micro_f1,0.0,0.1916±0.0020
chestxray_densenet,RF,BinaryVector,PreOrder__Subset__2,micro_f1,0.0,0.1912±0.0020
chestxray_densenet,RF,BinaryVector,PreOrder__Subset__None,micro_f1,0.0,0.1916±0.0020
chestxray_densenet,RF,BinaryVector,br,micro_f1,0.0,0.1011±0.0021
chestxray_densenet,RF,BinaryVector,cc,micro_f1,0.0,0.0982±0.0036
chestxray_densenet,RF,BinaryVector,clr,micro_f1,0.0,0.0218±0.0008
chestxray_densenet,RF,BinaryVector,ecc,micro_f1,0.0,0.0850±0.0040
chestxray_densenet,RF,BinaryVector,mlknn,micro_f1,0.0,0.2187±0.0196
chestxray_densenet,RF,BinaryVector,PartialOrder__Hamming__2,micro_f1,0.1,0.1941±0.0023
chestxray_densenet,RF,BinaryVector,PartialOrder__Hamming__None,micro_f1,0.1,0.1943±0.0023
chestxray_densenet,RF,BinaryVector,PartialOrder__Subset__2,micro_f1,0.1,0.1941±0.0023
chestxray_densenet,RF,BinaryVector,PartialOrder__Subset__None,micro_f1,0.1,0.1942±0.0023
chestxray_densenet,RF,BinaryVector,PreOrder__Hamming__2,micro_f1,0.1,0.1920±0.0022
chestxray_densenet,RF,BinaryVector,PreOrder__Hamming__None,micro_f1,0.1,0.1925±0.0022
chestxray_densenet,RF,BinaryVector,PreOrder__Subset__2,micro_f1,0.1,0.1918±0.0023
chestxray_densenet,RF,BinaryVector,PreOrder__Subset__None,micro_f1,0.1,0.1923±0.0023
chestxray_densenet,RF,BinaryVector,br,micro_f1,0.1,0.1172±0.0063
chestxray_densenet,RF,BinaryVector,cc,micro_f1,0.1,0.1164±0.0072
chestxray_densenet,RF,BinaryVector,clr,micro_f1,0.1,0.0267±0.0028
chestxray_densenet,RF,BinaryVector,ecc,micro_f1,0.1,0.0976±0.0066
chestxray_densenet,RF,BinaryVector,mlknn,micro_f1,0.1,0.2377±0.0186
chestxray_densenet,RF,BinaryVector,PartialOrder__Hamming__2,micro_f1,0.2,0.1940±0.0027
chestxray_densenet,RF,BinaryVector,PartialOrder__Hamming__None,micro_f1,0.2,0.1943±0.0026
chestxray_densenet,RF,BinaryVector,PartialOrder__Subset__2,micro_f1,0.2,0.1940±0.0027
chestxray_densenet,RF,BinaryVector,PartialOrder__Subset__None,micro_f1,0.2,0.1942±0.0027
chestxray_densenet,RF,BinaryVector,PreOrder__Hamming__2,micro_f1,0.2,0.1936±0.0027
chestxray_densenet,RF,BinaryVector,PreOrder__Hamming__None,micro_f1,0.2,0.1946±0.0026
chestxray_densenet,RF,BinaryVector,PreOrder__Subset__2,micro_f1,0.2,0.1933±0.0028
chestxray_densenet,RF,BinaryVector,PreOrder__Subset__None,micro_f1,0.2,0.1944±0.0027
chestxray_densenet,RF,BinaryVector,br,micro_f1,0.2,0.1452±0.0102
chestxray_densenet,RF,BinaryVector,cc,micro_f1,0.2,0.1436±0.0060
chestxray_densenet,RF,BinaryVector,clr,micro_f1,0.2,0.0303±0.0041
chestxray_densenet,RF,BinaryVector,ecc,micro_f1,0.2,0.1233±0.0078
chestxray_densenet,RF,BinaryVector,mlknn,micro_f1,0.2,0.2319±0.0234
chestxray_densenet,RF,BinaryVector,PartialOrder__Hamming__2,micro_f1,0.3,0.1949±0.0028
chestxray_densenet,RF,BinaryVector,PartialOrder__Hamming__None,micro_f1,0.3,0.1953±0.0027
chestxray_densenet,RF,BinaryVector,PartialOrder__Subset__2,micro_f1,0.3,0.1949±0.0028
chestxray_densenet,RF,BinaryVector,PartialOrder__Subset__None,micro_f1,0.3,0.1952±0.0028
chestxray_densenet,RF,BinaryVector,PreOrder__Hamming__2,micro_f1,0.3,0.1983±0.0033
chestxray_densenet,RF,BinaryVector,PreOrder__Hamming__None,micro_f1,0.3,0.2007±0.0033
chestxray_densenet,RF,BinaryVector,PreOrder__Subset__2,micro_f1,0.3,0.1977±0.0034
chestxray_densenet,RF,BinaryVector,PreOrder__Subset__None,micro_f1,0.3,0.2004±0.0032
chestxray_densenet,RF,BinaryVector,br,micro_f1,0.3,0.1797±0.0092
chestxray_densenet,RF,BinaryVector,cc,micro_f1,0.3,0.1801±0.0062
chestxray_densenet,RF,BinaryVector,clr,micro_f1,0.3,0.0311±0.0057
chestxray_densenet,RF,BinaryVector,ecc,micro_f1,0.3,0.1586±0.0092
chestxray_densenet,RF,BinaryVector,mlknn,micro_f1,0.3,0.2169±0.0193
chestxray_densenet,RF,BinaryVector,PartialOrder__Hamming__2,micro_precision,0.0,0.1077±0.0014
chestxray_densenet,RF,BinaryVector,PartialOrder__Hamming__None,micro_precision,0.0,0.1078±0.0013
chestxray_densenet,RF,BinaryVector,PartialOrder__Subset__2,micro_precision,0.0,0.1077±0.0014
chestxray_densenet,RF,BinaryVector,PartialOrder__Subset__None,micro_precision,0.0,0.1078±0.0013
chestxray_densenet,RF,BinaryVector,PreOrder__Hamming__2,micro_precision,0.0,0.1065±0.0012
chestxray_densenet,RF,BinaryVector,PreOrder__Hamming__None,micro_precision,0.0,0.1066±0.0013
chestxray_densenet,RF,BinaryVector,PreOrder__Subset__2,micro_precision,0.0,0.1064±0.0012
chestxray_densenet,RF,BinaryVector,PreOrder__Subset__None,micro_precision,0.0,0.1066±0.0012
chestxray_densenet,RF,BinaryVector,br,micro_precision,0.0,0.5377±0.0327
chestxray_densenet,RF,BinaryVector,cc,micro_precision,0.0,0.5346±0.0418
chestxray_densenet,RF,BinaryVector,clr,micro_precision,0.0,0.6863±0.0638
chestxray_densenet,RF,BinaryVector,ecc,micro_precision,0.0,0.5661±0.0397
chestxray_densenet,RF,BinaryVector,mlknn,micro_precision,0.0,0.4232±0.0199
chestxray_densenet,RF,BinaryVector,PartialOrder__Hamming__2,micro_precision,0.1,0.1079±0.0014
chestxray_densenet,RF,BinaryVector,PartialOrder__Hamming__None,micro_precision,0.1,0.1080±0.0014
chestxray_densenet,RF,BinaryVector,PartialOrder__Subset__2,micro_precision,0.1,0.1079±0.0014
chestxray_densenet,RF,BinaryVector,PartialOrder__Subset__None,micro_precision,0.1,0.1080±0.0014
chestxray_densenet,RF,BinaryVector,PreOrder__Hamming__2,micro_precision,0.1,0.1071±0.0014
chestxray_densenet,RF,BinaryVector,PreOrder__Hamming__None,micro_precision,0.1,0.1075±0.0014
chestxray_densenet,RF,BinaryVector,PreOrder__Subset__2,micro_precision,0.1,0.1070±0.0014
chestxray_densenet,RF,BinaryVector,PreOrder__Subset__None,micro_precision,0.1,0.1073±0.0014
chestxray_densenet,RF,BinaryVector,br,micro_precision,0.1,0.4676±0.0274
chestxray_densenet,RF,BinaryVector,cc,micro_precision,0.1,0.4722±0.0247
chestxray_densenet,RF,BinaryVector,clr,micro_precision,0.1,0.6229±0.0720
chestxray_densenet,RF,BinaryVector,ecc,micro_precision,0.1,0.5023±0.0341
chestxray_densenet,RF,BinaryVector,mlknn,micro_precision,0.1,0.3571±0.0140
chestxray_densenet,RF,BinaryVector,PartialOrder__Hamming__2,micro_precision,0.2,0.1079±0.0017
chestxray_densenet,RF,BinaryVector,PartialOrder__Hamming__None,micro_precision,0.2,0.1081±0.0016
chestxray_densenet,RF,BinaryVector,PartialOrder__Subset__2,micro_precision,0.2,0.1079±0.0016
chestxray_densenet,RF,BinaryVector,PartialOrder__Subset__None,micro_precision,0.2,0.1081±0.0017
chestxray_densenet,RF,BinaryVector,PreOrder__Hamming__2,micro_precision,0.2,0.1087±0.0017
chestxray_densenet,RF,BinaryVector,PreOrder__Hamming__None,micro_precision,0.2,0.1094±0.0016
chestxray_densenet,RF,BinaryVector,PreOrder__Subset__2,micro_precision,0.2,0.1086±0.0017
chestxray_densenet,RF,BinaryVector,PreOrder__Subset__None,micro_precision,0.2,0.1092±0.0017
chestxray_densenet,RF,BinaryVector,br,micro_precision,0.2,0.3882±0.0206
chestxray_densenet,RF,BinaryVector,cc,micro_precision,0.2,0.3869±0.0183
chestxray_densenet,RF,BinaryVector,clr,micro_precision,0.2,0.5918±0.0552
chestxray_densenet,RF,BinaryVector,ecc,micro_precision,0.2,0.4285±0.0230
chestxray_densenet,RF,BinaryVector,mlknn,micro_precision,0.2,0.2484±0.0114
chestxray_densenet,RF,BinaryVector,PartialOrder__Hamming__2,micro_precision,0.3,0.1087±0.0017
chestxray_densenet,RF,BinaryVector,PartialOrder__Hamming__None,micro_precision,0.3,0.1090±0.0017
chestxray_densenet,RF,BinaryVector,PartialOrder__Subset__2,micro_precision,0.3,0.1087±0.0017
chestxray_densenet,RF,BinaryVector,PartialOrder__Subset__None,micro_precision,0.3,0.1089±0.0017
chestxray_densenet,RF,BinaryVector,PreOrder__Hamming__2,micro_precision,0.3,0.1136±0.0021
chestxray_densenet,RF,BinaryVector,PreOrder__Hamming__None,micro_precision,0.3,0.1150±0.0021
chestxray_densenet,RF,BinaryVector,PreOrder__Subset__2,micro_precision,0.3,0.1132±0.0022
chestxray_densenet,RF,BinaryVector,PreOrder__Subset__None,micro_precision,0.3,0.1148±0.0021
chestxray_densenet,RF,BinaryVector,br,micro_precision,0.3,0.2719±0.0137
chestxray_densenet,RF,BinaryVector,cc,micro_precision,0.3,0.2741±0.0110
chestxray_densenet,RF,BinaryVector,clr,micro_precision,0.3,0.4716±0.0463
chestxray_densenet,RF,BinaryVector,ecc,micro_precision,0.3,0.3191±0.0155
chestxray_densenet,RF,BinaryVector,mlknn,micro_precision,0.3,0.1718±0.0134
chestxray_densenet,RF,BinaryVector,PartialOrder__Hamming__2,micro_recall,0.0,0.9696±0.0038
chestxray_densenet,RF,BinaryVector,PartialOrder__Hamming__None,micro_recall,0.0,0.9691±0.0043
chestxray_densenet,RF,BinaryVector,PartialOrder__Subset__2,micro_recall,0.0,0.9696±0.0039
chestxray_densenet,RF,BinaryVector,PartialOrder__Subset__None,micro_recall,0.0,0.9685±0.0043
chestxray_densenet,RF,BinaryVector,PreOrder__Hamming__2,micro_recall,0.0,0.9443±0.0048
chestxray_densenet,RF,BinaryVector,PreOrder__Hamming__None,micro_recall,0.0,0.9436±0.0046
chestxray_densenet,RF,BinaryVector,PreOrder__Subset__2,micro_recall,0.0,0.9437±0.0049
chestxray_densenet,RF,BinaryVector,PreOrder__Subset__None,micro_recall,0.0,0.9434±0.0050
chestxray_densenet,RF,BinaryVector,br,micro_recall,0.0,0.0558±0.0012
chestxray_densenet,RF,BinaryVector,cc,micro_recall,0.0,0.0541±0.0019
chestxray_densenet,RF,BinaryVector,clr,micro_recall,0.0,0.0111±0.0004
chestxray_densenet,RF,BinaryVector,ecc,micro_recall,0.0,0.0460±0.0022
chestxray_densenet,RF,BinaryVector,mlknn,micro_recall,0.0,0.1484±0.0187
chestxray_densenet,RF,BinaryVector,PartialOrder__Hamming__2,micro_recall,0.1,0.9670±0.0031
chestxray_densenet,RF,BinaryVector,PartialOrder__Hamming__None,micro_recall,0.1,0.9658±0.0033
chestxray_densenet,RF,BinaryVector,PartialOrder__Subset__2,micro_recall,0.1,0.9670±0.0031
chestxray_densenet,RF,BinaryVector,PartialOrder__Subset__None,micro_recall,0.1,0.9657±0.0030
chestxray_densenet,RF,BinaryVector,PreOrder__Hamming__2,micro_recall,0.1,0.9241±0.0055
chestxray_densenet,RF,BinaryVector,PreOrder__Hamming__None,micro_recall,0.1,0.9239±0.0056
chestxray_densenet,RF,BinaryVector,PreOrder__Subset__2,micro_recall,0.1,0.9233±0.0056
chestxray_densenet,RF,BinaryVector,PreOrder__Subset__None,micro_recall,0.1,0.9229±0.0055
chestxray_densenet,RF,BinaryVector,br,micro_recall,0.1,0.0670±0.0039
chestxray_densenet,RF,BinaryVector,cc,micro_recall,0.1,0.0664±0.0045
chestxray_densenet,RF,BinaryVector,clr,micro_recall,0.1,0.0137±0.0014
chestxray_densenet,RF,BinaryVector,ecc,micro_recall,0.1,0.0541±0.0039
chestxray_densenet,RF,BinaryVector,mlknn,micro_recall,0.1,0.1795±0.0219
chestxray_densenet,RF,BinaryVector,PartialOrder__Hamming__2,micro_recall,0.2,0.9586±0.0033
chestxray_densenet,RF,BinaryVector,PartialOrder__Hamming__None,micro_recall,0.2,0.9568±0.0033
chestxray_densenet,RF,BinaryVector,PartialOrder__Subset__2,micro_recall,0.2,0.9586±0.0034
chestxray_densenet,RF,BinaryVector,PartialOrder__Subset__None,micro_recall,0.2,0.9568±0.0035
chestxray_densenet,RF,BinaryVector,PreOrder__Hamming__2,micro_recall,0.2,0.8831±0.0069
chestxray_densenet,RF,BinaryVector,PreOrder__Hamming__None,micro_recall,0.2,0.8837±0.0065
chestxray_densenet,RF,BinaryVector,PreOrder__Subset__2,micro_recall,0.2,0.8818±0.0069
chestxray_densenet,RF,BinaryVector,PreOrder__Subset__None,micro_recall,0.2,0.8831±0.0067
chestxray_densenet,RF,BinaryVector,br,micro_recall,0.2,0.0893±0.0070
chestxray_densenet,RF,BinaryVector,cc,micro_recall,0.2,0.0882±0.0040
chestxray_densenet,RF,BinaryVector,clr,micro_recall,0.2,0.0156±0.0021
chestxray_densenet,RF,BinaryVector,ecc,micro_recall,0.2,0.0720±0.0049
chestxray_densenet,RF,BinaryVector,mlknn,micro_recall,0.2,0.2199±0.0366
chestxray_densenet,RF,BinaryVector,PartialOrder__Hamming__2,micro_recall,0.3,0.9391±0.0037
chestxray_densenet,RF,BinaryVector,PartialOrder__Hamming__None,micro_recall,0.3,0.9365±0.0034
chestxray_densenet,RF,BinaryVector,PartialOrder__Subset__2,micro_recall,0.3,0.9390±0.0037
chestxray_densenet,RF,BinaryVector,PartialOrder__Subset__None,micro_recall,0.3,0.9365±0.0038
chestxray_densenet,RF,BinaryVector,PreOrder__Hamming__2,micro_recall,0.3,0.7802±0.0058
chestxray_densenet,RF,BinaryVector,PreOrder__Hamming__None,micro_recall,0.3,0.7903±0.0057
chestxray_densenet,RF,BinaryVector,PreOrder__Subset__2,micro_recall,0.3,0.7775±0.0062
chestxray_densenet,RF,BinaryVector,PreOrder__Subset__None,micro_recall,0.3,0.7895±0.0058
chestxray_densenet,RF,BinaryVector,br,micro_recall,0.3,0.1342±0.0074
chestxray_densenet,RF,BinaryVector,cc,micro_recall,0.3,0.1341±0.0050
chestxray_densenet,RF,BinaryVector,clr,micro_recall,0.3,0.0161±0.0030
chestxray_densenet,RF,BinaryVector,ecc,micro_recall,0.3,0.1056±0.0070
chestxray_densenet,RF,BinaryVector,mlknn,micro_recall,0.3,0.2972±0.0430
chestxray_densenet,RF,BinaryVector,PartialOrder__Hamming__2,subset0_1,0.0,0.0045±0.0006
chestxray_densenet,RF,BinaryVector,PartialOrder__Hamming__None,subset0_1,0.0,0.0046±0.0006
chestxray_densenet,RF,BinaryVector,PartialOrder__Subset__2,subset0_1,0.0,0.0044±0.0006
chestxray_densenet,RF,BinaryVector,PartialOrder__Subset__None,subset0_1,0.0,0.0046±0.0004
chestxray_densenet,RF,BinaryVector,PreOrder__Hamming__2,subset0_1,0.0,0.0066±0.0008
chestxray_densenet,RF,BinaryVector,PreOrder__Hamming__None,subset0_1,0.0,0.0064±0.0008
chestxray_densenet,RF,BinaryVector,PreOrder__Subset__2,subset0_1,0.0,0.0065±0.0006
chestxray_densenet,RF,BinaryVector,PreOrder__Subset__None,subset0_1,0.0,0.0066±0.0008
chestxray_densenet,RF,BinaryVector,br,subset0_1,0.0,0.4517±0.0022
chestxray_densenet,RF,BinaryVector,cc,subset0_1,0.0,0.4505±0.0026
chestxray_densenet,RF,BinaryVector,clr,subset0_1,0.0,0.4548±0.0038
chestxray_densenet,RF,BinaryVector,ecc,subset0_1,0.0,0.4540±0.0031
chestxray_densenet,RF,BinaryVector,mlknn,subset0_1,0.0,0.4213±0.0089
chestxray_densenet,RF,BinaryVector,PartialOrder__Hamming__2,subset0_1,0.1,0.0026±0.0007
chestxray_densenet,RF,BinaryVector,PartialOrder__Hamming__None,subset0_1,0.1,0.0026±0.0007
chestxray_densenet,RF,BinaryVector,PartialOrder__Subset__2,subset0_1,0.1,0.0026±0.0008
chestxray_densenet,RF,BinaryVector,PartialOrder__Subset__None,subset0_1,0.1,0.0027±0.0007
chestxray_densenet,RF,BinaryVector,PreOrder__Hamming__2,subset0_1,0.1,0.0064±0.0010
chestxray_densenet,RF,BinaryVector,PreOrder__Hamming__None,subset0_1,0.1,0.0060±0.0009
chestxray_densenet,RF,BinaryVector,PreOrder__Subset__2,subset0_1,0.1,0.0064±0.0010
chestxray_densenet,RF,BinaryVector,PreOrder__Subset__None,subset0_1,0.1,0.0060±0.0010
chestxray_densenet,RF,BinaryVector,br,subset0_1,0.1,0.4449±0.0032
chestxray_densenet,RF,BinaryVector,cc,subset0_1,0.1,0.4460±0.0032
chestxray_densenet,RF,BinaryVector,clr,subset0_1,0.1,0.4545±0.0043
chestxray_densenet,RF,BinaryVector,ecc,subset0_1,0.1,0.4491±0.0037
chestxray_densenet,RF,BinaryVector,mlknn,subset0_1,0.1,0.3870±0.0122
chestxray_densenet,RF,BinaryVector,PartialOrder__Hamming__2,subset0_1,0.2,0.0010±0.0005
chestxray_densenet,RF,BinaryVector,PartialOrder__Hamming__None,subset0_1,0.2,0.0010±0.0005
chestxray_densenet,RF,BinaryVector,PartialOrder__Subset__2,subset0_1,0.2,0.0009±0.0005
chestxray_densenet,RF,BinaryVector,PartialOrder__Subset__None,subset0_1,0.2,0.0009±0.0005
chestxray_densenet,RF,BinaryVector,PreOrder__Hamming__2,subset0_1,0.2,0.0057±0.0010
chestxray_densenet,RF,BinaryVector,PreOrder__Hamming__None,subset0_1,0.2,0.0047±0.0009
chestxray_densenet,RF,BinaryVector,PreOrder__Subset__2,subset0_1,0.2,0.0058±0.0011
chestxray_densenet,RF,BinaryVector,PreOrder__Subset__None,subset0_1,0.2,0.0049±0.0010
chestxray_densenet,RF,BinaryVector,br,subset0_1,0.2,0.4283±0.0033
chestxray_densenet,RF,BinaryVector,cc,subset0_1,0.2,0.4278±0.0038
chestxray_densenet,RF,BinaryVector,clr,subset0_1,0.2,0.4541±0.0039
chestxray_densenet,RF,BinaryVector,ecc,subset0_1,0.2,0.4397±0.0032
chestxray_densenet,RF,BinaryVector,mlknn,subset0_1,0.2,0.2902±0.0235
chestxray_densenet,RF,BinaryVector,PartialOrder__Hamming__2,subset0_1,0.3,0.0002±0.0002
chestxray_densenet,RF,BinaryVector,PartialOrder__Hamming__None,subset0_1,0.3,0.0002±0.0002
chestxray_densenet,RF,BinaryVector,PartialOrder__Subset__2,subset0_1,0.3,0.0002±0.0002
chestxray_densenet,RF,BinaryVector,PartialOrder__Subset__None,subset0_1,0.3,0.0002±0.0001
chestxray_densenet,RF,BinaryVector,PreOrder__Hamming__2,subset0_1,0.3,0.0045±0.0008
chestxray_densenet,RF,BinaryVector,PreOrder__Hamming__None,subset0_1,0.3,0.0028±0.0008
chestxray_densenet,RF,BinaryVector,PreOrder__Subset__2,subset0_1,0.3,0.0046±0.0009
chestxray_densenet,RF,BinaryVector,PreOrder__Subset__None,subset0_1,0.3,0.0027±0.0008
chestxray_densenet,RF,BinaryVector,br,subset0_1,0.3,0.3672±0.0068
chestxray_densenet,RF,BinaryVector,cc,subset0_1,0.3,0.3664±0.0062
chestxray_densenet,RF,BinaryVector,clr,subset0_1,0.3,0.4520±0.0038
chestxray_densenet,RF,BinaryVector,ecc,subset0_1,0.3,0.4046±0.0051
chestxray_densenet,RF,BinaryVector,mlknn,subset0_1,0.3,0.1381±0.0265
chestxray_densenet,RF,PartialAbstention,PartialOrder__Hamming__2,aabs,0.0,0.9246±0.0039
chestxray_densenet,RF,PartialAbstention,PartialOrder__Hamming__None,aabs,0.0,0.9219±0.0039
chestxray_densenet,RF,PartialAbstention,PartialOrder__Subset__2,aabs,0.0,0.9246±0.0039
chestxray_densenet,RF,PartialAbstention,PartialOrder__Subset__None,aabs,0.0,0.9215±0.0039
chestxray_densenet,RF,PartialAbstention,PreOrder__Hamming__2,aabs,0.0,0.9073±0.0044
chestxray_densenet,RF,PartialAbstention,PreOrder__Hamming__None,aabs,0.0,0.9033±0.0046
chestxray_densenet,RF,PartialAbstention,PreOrder__Subset__2,aabs,0.0,0.9074±0.0044
chestxray_densenet,RF,PartialAbstention,PreOrder__Subset__None,aabs,0.0,0.9037±0.0042
chestxray_densenet,RF,PartialAbstention,PartialOrder__Hamming__2,aabs,0.1,0.9127±0.0037
chestxray_densenet,RF,PartialAbstention,PartialOrder__Hamming__None,aabs,0.1,0.9085±0.0038
chestxray_densenet,RF,PartialAbstention,PartialOrder__Subset__2,aabs,0.1,0.9127±0.0037
chestxray_densenet,RF,PartialAbstention,PartialOrder__Subset__None,aabs,0.1,0.9092±0.0037
chestxray_densenet,RF,PartialAbstention,PreOrder__Hamming__2,aabs,0.1,0.8668±0.0049
chestxray_densenet,RF,PartialAbstention,PreOrder__Hamming__None,aabs,0.1,0.8606±0.0051
chestxray_densenet,RF,PartialAbstention,PreOrder__Subset__2,aabs,0.1,0.8670±0.0049
chestxray_densenet,RF,PartialAbstention,PreOrder__Subset__None,aabs,0.1,0.8609±0.0050
chestxray_densenet,RF,PartialAbstention,PartialOrder__Hamming__2,aabs,0.2,0.8901±0.0046
chestxray_densenet,RF,PartialAbstention,PartialOrder__Hamming__None,aabs,0.2,0.8833±0.0045
chestxray_densenet,RF,PartialAbstention,PartialOrder__Subset__2,aabs,0.2,0.8901±0.0045
chestxray_densenet,RF,PartialAbstention,PartialOrder__Subset__None,aabs,0.2,0.8844±0.0047
chestxray_densenet,RF,PartialAbstention,PreOrder__Hamming__2,aabs,0.2,0.7798±0.0093
chestxray_densenet,RF,PartialAbstention,PreOrder__Hamming__None,aabs,0.2,0.7685±0.0093
chestxray_densenet,RF,PartialAbstention,PreOrder__Subset__2,aabs,0.2,0.7802±0.0093
chestxray_densenet,RF,PartialAbstention,PreOrder__Subset__None,aabs,0.2,0.7690±0.0092
chestxray_densenet,RF,PartialAbstention,PartialOrder__Hamming__2,aabs,0.3,0.8339±0.0043
chestxray_densenet,RF,PartialAbstention,PartialOrder__Hamming__None,aabs,0.3,0.8229±0.0042
chestxray_densenet,RF,PartialAbstention,PartialOrder__Subset__2,aabs,0.3,0.8340±0.0043
chestxray_densenet,RF,PartialAbstention,PartialOrder__Subset__None,aabs,0.3,0.8245±0.0044
chestxray_densenet,RF,PartialAbstention,PreOrder__Hamming__2,aabs,0.3,0.5511±0.0096
chestxray_densenet,RF,PartialAbstention,PreOrder__Hamming__None,aabs,0.3,0.5305±0.0096
chestxray_densenet,RF,PartialAbstention,PreOrder__Subset__2,aabs,0.3,0.5522±0.0097
chestxray_densenet,RF,PartialAbstention,PreOrder__Subset__None,aabs,0.3,0.5303±0.0093
chestxray_densenet,RF,PartialAbstention,PartialOrder__Hamming__2,abs,0.0,0.9890±0.0011
chestxray_densenet,RF,PartialAbstention,PartialOrder__Hamming__None,abs,0.0,0.9884±0.0010
chestxray_densenet,RF,PartialAbstention,PartialOrder__Subset__2,abs,0.0,0.9890±0.0011
chestxray_densenet,RF,PartialAbstention,PartialOrder__Subset__None,abs,0.0,0.9884±0.0013
chestxray_densenet,RF,PartialAbstention,PreOrder__Hamming__2,abs,0.0,0.9783±0.0016
chestxray_densenet,RF,PartialAbstention,PreOrder__Hamming__None,abs,0.0,0.9777±0.0015
chestxray_densenet,RF,PartialAbstention,PreOrder__Subset__2,abs,0.0,0.9783±0.0016
chestxray_densenet,RF,PartialAbstention,PreOrder__Subset__None,abs,0.0,0.9774±0.0018
chestxray_densenet,RF,PartialAbstention,PartialOrder__Hamming__2,abs,0.1,0.9923±0.0013
chestxray_densenet,RF,PartialAbstention,PartialOrder__Hamming__None,abs,0.1,0.9917±0.0011
chestxray_densenet,RF,PartialAbstention,PartialOrder__Subset__2,abs,0.1,0.9923±0.0013
chestxray_densenet,RF,PartialAbstention,PartialOrder__Subset__None,abs,0.1,0.9917±0.0012
chestxray_densenet,RF,PartialAbstention,PreOrder__Hamming__2,abs,0.1,0.9761±0.0025
chestxray_densenet,RF,PartialAbstention,PreOrder__Hamming__None,abs,0.1,0.9751±0.0026
chestxray_densenet,RF,PartialAbstention,PreOrder__Subset__2,abs,0.1,0.9762±0.0024
chestxray_densenet,RF,PartialAbstention,PreOrder__Subset__None,abs,0.1,0.9749±0.0026
chestxray_densenet,RF,PartialAbstention,PartialOrder__Hamming__2,abs,0.2,0.9927±0.0011
chestxray_densenet,RF,PartialAbstention,PartialOrder__Hamming__None,abs,0.2,0.9920±0.0011
chestxray_densenet,RF,PartialAbstention,PartialOrder__Subset__2,abs,0.2,0.9927±0.0011
chestxray_densenet,RF,PartialAbstention,PartialOrder__Subset__None,abs,0.2,0.9921±0.0013
chestxray_densenet,RF,PartialAbstention,PreOrder__Hamming__2,abs,0.2,0.9684±0.0032
chestxray_densenet,RF,PartialAbstention,PreOrder__Hamming__None,abs,0.2,0.9667±0.0032
chestxray_densenet,RF,PartialAbstention,PreOrder__Subset__2,abs,0.2,0.9686±0.0032
chestxray_densenet,RF,PartialAbstention,PreOrder__Subset__None,abs,0.2,0.9665±0.0033
chestxray_densenet,RF,PartialAbstention,PartialOrder__Hamming__2,abs,0.3,0.9895±0.0014
chestxray_densenet,RF,PartialAbstention,PartialOrder__Hamming__None,abs,0.3,0.9882±0.0016
chestxray_densenet,RF,PartialAbstention,PartialOrder__Subset__2,abs,0.3,0.9895±0.0014
chestxray_densenet,RF,PartialAbstention,PartialOrder__Subset__None,abs,0.3,0.9885±0.0015
chestxray_densenet,RF,PartialAbstention,PreOrder__Hamming__2,abs,0.3,0.9258±0.0061
chestxray_densenet,RF,PartialAbstention,PreOrder__Hamming__None,abs,0.3,0.9203±0.0067
chestxray_densenet,RF,PartialAbstention,PreOrder__Subset__2,abs,0.3,0.9271±0.0059
chestxray_densenet,RF,PartialAbstention,PreOrder__Subset__None,abs,0.3,0.9210±0.0064
chestxray_densenet,RF,PartialAbstention,PartialOrder__Hamming__2,arec,0.0,0.9858±0.0013
chestxray_densenet,RF,PartialAbstention,PartialOrder__Hamming__None,arec,0.0,0.9851±0.0012
chestxray_densenet,RF,PartialAbstention,PartialOrder__Subset__2,arec,0.0,0.9858±0.0013
chestxray_densenet,RF,PartialAbstention,PartialOrder__Subset__None,arec,0.0,0.9850±0.0013
chestxray_densenet,RF,PartialAbstention,PreOrder__Hamming__2,arec,0.0,0.9812±0.0012
chestxray_densenet,RF,PartialAbstention,PreOrder__Hamming__None,arec,0.0,0.9802±0.0013
chestxray_densenet,RF,PartialAbstention,PreOrder__Subset__2,arec,0.0,0.9813±0.0012
chestxray_densenet,RF,PartialAbstention,PreOrder__Subset__None,arec,0.0,0.9803±0.0012
chestxray_densenet,RF,PartialAbstention,PartialOrder__Hamming__2,arec,0.1,0.9797±0.0010
chestxray_densenet,RF,PartialAbstention,PartialOrder__Hamming__None,arec,0.1,0.9784±0.0011
chestxray_densenet,RF,PartialAbstention,PartialOrder__Subset__2,arec,0.1,0.9797±0.0010
chestxray_densenet,RF,PartialAbstention,PartialOrder__Subset__None,arec,0.1,0.9786±0.0011
chestxray_densenet,RF,PartialAbstention,PreOrder__Hamming__2,arec,0.1,0.9691±0.0013
chestxray_densenet,RF,PartialAbstention,PreOrder__Hamming__None,arec,0.1,0.9671±0.0014
chestxray_densenet,RF,PartialAbstention,PreOrder__Subset__2,arec,0.1,0.9692±0.0013
chestxray_densenet,RF,PartialAbstention,PreOrder__Subset__None,arec,0.1,0.9671±0.0014
chestxray_densenet,RF,PartialAbstention,PartialOrder__Hamming__2,arec,0.2,0.9670±0.0012
chestxray_densenet,RF,PartialAbstention,PartialOrder__Hamming__None,arec,0.2,0.9644±0.0012
chestxray_densenet,RF,PartialAbstention,PartialOrder__Subset__2,arec,0.2,0.9670±0.0012
chestxray_densenet,RF,PartialAbstention,PartialOrder__Subset__None,arec,0.2,0.9648±0.0013
chestxray_densenet,RF,PartialAbstention,PreOrder__Hamming__2,arec,0.2,0.9388±0.0023
chestxray_densenet,RF,PartialAbstention,PreOrder__Hamming__None,arec,0.2,0.9337±0.0023
chestxray_densenet,RF,PartialAbstention,PreOrder__Subset__2,arec,0.2,0.9391±0.0022
chestxray_densenet,RF,PartialAbstention,PreOrder__Subset__None,arec,0.2,0.9335±0.0023
chestxray_densenet,RF,PartialAbstention,PartialOrder__Hamming__2,arec,0.3,0.9365±0.0017
chestxray_densenet,RF,PartialAbstention,PartialOrder__Hamming__None,arec,0.3,0.9312±0.0017
chestxray_densenet,RF,PartialAbstention,PartialOrder__Subset__2,arec,0.3,0.9365±0.0017
chestxray_densenet,RF,PartialAbstention,PartialOrder__Subset__None,arec,0.3,0.9319±0.0017
chestxray_densenet,RF,PartialAbstention,PreOrder__Hamming__2,arec,0.3,0.8443±0.0030
chestxray_densenet,RF,PartialAbstention,PreOrder__Hamming__None,arec,0.3,0.8278±0.0036
chestxray_densenet,RF,PartialAbstention,PreOrder__Subset__2,arec,0.3,0.8452±0.0031
chestxray_densenet,RF,PartialAbstention,PreOrder__Subset__None,arec,0.3,0.8269±0.0035
chestxray_densenet,RF,PartialAbstention,PartialOrder__Hamming__2,f1_pa,0.0,0.4851±0.0275
chestxray_densenet,RF,PartialAbstention,PartialOrder__Hamming__None,f1_pa,0.0,0.4813±0.0251
chestxray_densenet,RF,PartialAbstention,PartialOrder__Subset__2,f1_pa,0.0,0.4851±0.0276
chestxray_densenet,RF,PartialAbstention,PartialOrder__Subset__None,f1_pa,0.0,0.4819±0.0282
chestxray_densenet,RF,PartialAbstention,PreOrder__Hamming__2,f1_pa,0.0,0.4497±0.0169
chestxray_densenet,RF,PartialAbstention,PreOrder__Hamming__None,f1_pa,0.0,0.4462±0.0175
chestxray_densenet,RF,PartialAbstention,PreOrder__Subset__2,f1_pa,0.0,0.4489±0.0161
chestxray_densenet,RF,PartialAbstention,PreOrder__Subset__None,f1_pa,0.0,0.4487±0.0170
chestxray_densenet,RF,PartialAbstention,PartialOrder__Hamming__2,f1_pa,0.1,0.4279±0.0174
chestxray_densenet,RF,PartialAbstention,PartialOrder__Hamming__None,f1_pa,0.1,0.4251±0.0163
chestxray_densenet,RF,PartialAbstention,PartialOrder__Subset__2,f1_pa,0.1,0.4278±0.0174
chestxray_densenet,RF,PartialAbstention,PartialOrder__Subset__None,f1_pa,0.1,0.4258±0.0167
chestxray_densenet,RF,PartialAbstention,PreOrder__Hamming__2,f1_pa,0.1,0.4065±0.0135
chestxray_densenet,RF,PartialAbstention,PreOrder__Hamming__None,f1_pa,0.1,0.4045±0.0133
chestxray_densenet,RF,PartialAbstention,PreOrder__Subset__2,f1_pa,0.1,0.4059±0.0138
chestxray_densenet,RF,PartialAbstention,PreOrder__Subset__None,f1_pa,0.1,0.4051±0.0134
chestxray_densenet,RF,PartialAbstention,PartialOrder__Hamming__2,f1_pa,0.2,0.3534±0.0107
chestxray_densenet,RF,PartialAbstention,PartialOrder__Hamming__None,f1_pa,0.2,0.3493±0.0104
chestxray_densenet,RF,PartialAbstention,PartialOrder__Subset__2,f1_pa,0.2,0.3532±0.0106
chestxray_densenet,RF,PartialAbstention,PartialOrder__Subset__None,f1_pa,0.2,0.3511±0.0100
chestxray_densenet,RF,PartialAbstention,PreOrder__Hamming__2,f1_pa,0.2,0.3370±0.0111
chestxray_densenet,RF,PartialAbstention,PreOrder__Hamming__None,f1_pa,0.2,0.3347±0.0105
chestxray_densenet,RF,PartialAbstention,PreOrder__Subset__2,f1_pa,0.2,0.3365±0.0113
chestxray_densenet,RF,PartialAbstention,PreOrder__Subset__None,f1_pa,0.2,0.3343±0.0109
chestxray_densenet,RF,PartialAbstention,PartialOrder__Hamming__2,f1_pa,0.3,0.2464±0.0090
chestxray_densenet,RF,PartialAbstention,PartialOrder__Hamming__None,f1_pa,0.3,0.2440±0.0086
chestxray_densenet,RF,PartialAbstention,PartialOrder__Subset__2,f1_pa,0.3,0.2463±0.0090
chestxray_densenet,RF,PartialAbstention,PartialOrder__Subset__None,f1_pa,0.3,0.2443±0.0088
chestxray_densenet,RF,PartialAbstention,PreOrder__Hamming__2,f1_pa,0.3,0.2435±0.0059
chestxray_densenet,RF,PartialAbstention,PreOrder__Hamming__None,f1_pa,0.3,0.2421±0.0059
chestxray_densenet,RF,PartialAbstention,PreOrder__Subset__2,f1_pa,0.3,0.2429±0.0060
chestxray_densenet,RF,PartialAbstention,PreOrder__Subset__None,f1_pa,0.3,0.2408±0.0056
chestxray_densenet,RF,PartialAbstention,PartialOrder__Hamming__2,hamming_accuracy_pa,0.0,0.8117±0.0088
chestxray_densenet,RF,PartialAbstention,PartialOrder__Hamming__None,hamming_accuracy_pa,0.0,0.8097±0.0074
chestxray_densenet,RF,PartialAbstention,PartialOrder__Subset__2,hamming_accuracy_pa,0.0,0.8118±0.0091
chestxray_densenet,RF,PartialAbstention,PartialOrder__Subset__None,hamming_accuracy_pa,0.0,0.8095±0.0088
chestxray_densenet,RF,PartialAbstention,PreOrder__Hamming__2,hamming_accuracy_pa,0.0,0.7976±0.0058
chestxray_densenet,RF,PartialAbstention,PreOrder__Hamming__None,hamming_accuracy_pa,0.0,0.7952±0.0056
chestxray_densenet,RF,PartialAbstention,PreOrder__Subset__2,hamming_accuracy_pa,0.0,0.7978±0.0061
chestxray_densenet,RF,PartialAbstention,PreOrder__Subset__None,hamming_accuracy_pa,0.0,0.7958±0.0059
chestxray_densenet,RF,PartialAbstention,PartialOrder__Hamming__2,hamming_accuracy_pa,0.1,0.7679±0.0062
chestxray_densenet,RF,PartialAbstention,PartialOrder__Hamming__None,hamming_accuracy_pa,0.1,0.7644±0.0060
chestxray_densenet,RF,PartialAbstention,PartialOrder__Subset__2,hamming_accuracy_pa,0.1,0.7680±0.0061
chestxray_densenet,RF,PartialAbstention,PartialOrder__Subset__None,hamming_accuracy_pa,0.1,0.7644±0.0060
chestxray_densenet,RF,PartialAbstention,PreOrder__Hamming__2,hamming_accuracy_pa,0.1,0.7682±0.0051
chestxray_densenet,RF,PartialAbstention,PreOrder__Hamming__None,hamming_accuracy_pa,0.1,0.7639±0.0043
chestxray_densenet,RF,PartialAbstention,PreOrder__Subset__2,hamming_accuracy_pa,0.1,0.7684±0.0051
chestxray_densenet,RF,PartialAbstention,PreOrder__Subset__None,hamming_accuracy_pa,0.1,0.7633±0.0050
chestxray_densenet,RF,PartialAbstention,PartialOrder__Hamming__2,hamming_accuracy_pa,0.2,0.7000±0.0046
chestxray_densenet,RF,PartialAbstention,PartialOrder__Hamming__None,hamming_accuracy_pa,0.2,0.6946±0.0046
chestxray_densenet,RF,PartialAbstention,PartialOrder__Subset__2,hamming_accuracy_pa,0.2,0.6998±0.0045
chestxray_densenet,RF,PartialAbstention,PartialOrder__Subset__None,hamming_accuracy_pa,0.2,0.6955±0.0044
chestxray_densenet,RF,PartialAbstention,PreOrder__Hamming__2,hamming_accuracy_pa,0.2,0.7222±0.0042
chestxray_densenet,RF,PartialAbstention,PreOrder__Hamming__None,hamming_accuracy_pa,0.2,0.7133±0.0044
chestxray_densenet,RF,PartialAbstention,PreOrder__Subset__2,hamming_accuracy_pa,0.2,0.7227±0.0043
chestxray_densenet,RF,PartialAbstention,PreOrder__Subset__None,hamming_accuracy_pa,0.2,0.7121±0.0043
chestxray_densenet,RF,PartialAbstention,PartialOrder__Hamming__2,hamming_accuracy_pa,0.3,0.6174±0.0055
chestxray_densenet,RF,PartialAbstention,PartialOrder__Hamming__None,hamming_accuracy_pa,0.3,0.6112±0.0046
chestxray_densenet,RF,PartialAbstention,PartialOrder__Subset__2,hamming_accuracy_pa,0.3,0.6173±0.0056
chestxray_densenet,RF,PartialAbstention,PartialOrder__Subset__None,hamming_accuracy_pa,0.3,0.6119±0.0051
chestxray_densenet,RF,PartialAbstention,PreOrder__Hamming__2,hamming_accuracy_pa,0.3,0.6532±0.0032
chestxray_densenet,RF,PartialAbstention,PreOrder__Hamming__None,hamming_accuracy_pa,0.3,0.6332±0.0031
chestxray_densenet,RF,PartialAbstention,PreOrder__Subset__2,hamming_accuracy_pa,0.3,0.6543±0.0033
chestxray_densenet,RF,PartialAbstention,PreOrder__Subset__None,hamming_accuracy_pa,0.3,0.6314±0.0032
chestxray_densenet,RF,PartialAbstention,PartialOrder__Hamming__2,rec,0.0,0.9068±0.0076
chestxray_densenet,RF,PartialAbstention,PartialOrder__Hamming__None,rec,0.0,0.9029±0.0074
chestxray_densenet,RF,PartialAbstention,PartialOrder__Subset__2,rec,0.0,0.9068±0.0077
chestxray_densenet,RF,PartialAbstention,PartialOrder__Subset__None,rec,0.0,0.9026±0.0079
chestxray_densenet,RF,PartialAbstention,PreOrder__Hamming__2,rec,0.0,0.8819±0.0069
chestxray_densenet,RF,PartialAbstention,PreOrder__Hamming__None,rec,0.0,0.8757±0.0074
chestxray_densenet,RF,PartialAbstention,PreOrder__Subset__2,rec,0.0,0.8819±0.0069
chestxray_densenet,RF,PartialAbstention,PreOrder__Subset__None,rec,0.0,0.8770±0.0069
chestxray_densenet,RF,PartialAbstention,PartialOrder__Hamming__2,rec,0.1,0.8691±0.0058
chestxray_densenet,RF,PartialAbstention,PartialOrder__Hamming__None,rec,0.1,0.8624±0.0060
chestxray_densenet,RF,PartialAbstention,PartialOrder__Subset__2,rec,0.1,0.8691±0.0057
chestxray_densenet,RF,PartialAbstention,PartialOrder__Subset__None,rec,0.1,0.8639±0.0060
chestxray_densenet,RF,PartialAbstention,PreOrder__Hamming__2,rec,0.1,0.8089±0.0067
chestxray_densenet,RF,PartialAbstention,PreOrder__Hamming__None,rec,0.1,0.7991±0.0075
chestxray_densenet,RF,PartialAbstention,PreOrder__Subset__2,rec,0.1,0.8090±0.0068
chestxray_densenet,RF,PartialAbstention,PreOrder__Subset__None,rec,0.1,0.7994±0.0071
chestxray_densenet,RF,PartialAbstention,PartialOrder__Hamming__2,rec,0.2,0.8028±0.0081
chestxray_densenet,RF,PartialAbstention,PartialOrder__Hamming__None,rec,0.2,0.7907±0.0077
chestxray_densenet,RF,PartialAbstention,PartialOrder__Subset__2,rec,0.2,0.8028±0.0081
chestxray_densenet,RF,PartialAbstention,PartialOrder__Subset__None,rec,0.2,0.7933±0.0082
chestxray_densenet,RF,PartialAbstention,PreOrder__Hamming__2,rec,0.2,0.6483±0.0129
chestxray_densenet,RF,PartialAbstention,PreOrder__Hamming__None,rec,0.2,0.6300±0.0126
chestxray_densenet,RF,PartialAbstention,PreOrder__Subset__2,rec,0.2,0.6487±0.0130
chestxray_densenet,RF,PartialAbstention,PreOrder__Subset__None,rec,0.2,0.6301±0.0129
chestxray_densenet,RF,PartialAbstention,PartialOrder__Hamming__2,rec,0.3,0.6637±0.0086
chestxray_densenet,RF,PartialAbstention,PartialOrder__Hamming__None,rec,0.3,0.6442±0.0085
chestxray_densenet,RF,PartialAbstention,PartialOrder__Subset__2,rec,0.3,0.6637±0.0085
chestxray_densenet,RF,PartialAbstention,PartialOrder__Subset__None,rec,0.3,0.6465±0.0087
chestxray_densenet,RF,PartialAbstention,PreOrder__Hamming__2,rec,0.3,0.2871±0.0101
chestxray_densenet,RF,PartialAbstention,PreOrder__Hamming__None,rec,0.3,0.2592±0.0104
chestxray_densenet,RF,PartialAbstention,PreOrder__Subset__2,rec,0.3,0.2879±0.0104
chestxray_densenet,RF,PartialAbstention,PreOrder__Subset__None,rec,0.3,0.2575±0.0100
chestxray_densenet,RF,PartialAbstention,PartialOrder__Hamming__2,subset0_1_pa,0.0,0.4044±0.0242
chestxray_densenet,RF,PartialAbstention,PartialOrder__Hamming__None,subset0_1_pa,0.0,0.4000±0.0226
chestxray_densenet,RF,PartialAbstention,PartialOrder__Subset__2,subset0_1_pa,0.0,0.4044±0.0247
chestxray_densenet,RF,PartialAbstention,PartialOrder__Subset__None,subset0_1_pa,0.0,0.4002±0.0253
chestxray_densenet,RF,PartialAbstention,PreOrder__Hamming__2,subset0_1_pa,0.0,0.3467±0.0139
chestxray_densenet,RF,PartialAbstention,PreOrder__Hamming__None,subset0_1_pa,0.0,0.3405±0.0138
chestxray_densenet,RF,PartialAbstention,PreOrder__Subset__2,subset0_1_pa,0.0,0.3468±0.0131
chestxray_densenet,RF,PartialAbstention,PreOrder__Subset__None,subset0_1_pa,0.0,0.3422±0.0153
chestxray_densenet,RF,PartialAbstention,PartialOrder__Hamming__2,subset0_1_pa,0.1,0.3440±0.0154
chestxray_densenet,RF,PartialAbstention,PartialOrder__Hamming__None,subset0_1_pa,0.1,0.3382±0.0147
chestxray_densenet,RF,PartialAbstention,PartialOrder__Subset__2,subset0_1_pa,0.1,0.3440±0.0155
chestxray_densenet,RF,PartialAbstention,PartialOrder__Subset__None,subset0_1_pa,0.1,0.3388±0.0154
chestxray_densenet,RF,PartialAbstention,PreOrder__Hamming__2,subset0_1_pa,0.1,0.3014±0.0130
chestxray_densenet,RF,PartialAbstention,PreOrder__Hamming__None,subset0_1_pa,0.1,0.2936±0.0132
chestxray_densenet,RF,PartialAbstention,PreOrder__Subset__2,subset0_1_pa,0.1,0.3015±0.0134
chestxray_densenet,RF,PartialAbstention,PreOrder__Subset__None,subset0_1_pa,0.1,0.2940±0.0128
chestxray_densenet,RF,PartialAbstention,PartialOrder__Hamming__2,subset0_1_pa,0.2,0.2642±0.0116
chestxray_densenet,RF,PartialAbstention,PartialOrder__Hamming__None,subset0_1_pa,0.2,0.2567±0.0108
chestxray_densenet,RF,PartialAbstention,PartialOrder__Subset__2,subset0_1_pa,0.2,0.2640±0.0112
chestxray_densenet,RF,PartialAbstention,PartialOrder__Subset__None,subset0_1_pa,0.2,0.2586±0.0107
chestxray_densenet,RF,PartialAbstention,PreOrder__Hamming__2,subset0_1_pa,0.2,0.2228±0.0109
chestxray_densenet,RF,PartialAbstention,PreOrder__Hamming__None,subset0_1_pa,0.2,0.2128±0.0111
chestxray_densenet,RF,PartialAbstention,PreOrder__Subset__2,subset0_1_pa,0.2,0.2235±0.0112
chestxray_densenet,RF,PartialAbstention,PreOrder__Subset__None,subset0_1_pa,0.2,0.2120±0.0108
chestxray_densenet,RF,PartialAbstention,PartialOrder__Hamming__2,subset0_1_pa,0.3,0.1556±0.0072
chestxray_densenet,RF,PartialAbstention,PartialOrder__Hamming__None,subset0_1_pa,0.3,0.1500±0.0073
chestxray_densenet,RF,PartialAbstention,PartialOrder__Subset__2,subset0_1_pa,0.3,0.1556±0.0070
chestxray_densenet,RF,PartialAbstention,PartialOrder__Subset__None,subset0_1_pa,0.3,0.1504±0.0073
chestxray_densenet,RF,PartialAbstention,PreOrder__Hamming__2,subset0_1_pa,0.3,0.1065±0.0046
chestxray_densenet,RF,PartialAbstention,PreOrder__Hamming__None,subset0_1_pa,0.3,0.0934±0.0048
chestxray_densenet,RF,PartialAbstention,PreOrder__Subset__2,subset0_1_pa,0.3,0.1074±0.0048
chestxray_densenet,RF,PartialAbstention,PreOrder__Subset__None,subset0_1_pa,0.3,0.0921±0.0047
chestxray_densenet,RF,ScoreVector,PartialOrder__Hamming__2,auc_macro,0.0,0.7109±0.0043
chestxray_densenet,RF,ScoreVector,PartialOrder__Hamming__None,auc_macro,0.0,0.7109±0.0043
chestxray_densenet,RF,ScoreVector,PartialOrder__Subset__2,auc_macro,0.0,0.7109±0.0043
chestxray_densenet,RF,ScoreVector,PartialOrder__Subset__None,auc_macro,0.0,0.7109±0.0043
chestxray_densenet,RF,ScoreVector,PreOrder__Hamming__2,auc_macro,0.0,0.7109±0.0043
chestxray_densenet,RF,ScoreVector,PreOrder__Hamming__None,auc_macro,0.0,0.7109±0.0043
chestxray_densenet,RF,ScoreVector,PreOrder__Subset__2,auc_macro,0.0,0.7109±0.0043
chestxray_densenet,RF,ScoreVector,PreOrder__Subset__None,auc_macro,0.0,0.7109±0.0043
chestxray_densenet,RF,ScoreVector,br,auc_macro,0.0,0.7109±0.0043
chestxray_densenet,RF,ScoreVector,cc,auc_macro,0.0,0.7085±0.0012
chestxray_densenet,RF,ScoreVector,clr,auc_macro,0.0,0.7034±0.0062
chestxray_densenet,RF,ScoreVector,ecc,auc_macro,0.0,0.7161±0.0039
chestxray_densenet,RF,ScoreVector,mlknn,auc_macro,0.0,0.6166±0.0049
chestxray_densenet,RF,ScoreVector,PartialOrder__Hamming__2,auc_macro,0.1,0.6648±0.0056
chestxray_densenet,RF,ScoreVector,PartialOrder__Hamming__None,auc_macro,0.1,0.6648±0.0056
chestxray_densenet,RF,ScoreVector,PartialOrder__Subset__2,auc_macro,0.1,0.6648±0.0056
chestxray_densenet,RF,ScoreVector,PartialOrder__Subset__None,auc_macro,0.1,0.6648±0.0056
chestxray_densenet,RF,ScoreVector,PreOrder__Hamming__2,auc_macro,0.1,0.6648±0.0056
chestxray_densenet,RF,ScoreVector,PreOrder__Hamming__None,auc_macro,0.1,0.6648±0.0056
chestxray_densenet,RF,ScoreVector,PreOrder__Subset__2,auc_macro,0.1,0.6648±0.0056
chestxray_densenet,RF,ScoreVector,PreOrder__Subset__None,auc_macro,0.1,0.6648±0.0056
chestxray_densenet,RF,ScoreVector,br,auc_macro,0.1,0.6641±0.0043
chestxray_densenet,RF,ScoreVector,cc,auc_macro,0.1,0.6638±0.0041
chestxray_densenet,RF,ScoreVector,clr,auc_macro,0.1,0.6796±0.0045
chestxray_densenet,RF,ScoreVector,ecc,auc_macro,0.1,0.6721±0.0042
chestxray_densenet,RF,ScoreVector,mlknn,auc_macro,0.1,0.5308±0.0045
chestxray_densenet,RF,ScoreVector,PartialOrder__Hamming__2,auc_macro,0.2,0.6366±0.0053
chestxray_densenet,RF,ScoreVector,PartialOrder__Hamming__None,auc_macro,0.2,0.6366±0.0053
chestxray_densenet,RF,ScoreVector,PartialOrder__Subset__2,auc_macro,0.2,0.6366±0.0053
chestxray_densenet,RF,ScoreVector,PartialOrder__Subset__None,auc_macro,0.2,0.6366±0.0053
chestxray_densenet,RF,ScoreVector,PreOrder__Hamming__2,auc_macro,0.2,0.6366±0.0053
chestxray_densenet,RF,ScoreVector,PreOrder__Hamming__None,auc_macro,0.2,0.6366±0.0053
chestxray_densenet,RF,ScoreVector,PreOrder__Subset__2,auc_macro,0.2,0.6366±0.0053
chestxray_densenet,RF,ScoreVector,PreOrder__Subset__None,auc_macro,0.2,0.6366±0.0053
chestxray_densenet,RF,ScoreVector,br,auc_macro,0.2,0.6362±0.0061
chestxray_densenet,RF,ScoreVector,cc,auc_macro,0.2,0.6364±0.0044
chestxray_densenet,RF,ScoreVector,clr,auc_macro,0.2,0.6566±0.0056
chestxray_densenet,RF,ScoreVector,ecc,auc_macro,0.2,0.6468±0.0042
chestxray_densenet,RF,ScoreVector,mlknn,auc_macro,0.2,0.5143±0.0063
chestxray_densenet,RF,ScoreVector,PartialOrder__Hamming__2,auc_macro,0.3,0.6046±0.0065
chestxray_densenet,RF,ScoreVector,PartialOrder__Hamming__None,auc_macro,0.3,0.6046±0.0065
chestxray_densenet,RF,ScoreVector,PartialOrder__Subset__2,auc_macro,0.3,0.6046±0.0065
chestxray_densenet,RF,ScoreVector,PartialOrder__Subset__None,auc_macro,0.3,0.6046±0.0065
chestxray_densenet,RF,ScoreVector,PreOrder__Hamming__2,auc_macro,0.3,0.6046±0.0065
chestxray_densenet,RF,ScoreVector,PreOrder__Hamming__None,auc_macro,0.3,0.6046±0.0065
chestxray_densenet,RF,ScoreVector,PreOrder__Subset__2,auc_macro,0.3,0.6046±0.0065
chestxray_densenet,RF,ScoreVector,PreOrder__Subset__None,auc_macro,0.3,0.6046±0.0065
chestxray_densenet,RF,ScoreVector,br,auc_macro,0.3,0.6039±0.0053
chestxray_densenet,RF,ScoreVector,cc,auc_macro,0.3,0.6032±0.0050
chestxray_densenet,RF,ScoreVector,clr,auc_macro,0.3,0.6228±0.0054
chestxray_densenet,RF,ScoreVector,ecc,auc_macro,0.3,0.6203±0.0050
chestxray_densenet,RF,ScoreVector,mlknn,auc_macro,0.3,0.5150±0.0059
chestxray_densenet,RF,ScoreVector,PartialOrder__Hamming__2,auc_micro,0.0,0.7897±0.0032
chestxray_densenet,RF,ScoreVector,PartialOrder__Hamming__None,auc_micro,0.0,0.7897±0.0032
chestxray_densenet,RF,ScoreVector,PartialOrder__Subset__2,auc_micro,0.0,0.7897±0.0032
chestxray_densenet,RF,ScoreVector,PartialOrder__Subset__None,auc_micro,0.0,0.7897±0.0032
chestxray_densenet,RF,ScoreVector,PreOrder__Hamming__2,auc_micro,0.0,0.7897±0.0032
chestxray_densenet,RF,ScoreVector,PreOrder__Hamming__None,auc_micro,0.0,0.7897±0.0032
chestxray_densenet,RF,ScoreVector,PreOrder__Subset__2,auc_micro,0.0,0.7897±0.0032
chestxray_densenet,RF,ScoreVector,PreOrder__Subset__None,auc_micro,0.0,0.7897±0.0032
chestxray_densenet,RF,ScoreVector,br,auc_micro,0.0,0.7897±0.0032
chestxray_densenet,RF,ScoreVector,cc,auc_micro,0.0,0.7892±0.0034
chestxray_densenet,RF,ScoreVector,clr,auc_micro,0.0,0.7856±0.0039
chestxray_densenet,RF,ScoreVector,ecc,auc_micro,0.0,0.7935±0.0035
chestxray_densenet,RF,ScoreVector,mlknn,auc_micro,0.0,0.7273±0.0045
chestxray_densenet,RF,ScoreVector,PartialOrder__Hamming__2,auc_micro,0.1,0.7482±0.0035
chestxray_densenet,RF,ScoreVector,PartialOrder__Hamming__None,auc_micro,0.1,0.7482±0.0035
chestxray_densenet,RF,ScoreVector,PartialOrder__Subset__2,auc_micro,0.1,0.7482±0.0035
chestxray_densenet,RF,ScoreVector,PartialOrder__Subset__None,auc_micro,0.1,0.7482±0.0035
chestxray_densenet,RF,ScoreVector,PreOrder__Hamming__2,auc_micro,0.1,0.7482±0.0035
chestxray_densenet,RF,ScoreVector,PreOrder__Hamming__None,auc_micro,0.1,0.7482±0.0035
chestxray_densenet,RF,ScoreVector,PreOrder__Subset__2,auc_micro,0.1,0.7482±0.0035
chestxray_densenet,RF,ScoreVector,PreOrder__Subset__None,auc_micro,0.1,0.7482±0.0035
chestxray_densenet,RF,ScoreVector,br,auc_micro,0.1,0.7470±0.0033
chestxray_densenet,RF,ScoreVector,cc,auc_micro,0.1,0.7469±0.0034
chestxray_densenet,RF,ScoreVector,clr,auc_micro,0.1,0.7752±0.0040
chestxray_densenet,RF,ScoreVector,ecc,auc_micro,0.1,0.7568±0.0031
chestxray_densenet,RF,ScoreVector,mlknn,auc_micro,0.1,0.5985±0.0042
chestxray_densenet,RF,ScoreVector,PartialOrder__Hamming__2,auc_micro,0.2,0.7124±0.0031
chestxray_densenet,RF,ScoreVector,PartialOrder__Hamming__None,auc_micro,0.2,0.7124±0.0031
chestxray_densenet,RF,ScoreVector,PartialOrder__Subset__2,auc_micro,0.2,0.7124±0.0031
chestxray_densenet,RF,ScoreVector,PartialOrder__Subset__None,auc_micro,0.2,0.7124±0.0031
chestxray_densenet,RF,ScoreVector,PreOrder__Hamming__2,auc_micro,0.2,0.7124±0.0031
chestxray_densenet,RF,ScoreVector,PreOrder__Hamming__None,auc_micro,0.2,0.7124±0.0031
chestxray_densenet,RF,ScoreVector,PreOrder__Subset__2,auc_micro,0.2,0.7124±0.0031
chestxray_densenet,RF,ScoreVector,PreOrder__Subset__None,auc_micro,0.2,0.7124±0.0031
chestxray_densenet,RF,ScoreVector,br,auc_micro,0.2,0.7120±0.0037
chestxray_densenet,RF,ScoreVector,cc,auc_micro,0.2,0.7122±0.0034
chestxray_densenet,RF,ScoreVector,clr,auc_micro,0.2,0.7517±0.0035
chestxray_densenet,RF,ScoreVector,ecc,auc_micro,0.2,0.7285±0.0031
chestxray_densenet,RF,ScoreVector,mlknn,auc_micro,0.2,0.5622±0.0067
chestxray_densenet,RF,ScoreVector,PartialOrder__Hamming__2,auc_micro,0.3,0.6661±0.0048
chestxray_densenet,RF,ScoreVector,PartialOrder__Hamming__None,auc_micro,0.3,0.6661±0.0048
chestxray_densenet,RF,ScoreVector,PartialOrder__Subset__2,auc_micro,0.3,0.6661±0.0048
chestxray_densenet,RF,ScoreVector,PartialOrder__Subset__None,auc_micro,0.3,0.6661±0.0048
chestxray_densenet,RF,ScoreVector,PreOrder__Hamming__2,auc_micro,0.3,0.6661±0.0048
chestxray_densenet,RF,ScoreVector,PreOrder__Hamming__None,auc_micro,0.3,0.6661±0.0048
chestxray_densenet,RF,ScoreVector,PreOrder__Subset__2,auc_micro,0.3,0.6661±0.0048
chestxray_densenet,RF,ScoreVector,PreOrder__Subset__None,auc_micro,0.3,0.6661±0.0048
chestxray_densenet,RF,ScoreVector,br,auc_micro,0.3,0.6663±0.0054
chestxray_densenet,RF,ScoreVector,cc,auc_micro,0.3,0.6647±0.0034
chestxray_densenet,RF,ScoreVector,clr,auc_micro,0.3,0.7112±0.0045
chestxray_densenet,RF,ScoreVector,ecc,auc_micro,0.3,0.6930±0.0041
chestxray_densenet,RF,ScoreVector,mlknn,auc_micro,0.3,0.5439±0.0052
chestxray_densenet,RF,ScoreVector,PartialOrder__Hamming__2,auprc_macro,0.0,0.2429±0.0057
chestxray_densenet,RF,ScoreVector,PartialOrder__Hamming__None,auprc_macro,0.0,0.2429±0.0057
chestxray_densenet,RF,ScoreVector,PartialOrder__Subset__2,auprc_macro,0.0,0.2429±0.0057
chestxray_densenet,RF,ScoreVector,PartialOrder__Subset__None,auprc_macro,0.0,0.2429±0.0057
chestxray_densenet,RF,ScoreVector,PreOrder__Hamming__2,auprc_macro,0.0,0.2429±0.0057
chestxray_densenet,RF,ScoreVector,PreOrder__Hamming__None,auprc_macro,0.0,0.2429±0.0057
chestxray_densenet,RF,ScoreVector,PreOrder__Subset__2,auprc_macro,0.0,0.2429±0.0057
chestxray_densenet,RF,ScoreVector,PreOrder__Subset__None,auprc_macro,0.0,0.2429±0.0057
chestxray_densenet,RF,ScoreVector,br,auprc_macro,0.0,0.2429±0.0057
chestxray_densenet,RF,ScoreVector,cc,auprc_macro,0.0,0.2422±0.0076
chestxray_densenet,RF,ScoreVector,clr,auprc_macro,0.0,0.2358±0.0090
chestxray_densenet,RF,ScoreVector,ecc,auprc_macro,0.0,0.2483±0.0074
chestxray_densenet,RF,ScoreVector,mlknn,auprc_macro,0.0,0.1356±0.0024
chestxray_densenet,RF,ScoreVector,PartialOrder__Hamming__2,auprc_macro,0.1,0.2082±0.0056
chestxray_densenet,RF,ScoreVector,PartialOrder__Hamming__None,auprc_macro,0.1,0.2082±0.0056
chestxray_densenet,RF,ScoreVector,PartialOrder__Subset__2,auprc_macro,0.1,0.2082±0.0056
chestxray_densenet,RF,ScoreVector,PartialOrder__Subset__None,auprc_macro,0.1,0.2082±0.0056
chestxray_densenet,RF,ScoreVector,PreOrder__Hamming__2,auprc_macro,0.1,0.2082±0.0056
chestxray_densenet,RF,ScoreVector,PreOrder__Hamming__None,auprc_macro,0.1,0.2082±0.0056
chestxray_densenet,RF,ScoreVector,PreOrder__Subset__2,auprc_macro,0.1,0.2082±0.0056
chestxray_densenet,RF,ScoreVector,PreOrder__Subset__None,auprc_macro,0.1,0.2082±0.0056
chestxray_densenet,RF,ScoreVector,br,auprc_macro,0.1,0.2072±0.0052
chestxray_densenet,RF,ScoreVector,cc,auprc_macro,0.1,0.2070±0.0056
chestxray_densenet,RF,ScoreVector,clr,auprc_macro,0.1,0.2318±0.0077
chestxray_densenet,RF,ScoreVector,ecc,auprc_macro,0.1,0.2161±0.0059
chestxray_densenet,RF,ScoreVector,mlknn,auprc_macro,0.1,0.1142±0.0018
chestxray_densenet,RF,ScoreVector,PartialOrder__Hamming__2,auprc_macro,0.2,0.1835±0.0046
chestxray_densenet,RF,ScoreVector,PartialOrder__Hamming__None,auprc_macro,0.2,0.1835±0.0046
chestxray_densenet,RF,ScoreVector,PartialOrder__Subset__2,auprc_macro,0.2,0.1835±0.0046
chestxray_densenet,RF,ScoreVector,PartialOrder__Subset__None,auprc_macro,0.2,0.1835±0.0046
chestxray_densenet,RF,ScoreVector,PreOrder__Hamming__2,auprc_macro,0.2,0.1835±0.0046
chestxray_densenet,RF,ScoreVector,PreOrder__Hamming__None,auprc_macro,0.2,0.1835±0.0046
chestxray_densenet,RF,ScoreVector,PreOrder__Subset__2,auprc_macro,0.2,0.1835±0.0046
chestxray_densenet,RF,ScoreVector,PreOrder__Subset__None,auprc_macro,0.2,0.1835±0.0046
chestxray_densenet,RF,ScoreVector,br,auprc_macro,0.2,0.1826±0.0056
chestxray_densenet,RF,ScoreVector,cc,auprc_macro,0.2,0.1832±0.0045
chestxray_densenet,RF,ScoreVector,clr,auprc_macro,0.2,0.2114±0.0065
chestxray_densenet,RF,ScoreVector,ecc,auprc_macro,0.2,0.1951±0.0048
chestxray_densenet,RF,ScoreVector,mlknn,auprc_macro,0.2,0.1098±0.0019
chestxray_densenet,RF,ScoreVector,PartialOrder__Hamming__2,auprc_macro,0.3,0.1567±0.0043
chestxray_densenet,RF,ScoreVector,PartialOrder__Hamming__None,auprc_macro,0.3,0.1567±0.0043
chestxray_densenet,RF,ScoreVector,PartialOrder__Subset__2,auprc_macro,0.3,0.1567±0.0043
chestxray_densenet,RF,ScoreVector,PartialOrder__Subset__None,auprc_macro,0.3,0.1567±0.0043
chestxray_densenet,RF,ScoreVector,PreOrder__Hamming__2,auprc_macro,0.3,0.1567±0.0043
chestxray_densenet,RF,ScoreVector,PreOrder__Hamming__None,auprc_macro,0.3,0.1567±0.0043
chestxray_densenet,RF,ScoreVector,PreOrder__Subset__2,auprc_macro,0.3,0.1567±0.0043
chestxray_densenet,RF,ScoreVector,PreOrder__Subset__None,auprc_macro,0.3,0.1567±0.0043
chestxray_densenet,RF,ScoreVector,br,auprc_macro,0.3,0.1572±0.0047
chestxray_densenet,RF,ScoreVector,cc,auprc_macro,0.3,0.1574±0.0035
chestxray_densenet,RF,ScoreVector,clr,auprc_macro,0.3,0.1803±0.0050
chestxray_densenet,RF,ScoreVector,ecc,auprc_macro,0.3,0.1703±0.0041
chestxray_densenet,RF,ScoreVector,mlknn,auprc_macro,0.3,0.1090±0.0021
chestxray_densenet,RF,ScoreVector,PartialOrder__Hamming__2,auprc_micro,0.0,0.3166±0.0087
chestxray_densenet,RF,ScoreVector,PartialOrder__Hamming__None,auprc_micro,0.0,0.3166±0.0087
chestxray_densenet,RF,ScoreVector,PartialOrder__Subset__2,auprc_micro,0.0,0.3166±0.0087
chestxray_densenet,RF,ScoreVector,PartialOrder__Subset__None,auprc_micro,0.0,0.3166±0.0087
chestxray_densenet,RF,ScoreVector,PreOrder__Hamming__2,auprc_micro,0.0,0.3166±0.0087
chestxray_densenet,RF,ScoreVector,PreOrder__Hamming__None,auprc_micro,0.0,0.3166±0.0087
chestxray_densenet,RF,ScoreVector,PreOrder__Subset__2,auprc_micro,0.0,0.3166±0.0087
chestxray_densenet,RF,ScoreVector,PreOrder__Subset__None,auprc_micro,0.0,0.3166±0.0087
chestxray_densenet,RF,ScoreVector,br,auprc_micro,0.0,0.3166±0.0087
chestxray_densenet,RF,ScoreVector,cc,auprc_micro,0.0,0.3154±0.0106
chestxray_densenet,RF,ScoreVector,clr,auprc_micro,0.0,0.3005±0.0089
chestxray_densenet,RF,ScoreVector,ecc,auprc_micro,0.0,0.3247±0.0108
chestxray_densenet,RF,ScoreVector,mlknn,auprc_micro,0.0,0.2141±0.0064
chestxray_densenet,RF,ScoreVector,PartialOrder__Hamming__2,auprc_micro,0.1,0.2766±0.0078
chestxray_densenet,RF,ScoreVector,PartialOrder__Hamming__None,auprc_micro,0.1,0.2766±0.0078
chestxray_densenet,RF,ScoreVector,PartialOrder__Subset__2,auprc_micro,0.1,0.2766±0.0078
chestxray_densenet,RF,ScoreVector,PartialOrder__Subset__None,auprc_micro,0.1,0.2766±0.0078
chestxray_densenet,RF,ScoreVector,PreOrder__Hamming__2,auprc_micro,0.1,0.2766±0.0078
chestxray_densenet,RF,ScoreVector,PreOrder__Hamming__None,auprc_micro,0.1,0.2766±0.0078
chestxray_densenet,RF,ScoreVector,PreOrder__Subset__2,auprc_micro,0.1,0.2766±0.0078
chestxray_densenet,RF,ScoreVector,PreOrder__Subset__None,auprc_micro,0.1,0.2766±0.0078
chestxray_densenet,RF,ScoreVector,br,auprc_micro,0.1,0.2759±0.0075
chestxray_densenet,RF,ScoreVector,cc,auprc_micro,0.1,0.2753±0.0079
chestxray_densenet,RF,ScoreVector,clr,auprc_micro,0.1,0.3070±0.0088
chestxray_densenet,RF,ScoreVector,ecc,auprc_micro,0.1,0.2920±0.0086
chestxray_densenet,RF,ScoreVector,mlknn,auprc_micro,0.1,0.1599±0.0051
chestxray_densenet,RF,ScoreVector,PartialOrder__Hamming__2,auprc_micro,0.2,0.2386±0.0060
chestxray_densenet,RF,ScoreVector,PartialOrder__Hamming__None,auprc_micro,0.2,0.2386±0.0060
chestxray_densenet,RF,ScoreVector,PartialOrder__Subset__2,auprc_micro,0.2,0.2386±0.0060
chestxray_densenet,RF,ScoreVector,PartialOrder__Subset__None,auprc_micro,0.2,0.2386±0.0060
chestxray_densenet,RF,ScoreVector,PreOrder__Hamming__2,auprc_micro,0.2,0.2386±0.0060
chestxray_densenet,RF,ScoreVector,PreOrder__Hamming__None,auprc_micro,0.2,0.2386±0.0060
chestxray_densenet,RF,ScoreVector,PreOrder__Subset__2,auprc_micro,0.2,0.2386±0.0060
chestxray_densenet,RF,ScoreVector,PreOrder__Subset__None,auprc_micro,0.2,0.2386±0.0060
chestxray_densenet,RF,ScoreVector,br,auprc_micro,0.2,0.2383±0.0079
chestxray_densenet,RF,ScoreVector,cc,auprc_micro,0.2,0.2381±0.0066
chestxray_densenet,RF,ScoreVector,clr,auprc_micro,0.2,0.2882±0.0076
chestxray_densenet,RF,ScoreVector,ecc,auprc_micro,0.2,0.2612±0.0077
chestxray_densenet,RF,ScoreVector,mlknn,auprc_micro,0.2,0.1456±0.0067
chestxray_densenet,RF,ScoreVector,PartialOrder__Hamming__2,auprc_micro,0.3,0.1921±0.0049
chestxray_densenet,RF,ScoreVector,PartialOrder__Hamming__None,auprc_micro,0.3,0.1921±0.0049
chestxray_densenet,RF,ScoreVector,PartialOrder__Subset__2,auprc_micro,0.3,0.1921±0.0049
chestxray_densenet,RF,ScoreVector,PartialOrder__Subset__None,auprc_micro,0.3,0.1921±0.0049
chestxray_densenet,RF,ScoreVector,PreOrder__Hamming__2,auprc_micro,0.3,0.1921±0.0049
chestxray_densenet,RF,ScoreVector,PreOrder__Hamming__None,auprc_micro,0.3,0.1921±0.0049
chestxray_densenet,RF,ScoreVector,PreOrder__Subset__2,auprc_micro,0.3,0.1921±0.0049
chestxray_densenet,RF,ScoreVector,PreOrder__Subset__None,auprc_micro,0.3,0.1921±0.0049
chestxray_densenet,RF,ScoreVector,br,auprc_micro,0.3,0.1925±0.0066
chestxray_densenet,RF,ScoreVector,cc,auprc_micro,0.3,0.1927±0.0050
chestxray_densenet,RF,ScoreVector,clr,auprc_micro,0.3,0.2456±0.0068
chestxray_densenet,RF,ScoreVector,ecc,auprc_micro,0.3,0.2177±0.0058
chestxray_densenet,RF,ScoreVector,mlknn,auprc_micro,0.3,0.1396±0.0053
chestxray_densenet,RF,ScoreVector,PartialOrder__Hamming__2,coverage,0.0,0.7243±0.0081
chestxray_densenet,RF,ScoreVector,PartialOrder__Hamming__None,coverage,0.0,0.7243±0.0081
chestxray_densenet,RF,ScoreVector,PartialOrder__Subset__2,coverage,0.0,0.7243±0.0081
chestxray_densenet,RF,ScoreVector,PartialOrder__Subset__None,coverage,0.0,0.7243±0.0081
chestxray_densenet,RF,ScoreVector,PreOrder__Hamming__2,coverage,0.0,0.7243±0.0081
chestxray_densenet,RF,ScoreVector,PreOrder__Hamming__None,coverage,0.0,0.7243±0.0081
chestxray_densenet,RF,ScoreVector,PreOrder__Subset__2,coverage,0.0,0.7243±0.0081
chestxray_densenet,RF,ScoreVector,PreOrder__Subset__None,coverage,0.0,0.7243±0.0081
chestxray_densenet,RF,ScoreVector,br,coverage,0.0,0.7243±0.0081
chestxray_densenet,RF,ScoreVector,cc,coverage,0.0,0.7360±0.0128
chestxray_densenet,RF,ScoreVector,clr,coverage,0.0,0.6654±0.0110
chestxray_densenet,RF,ScoreVector,ecc,coverage,0.0,0.6568±0.0132
chestxray_densenet,RF,ScoreVector,mlknn,coverage,0.0,0.9748±0.0158
chestxray_densenet,RF,ScoreVector,PartialOrder__Hamming__2,coverage,0.1,0.8537±0.0193
chestxray_densenet,RF,ScoreVector,PartialOrder__Hamming__None,coverage,0.1,0.8537±0.0193
chestxray_densenet,RF,ScoreVector,PartialOrder__Subset__2,coverage,0.1,0.8537±0.0193
chestxray_densenet,RF,ScoreVector,PartialOrder__Subset__None,coverage,0.1,0.8537±0.0193
chestxray_densenet,RF,ScoreVector,PreOrder__Hamming__2,coverage,0.1,0.8537±0.0193
chestxray_densenet,RF,ScoreVector,PreOrder__Hamming__None,coverage,0.1,0.8537±0.0193
chestxray_densenet,RF,ScoreVector,PreOrder__Subset__2,coverage,0.1,0.8537±0.0193
chestxray_densenet,RF,ScoreVector,PreOrder__Subset__None,coverage,0.1,0.8537±0.0193
chestxray_densenet,RF,ScoreVector,br,coverage,0.1,0.8565±0.0178
chestxray_densenet,RF,ScoreVector,cc,coverage,0.1,0.8572±0.0128
chestxray_densenet,RF,ScoreVector,clr,coverage,0.1,0.7271±0.0119
chestxray_densenet,RF,ScoreVector,ecc,coverage,0.1,0.7272±0.0138
chestxray_densenet,RF,ScoreVector,mlknn,coverage,0.1,1.5086±0.0273
chestxray_densenet,RF,ScoreVector,PartialOrder__Hamming__2,coverage,0.2,1.0225±0.0252
chestxray_densenet,RF,ScoreVector,PartialOrder__Hamming__None,coverage,0.2,1.0225±0.0252
chestxray_densenet,RF,ScoreVector,PartialOrder__Subset__2,coverage,0.2,1.0225±0.0252
chestxray_densenet,RF,ScoreVector,PartialOrder__Subset__None,coverage,0.2,1.0225±0.0252
chestxray_densenet,RF,ScoreVector,PreOrder__Hamming__2,coverage,0.2,1.0225±0.0252
chestxray_densenet,RF,ScoreVector,PreOrder__Hamming__None,coverage,0.2,1.0225±0.0252
chestxray_densenet,RF,ScoreVector,PreOrder__Subset__2,coverage,0.2,1.0225±0.0252
chestxray_densenet,RF,ScoreVector,PreOrder__Subset__None,coverage,0.2,1.0225±0.0252
chestxray_densenet,RF,ScoreVector,br,coverage,0.2,1.0258±0.0220
chestxray_densenet,RF,ScoreVector,cc,coverage,0.2,1.0261±0.0280
chestxray_densenet,RF,ScoreVector,clr,coverage,0.2,0.8325±0.0184
chestxray_densenet,RF,ScoreVector,ecc,coverage,0.2,0.8430±0.0173
chestxray_densenet,RF,ScoreVector,mlknn,coverage,0.2,1.6386±0.0320
chestxray_densenet,RF,ScoreVector,PartialOrder__Hamming__2,coverage,0.3,1.2546±0.0327
chestxray_densenet,RF,ScoreVector,PartialOrder__Hamming__None,coverage,0.3,1.2546±0.0327
chestxray_densenet,RF,ScoreVector,PartialOrder__Subset__2,coverage,0.3,1.2546±0.0327
chestxray_densenet,RF,ScoreVector,PartialOrder__Subset__None,coverage,0.3,1.2546±0.0327
chestxray_densenet,RF,ScoreVector,PreOrder__Hamming__2,coverage,0.3,1.2546±0.0327
chestxray_densenet,RF,ScoreVector,PreOrder__Hamming__None,coverage,0.3,1.2546±0.0327
chestxray_densenet,RF,ScoreVector,PreOrder__Subset__2,coverage,0.3,1.2546±0.0327
chestxray_densenet,RF,ScoreVector,PreOrder__Subset__None,coverage,0.3,1.2546±0.0327
chestxray_densenet,RF,ScoreVector,br,coverage,0.3,1.2498±0.0215
chestxray_densenet,RF,ScoreVector,cc,coverage,0.3,1.2562±0.0219
chestxray_densenet,RF,ScoreVector,clr,coverage,0.3,1.0059±0.0263
chestxray_densenet,RF,ScoreVector,ecc,coverage,0.3,1.0416±0.0257
chestxray_densenet,RF,ScoreVector,mlknn,coverage,0.3,1.7056±0.0269
chestxray_densenet,RF,ScoreVector,PartialOrder__Hamming__2,lr_ap,0.0,0.8202±0.0033
chestxray_densenet,RF,ScoreVector,PartialOrder__Hamming__None,lr_ap,0.0,0.8202±0.0033
chestxray_densenet,RF,ScoreVector,PartialOrder__Subset__2,lr_ap,0.0,0.8202±0.0033
chestxray_densenet,RF,ScoreVector,PartialOrder__Subset__None,lr_ap,0.0,0.8202±0.0033
chestxray_densenet,RF,ScoreVector,PreOrder__Hamming__2,lr_ap,0.0,0.8202±0.0033
chestxray_densenet,RF,ScoreVector,PreOrder__Hamming__None,lr_ap,0.0,0.8202±0.0033
chestxray_densenet,RF,ScoreVector,PreOrder__Subset__2,lr_ap,0.0,0.8202±0.0033
chestxray_densenet,RF,ScoreVector,PreOrder__Subset__None,lr_ap,0.0,0.8202±0.0033
chestxray_densenet,RF,ScoreVector,br,lr_ap,0.0,0.8202±0.0033
chestxray_densenet,RF,ScoreVector,cc,lr_ap,0.0,0.8182±0.0036
chestxray_densenet,RF,ScoreVector,clr,lr_ap,0.0,0.8260±0.0030
chestxray_densenet,RF,ScoreVector,ecc,lr_ap,0.0,0.8281±0.0038
chestxray_densenet,RF,ScoreVector,mlknn,lr_ap,0.0,0.7711±0.0044
chestxray_densenet,RF,ScoreVector,PartialOrder__Hamming__2,lr_ap,0.1,0.8039±0.0037
chestxray_densenet,RF,ScoreVector,PartialOrder__Hamming__None,lr_ap,0.1,0.8039±0.0037
chestxray_densenet,RF,ScoreVector,PartialOrder__Subset__2,lr_ap,0.1,0.8039±0.0037
chestxray_densenet,RF,ScoreVector,PartialOrder__Subset__None,lr_ap,0.1,0.8039±0.0037
chestxray_densenet,RF,ScoreVector,PreOrder__Hamming__2,lr_ap,0.1,0.8039±0.0037
chestxray_densenet,RF,ScoreVector,PreOrder__Hamming__None,lr_ap,0.1,0.8039±0.0037
chestxray_densenet,RF,ScoreVector,PreOrder__Subset__2,lr_ap,0.1,0.8039±0.0037
chestxray_densenet,RF,ScoreVector,PreOrder__Subset__None,lr_ap,0.1,0.8039±0.0037
chestxray_densenet,RF,ScoreVector,br,lr_ap,0.1,0.8033±0.0039
chestxray_densenet,RF,ScoreVector,cc,lr_ap,0.1,0.8027±0.0033
chestxray_densenet,RF,ScoreVector,clr,lr_ap,0.1,0.8201±0.0030
chestxray_densenet,RF,ScoreVector,ecc,lr_ap,0.1,0.8197±0.0032
chestxray_densenet,RF,ScoreVector,mlknn,lr_ap,0.1,0.7186±0.0041
chestxray_densenet,RF,ScoreVector,PartialOrder__Hamming__2,lr_ap,0.2,0.7808±0.0038
chestxray_densenet,RF,ScoreVector,PartialOrder__Hamming__None,lr_ap,0.2,0.7808±0.0038
chestxray_densenet,RF,ScoreVector,PartialOrder__Subset__2,lr_ap,0.2,0.7808±0.0038
chestxray_densenet,RF,ScoreVector,PartialOrder__Subset__None,lr_ap,0.2,0.7808±0.0038
chestxray_densenet,RF,ScoreVector,PreOrder__Hamming__2,lr_ap,0.2,0.7808±0.0038
chestxray_densenet,RF,ScoreVector,PreOrder__Hamming__None,lr_ap,0.2,0.7808±0.0038
chestxray_densenet,RF,ScoreVector,PreOrder__Subset__2,lr_ap,0.2,0.7808±0.0038
chestxray_densenet,RF,ScoreVector,PreOrder__Subset__None,lr_ap,0.2,0.7808±0.0038
chestxray_densenet,RF,ScoreVector,br,lr_ap,0.2,0.7802±0.0038
chestxray_densenet,RF,ScoreVector,cc,lr_ap,0.2,0.7798±0.0036
chestxray_densenet,RF,ScoreVector,clr,lr_ap,0.2,0.8064±0.0025
chestxray_densenet,RF,ScoreVector,ecc,lr_ap,0.2,0.8048±0.0032
chestxray_densenet,RF,ScoreVector,mlknn,lr_ap,0.2,0.7071±0.0049
chestxray_densenet,RF,ScoreVector,PartialOrder__Hamming__2,lr_ap,0.3,0.7469±0.0044
chestxray_densenet,RF,ScoreVector,PartialOrder__Hamming__None,lr_ap,0.3,0.7469±0.0044
chestxray_densenet,RF,ScoreVector,PartialOrder__Subset__2,lr_ap,0.3,0.7469±0.0044
chestxray_densenet,RF,ScoreVector,PartialOrder__Subset__None,lr_ap,0.3,0.7469±0.0044
chestxray_densenet,RF,ScoreVector,PreOrder__Hamming__2,lr_ap,0.3,0.7469±0.0044
chestxray_densenet,RF,ScoreVector,PreOrder__Hamming__None,lr_ap,0.3,0.7469±0.0044
chestxray_densenet,RF,ScoreVector,PreOrder__Subset__2,lr_ap,0.3,0.7469±0.0044
chestxray_densenet,RF,ScoreVector,PreOrder__Subset__None,lr_ap,0.3,0.7469±0.0044
chestxray_densenet,RF,ScoreVector,br,lr_ap,0.3,0.7481±0.0034
chestxray_densenet,RF,ScoreVector,cc,lr_ap,0.3,0.7474±0.0029
chestxray_densenet,RF,ScoreVector,clr,lr_ap,0.3,0.7820±0.0033
chestxray_densenet,RF,ScoreVector,ecc,lr_ap,0.3,0.7768±0.0035
chestxray_densenet,RF,ScoreVector,mlknn,lr_ap,0.3,0.6999±0.0040
chestxray_densenet,RF,ScoreVector,PartialOrder__Hamming__2,one_error,0.0,0.7019±0.0086
chestxray_densenet,RF,ScoreVector,PartialOrder__Hamming__None,one_error,0.0,0.7019±0.0086
chestxray_densenet,RF,ScoreVector,PartialOrder__Subset__2,one_error,0.0,0.7019±0.0086
chestxray_densenet,RF,ScoreVector,PartialOrder__Subset__None,one_error,0.0,0.7019±0.0086
chestxray_densenet,RF,ScoreVector,PreOrder__Hamming__2,one_error,0.0,0.7019±0.0086
chestxray_densenet,RF,ScoreVector,PreOrder__Hamming__None,one_error,0.0,0.7019±0.0086
chestxray_densenet,RF,ScoreVector,PreOrder__Subset__2,one_error,0.0,0.7019±0.0086
chestxray_densenet,RF,ScoreVector,PreOrder__Subset__None,one_error,0.0,0.7019±0.0086
chestxray_densenet,RF,ScoreVector,br,one_error,0.0,0.7019±0.0086
chestxray_densenet,RF,ScoreVector,cc,one_error,0.0,0.7037±0.0074
chestxray_densenet,RF,ScoreVector,clr,one_error,0.0,0.7001±0.0070
chestxray_densenet,RF,ScoreVector,ecc,one_error,0.0,0.6979±0.0075
chestxray_densenet,RF,ScoreVector,mlknn,one_error,0.0,0.7720±0.0097
chestxray_densenet,RF,ScoreVector,PartialOrder__Hamming__2,one_error,0.1,0.7180±0.0071
chestxray_densenet,RF,ScoreVector,PartialOrder__Hamming__None,one_error,0.1,0.7180±0.0071
chestxray_densenet,RF,ScoreVector,PartialOrder__Subset__2,one_error,0.1,0.7180±0.0071
chestxray_densenet,RF,ScoreVector,PartialOrder__Subset__None,one_error,0.1,0.7180±0.0071
chestxray_densenet,RF,ScoreVector,PreOrder__Hamming__2,one_error,0.1,0.7180±0.0071
chestxray_densenet,RF,ScoreVector,PreOrder__Hamming__None,one_error,0.1,0.7180±0.0071
chestxray_densenet,RF,ScoreVector,PreOrder__Subset__2,one_error,0.1,0.7180±0.0071
chestxray_densenet,RF,ScoreVector,PreOrder__Subset__None,one_error,0.1,0.7180±0.0071
chestxray_densenet,RF,ScoreVector,br,one_error,0.1,0.7192±0.0077
chestxray_densenet,RF,ScoreVector,cc,one_error,0.1,0.7212±0.0068
chestxray_densenet,RF,ScoreVector,clr,one_error,0.1,0.7055±0.0064
chestxray_densenet,RF,ScoreVector,ecc,one_error,0.1,0.7063±0.0073
chestxray_densenet,RF,ScoreVector,mlknn,one_error,0.1,0.8180±0.0075
chestxray_densenet,RF,ScoreVector,PartialOrder__Hamming__2,one_error,0.2,0.7429±0.0065
chestxray_densenet,RF,ScoreVector,PartialOrder__Hamming__None,one_error,0.2,0.7429±0.0065
chestxray_densenet,RF,ScoreVector,PartialOrder__Subset__2,one_error,0.2,0.7429±0.0065
chestxray_densenet,RF,ScoreVector,PartialOrder__Subset__None,one_error,0.2,0.7429±0.0065
chestxray_densenet,RF,ScoreVector,PreOrder__Hamming__2,one_error,0.2,0.7429±0.0065
chestxray_densenet,RF,ScoreVector,PreOrder__Hamming__None,one_error,0.2,0.7429±0.0065
chestxray_densenet,RF,ScoreVector,PreOrder__Subset__2,one_error,0.2,0.7429±0.0065
chestxray_densenet,RF,ScoreVector,PreOrder__Subset__None,one_error,0.2,0.7429±0.0065
chestxray_densenet,RF,ScoreVector,br,one_error,0.2,0.7451±0.0074
chestxray_densenet,RF,ScoreVector,cc,one_error,0.2,0.7447±0.0058
chestxray_densenet,RF,ScoreVector,clr,one_error,0.2,0.7206±0.0057
chestxray_densenet,RF,ScoreVector,ecc,one_error,0.2,0.7230±0.0075
chestxray_densenet,RF,ScoreVector,mlknn,one_error,0.2,0.8299±0.0115
chestxray_densenet,RF,ScoreVector,PartialOrder__Hamming__2,one_error,0.3,0.7843±0.0062
chestxray_densenet,RF,ScoreVector,PartialOrder__Hamming__None,one_error,0.3,0.7843±0.0062
chestxray_densenet,RF,ScoreVector,PartialOrder__Subset__2,one_error,0.3,0.7843±0.0062
chestxray_densenet,RF,ScoreVector,PartialOrder__Subset__None,one_error,0.3,0.7843±0.0062
chestxray_densenet,RF,ScoreVector,PreOrder__Hamming__2,one_error,0.3,0.7843±0.0062
chestxray_densenet,RF,ScoreVector,PreOrder__Hamming__None,one_error,0.3,0.7843±0.0062
chestxray_densenet,RF,ScoreVector,PreOrder__Subset__2,one_error,0.3,0.7843±0.0062
chestxray_densenet,RF,ScoreVector,PreOrder__Subset__None,one_error,0.3,0.7843±0.0062
chestxray_densenet,RF,ScoreVector,br,one_error,0.3,0.7820±0.0073
chestxray_densenet,RF,ScoreVector,cc,one_error,0.3,0.7832±0.0061
chestxray_densenet,RF,ScoreVector,clr,one_error,0.3,0.7495±0.0050
chestxray_densenet,RF,ScoreVector,ecc,one_error,0.3,0.7560±0.0060
chestxray_densenet,RF,ScoreVector,mlknn,one_error,0.3,0.8345±0.0084
chestxray_densenet,RF,ScoreVector,PartialOrder__Hamming__2,ranking_loss,0.0,0.1110±0.0017
chestxray_densenet,RF,ScoreVector,PartialOrder__Hamming__None,ranking_loss,0.0,0.1110±0.0017
chestxray_densenet,RF,ScoreVector,PartialOrder__Subset__2,ranking_loss,0.0,0.1110±0.0017
chestxray_densenet,RF,ScoreVector,PartialOrder__Subset__None,ranking_loss,0.0,0.1110±0.0017
chestxray_densenet,RF,ScoreVector,PreOrder__Hamming__2,ranking_loss,0.0,0.1110±0.0017
chestxray_densenet,RF,ScoreVector,PreOrder__Hamming__None,ranking_loss,0.0,0.1110±0.0017
chestxray_densenet,RF,ScoreVector,PreOrder__Subset__2,ranking_loss,0.0,0.1110±0.0017
chestxray_densenet,RF,ScoreVector,PreOrder__Subset__None,ranking_loss,0.0,0.1110±0.0017
chestxray_densenet,RF,ScoreVector,br,ranking_loss,0.0,0.1110±0.0017
chestxray_densenet,RF,ScoreVector,cc,ranking_loss,0.0,0.1124±0.0023
chestxray_densenet,RF,ScoreVector,clr,ranking_loss,0.0,0.1035±0.0016
chestxray_densenet,RF,ScoreVector,ecc,ranking_loss,0.0,0.1025±0.0024
chestxray_densenet,RF,ScoreVector,mlknn,ranking_loss,0.0,0.1468±0.0029
chestxray_densenet,RF,ScoreVector,PartialOrder__Hamming__2,ranking_loss,0.1,0.1276±0.0028
chestxray_densenet,RF,ScoreVector,PartialOrder__Hamming__None,ranking_loss,0.1,0.1276±0.0028
chestxray_densenet,RF,ScoreVector,PartialOrder__Subset__2,ranking_loss,0.1,0.1276±0.0028
chestxray_densenet,RF,ScoreVector,PartialOrder__Subset__None,ranking_loss,0.1,0.1276±0.0028
chestxray_densenet,RF,ScoreVector,PreOrder__Hamming__2,ranking_loss,0.1,0.1276±0.0028
chestxray_densenet,RF,ScoreVector,PreOrder__Hamming__None,ranking_loss,0.1,0.1276±0.0028
chestxray_densenet,RF,ScoreVector,PreOrder__Subset__2,ranking_loss,0.1,0.1276±0.0028
chestxray_densenet,RF,ScoreVector,PreOrder__Subset__None,ranking_loss,0.1,0.1276±0.0028
chestxray_densenet,RF,ScoreVector,br,ranking_loss,0.1,0.1281±0.0027
chestxray_densenet,RF,ScoreVector,cc,ranking_loss,0.1,0.1283±0.0021
chestxray_densenet,RF,ScoreVector,clr,ranking_loss,0.1,0.1111±0.0019
chestxray_densenet,RF,ScoreVector,ecc,ranking_loss,0.1,0.1114±0.0024
chestxray_densenet,RF,ScoreVector,mlknn,ranking_loss,0.1,0.2203±0.0030
chestxray_densenet,RF,ScoreVector,PartialOrder__Hamming__2,ranking_loss,0.2,0.1505±0.0031
chestxray_densenet,RF,ScoreVector,PartialOrder__Hamming__None,ranking_loss,0.2,0.1505±0.0031
chestxray_densenet,RF,ScoreVector,PartialOrder__Subset__2,ranking_loss,0.2,0.1505±0.0031
chestxray_densenet,RF,ScoreVector,PartialOrder__Subset__None,ranking_loss,0.2,0.1505±0.0031
chestxray_densenet,RF,ScoreVector,PreOrder__Hamming__2,ranking_loss,0.2,0.1505±0.0031
chestxray_densenet,RF,ScoreVector,PreOrder__Hamming__None,ranking_loss,0.2,0.1505±0.0031
chestxray_densenet,RF,ScoreVector,PreOrder__Subset__2,ranking_loss,0.2,0.1505±0.0031
chestxray_densenet,RF,ScoreVector,PreOrder__Subset__None,ranking_loss,0.2,0.1505±0.0031
chestxray_densenet,RF,ScoreVector,br,ranking_loss,0.2,0.1511±0.0025
chestxray_densenet,RF,ScoreVector,cc,ranking_loss,0.2,0.1509±0.0028
chestxray_densenet,RF,ScoreVector,clr,ranking_loss,0.2,0.1250±0.0020
chestxray_densenet,RF,ScoreVector,ecc,ranking_loss,0.2,0.1262±0.0023
chestxray_densenet,RF,ScoreVector,mlknn,ranking_loss,0.2,0.2383±0.0042
chestxray_densenet,RF,ScoreVector,PartialOrder__Hamming__2,ranking_loss,0.3,0.1836±0.0040
chestxray_densenet,RF,ScoreVector,PartialOrder__Hamming__None,ranking_loss,0.3,0.1836±0.0040
chestxray_densenet,RF,ScoreVector,PartialOrder__Subset__2,ranking_loss,0.3,0.1836±0.0040
chestxray_densenet,RF,ScoreVector,PartialOrder__Subset__None,ranking_loss,0.3,0.1836±0.0040
chestxray_densenet,RF,ScoreVector,PreOrder__Hamming__2,ranking_loss,0.3,0.1836±0.0040
chestxray_densenet,RF,ScoreVector,PreOrder__Hamming__None,ranking_loss,0.3,0.1836±0.0040
chestxray_densenet,RF,ScoreVector,PreOrder__Subset__2,ranking_loss,0.3,0.1836±0.0040
chestxray_densenet,RF,ScoreVector,PreOrder__Subset__None,ranking_loss,0.3,0.1836±0.0040
chestxray_densenet,RF,ScoreVector,br,ranking_loss,0.3,0.1827±0.0033
chestxray_densenet,RF,ScoreVector,cc,ranking_loss,0.3,0.1839±0.0025
chestxray_densenet,RF,ScoreVector,clr,ranking_loss,0.3,0.1485±0.0030
chestxray_densenet,RF,ScoreVector,ecc,ranking_loss,0.3,0.1531±0.0030
chestxray_densenet,RF,ScoreVector,mlknn,ranking_loss,0.3,0.2487±0.0030
chestxray_resnet,LGBM,BinaryVector,PartialOrder__Hamming__2,afrd,0.0,0.7842±0.0048
chestxray_resnet,LGBM,BinaryVector,PartialOrder__Hamming__None,afrd,0.0,0.7865±0.0046
chestxray_resnet,LGBM,BinaryVector,PartialOrder__Subset__2,afrd,0.0,0.7845±0.0048
chestxray_resnet,LGBM,BinaryVector,PartialOrder__Subset__None,afrd,0.0,0.7868±0.0046
chestxray_resnet,LGBM,BinaryVector,PreOrder__Hamming__2,afrd,0.0,0.7207±0.0047
chestxray_resnet,LGBM,BinaryVector,PreOrder__Hamming__None,afrd,0.0,0.7223±0.0054
chestxray_resnet,LGBM,BinaryVector,PreOrder__Subset__2,afrd,0.0,0.7221±0.0046
chestxray_resnet,LGBM,BinaryVector,PreOrder__Subset__None,afrd,0.0,0.7241±0.0051
chestxray_resnet,LGBM,BinaryVector,br,afrd,0.0,0.3147±0.0075
chestxray_resnet,LGBM,BinaryVector,cc,afrd,0.0,0.3037±0.0069
chestxray_resnet,LGBM,BinaryVector,clr,afrd,0.0,0.4993±0.0075
chestxray_resnet,LGBM,BinaryVector,ecc,afrd,0.0,0.4030±0.0070
chestxray_resnet,LGBM,BinaryVector,PartialOrder__Hamming__2,afrd,0.1,0.8495±0.0089
chestxray_resnet,LGBM,BinaryVector,PartialOrder__Hamming__None,afrd,0.1,0.8506±0.0090
chestxray_resnet,LGBM,BinaryVector,PartialOrder__Subset__2,afrd,0.1,0.8494±0.0089
chestxray_resnet,LGBM,BinaryVector,PartialOrder__Subset__None,afrd,0.1,0.8506±0.0090
chestxray_resnet,LGBM,BinaryVector,PreOrder__Hamming__2,afrd,0.1,0.7317±0.0191
chestxray_resnet,LGBM,BinaryVector,PreOrder__Hamming__None,afrd,0.1,0.7357±0.0188
chestxray_resnet,LGBM,BinaryVector,PreOrder__Subset__2,afrd,0.1,0.7308±0.0189
chestxray_resnet,LGBM,BinaryVector,PreOrder__Subset__None,afrd,0.1,0.7361±0.0186
chestxray_resnet,LGBM,BinaryVector,br,afrd,0.1,0.1745±0.0103
chestxray_resnet,LGBM,BinaryVector,cc,afrd,0.1,0.1719±0.0120
chestxray_resnet,LGBM,BinaryVector,clr,afrd,0.1,0.4811±0.0077
chestxray_resnet,LGBM,BinaryVector,ecc,afrd,0.1,0.2953±0.0039
chestxray_resnet,LGBM,BinaryVector,PartialOrder__Hamming__2,afrd,0.2,0.8990±0.0096
chestxray_resnet,LGBM,BinaryVector,PartialOrder__Hamming__None,afrd,0.2,0.8998±0.0092
chestxray_resnet,LGBM,BinaryVector,PartialOrder__Subset__2,afrd,0.2,0.8990±0.0096
chestxray_resnet,LGBM,BinaryVector,PartialOrder__Subset__None,afrd,0.2,0.8998±0.0092
chestxray_resnet,LGBM,BinaryVector,PreOrder__Hamming__2,afrd,0.2,0.7142±0.0204
chestxray_resnet,LGBM,BinaryVector,PreOrder__Hamming__None,afrd,0.2,0.7230±0.0203
chestxray_resnet,LGBM,BinaryVector,PreOrder__Subset__2,afrd,0.2,0.7130±0.0208
chestxray_resnet,LGBM,BinaryVector,PreOrder__Subset__None,afrd,0.2,0.7231±0.0207
chestxray_resnet,LGBM,BinaryVector,br,afrd,0.2,0.1033±0.0061
chestxray_resnet,LGBM,BinaryVector,cc,afrd,0.2,0.1035±0.0112
chestxray_resnet,LGBM,BinaryVector,clr,afrd,0.2,0.5446±0.0030
chestxray_resnet,LGBM,BinaryVector,ecc,afrd,0.2,0.2269±0.0089
chestxray_resnet,LGBM,BinaryVector,PartialOrder__Hamming__2,afrd,0.3,0.9052±0.0036
chestxray_resnet,LGBM,BinaryVector,PartialOrder__Hamming__None,afrd,0.3,0.9062±0.0034
chestxray_resnet,LGBM,BinaryVector,PartialOrder__Subset__2,afrd,0.3,0.9052±0.0036
chestxray_resnet,LGBM,BinaryVector,PartialOrder__Subset__None,afrd,0.3,0.9061±0.0034
chestxray_resnet,LGBM,BinaryVector,PreOrder__Hamming__2,afrd,0.3,0.5815±0.0104
chestxray_resnet,LGBM,BinaryVector,PreOrder__Hamming__None,afrd,0.3,0.6011±0.0093
chestxray_resnet,LGBM,BinaryVector,PreOrder__Subset__2,afrd,0.3,0.5793±0.0107
chestxray_resnet,LGBM,BinaryVector,PreOrder__Subset__None,afrd,0.3,0.6014±0.0091
chestxray_resnet,LGBM,BinaryVector,br,afrd,0.3,0.0626±0.0035
chestxray_resnet,LGBM,BinaryVector,cc,afrd,0.3,0.0703±0.0088
chestxray_resnet,LGBM,BinaryVector,clr,afrd,0.3,0.6611±0.0106
chestxray_resnet,LGBM,BinaryVector,ecc,afrd,0.3,0.1118±0.0097
chestxray_resnet,LGBM,BinaryVector,PartialOrder__Hamming__2,example_precision,0.0,0.1395±0.0020
chestxray_resnet,LGBM,BinaryVector,PartialOrder__Hamming__None,example_precision,0.0,0.1393±0.0019
chestxray_resnet,LGBM,BinaryVector,PartialOrder__Subset__2,example_precision,0.0,0.1395±0.0020
chestxray_resnet,LGBM,BinaryVector,PartialOrder__Subset__None,example_precision,0.0,0.1393±0.0019
chestxray_resnet,LGBM,BinaryVector,PreOrder__Hamming__2,example_precision,0.0,0.1469±0.0016
chestxray_resnet,LGBM,BinaryVector,PreOrder__Hamming__None,example_precision,0.0,0.1467±0.0021
chestxray_resnet,LGBM,BinaryVector,PreOrder__Subset__2,example_precision,0.0,0.1467±0.0013
chestxray_resnet,LGBM,BinaryVector,PreOrder__Subset__None,example_precision,0.0,0.1464±0.0020
chestxray_resnet,LGBM,BinaryVector,br,example_precision,0.0,0.4153±0.0065
chestxray_resnet,LGBM,BinaryVector,cc,example_precision,0.0,0.4108±0.0075
chestxray_resnet,LGBM,BinaryVector,clr,example_precision,0.0,0.4872±0.0062
chestxray_resnet,LGBM,BinaryVector,ecc,example_precision,0.0,0.4619±0.0066
chestxray_resnet,LGBM,BinaryVector,PartialOrder__Hamming__2,example_precision,0.1,0.1243±0.0024
chestxray_resnet,LGBM,BinaryVector,PartialOrder__Hamming__None,example_precision,0.1,0.1242±0.0024
chestxray_resnet,LGBM,BinaryVector,PartialOrder__Subset__2,example_precision,0.1,0.1243±0.0025
chestxray_resnet,LGBM,BinaryVector,PartialOrder__Subset__None,example_precision,0.1,0.1242±0.0024
chestxray_resnet,LGBM,BinaryVector,PreOrder__Hamming__2,example_precision,0.1,0.1387±0.0039
chestxray_resnet,LGBM,BinaryVector,PreOrder__Hamming__None,example_precision,0.1,0.1379±0.0038
chestxray_resnet,LGBM,BinaryVector,PreOrder__Subset__2,example_precision,0.1,0.1388±0.0038
chestxray_resnet,LGBM,BinaryVector,PreOrder__Subset__None,example_precision,0.1,0.1377±0.0038
chestxray_resnet,LGBM,BinaryVector,br,example_precision,0.1,0.3134±0.0083
chestxray_resnet,LGBM,BinaryVector,cc,example_precision,0.1,0.3136±0.0040
chestxray_resnet,LGBM,BinaryVector,clr,example_precision,0.1,0.4690±0.0075
chestxray_resnet,LGBM,BinaryVector,ecc,example_precision,0.1,0.4031±0.0068
chestxray_resnet,LGBM,BinaryVector,PartialOrder__Hamming__2,example_precision,0.2,0.1142±0.0012
chestxray_resnet,LGBM,BinaryVector,PartialOrder__Hamming__None,example_precision,0.2,0.1141±0.0013
chestxray_resnet,LGBM,BinaryVector,PartialOrder__Subset__2,example_precision,0.2,0.1143±0.0012
chestxray_resnet,LGBM,BinaryVector,PartialOrder__Subset__None,example_precision,0.2,0.1141±0.0013
chestxray_resnet,LGBM,BinaryVector,PreOrder__Hamming__2,example_precision,0.2,0.1309±0.0018
chestxray_resnet,LGBM,BinaryVector,PreOrder__Hamming__None,example_precision,0.2,0.1297±0.0020
chestxray_resnet,LGBM,BinaryVector,PreOrder__Subset__2,example_precision,0.2,0.1306±0.0019
chestxray_resnet,LGBM,BinaryVector,PreOrder__Subset__None,example_precision,0.2,0.1296±0.0019
chestxray_resnet,LGBM,BinaryVector,br,example_precision,0.2,0.2339±0.0047
chestxray_resnet,LGBM,BinaryVector,cc,example_precision,0.2,0.2392±0.0046
chestxray_resnet,LGBM,BinaryVector,clr,example_precision,0.2,0.4681±0.0079
chestxray_resnet,LGBM,BinaryVector,ecc,example_precision,0.2,0.3237±0.0061
chestxray_resnet,LGBM,BinaryVector,PartialOrder__Hamming__2,example_precision,0.3,0.1098±0.0018
chestxray_resnet,LGBM,BinaryVector,PartialOrder__Hamming__None,example_precision,0.3,0.1097±0.0018
chestxray_resnet,LGBM,BinaryVector,PartialOrder__Subset__2,example_precision,0.3,0.1098±0.0018
chestxray_resnet,LGBM,BinaryVector,PartialOrder__Subset__None,example_precision,0.3,0.1097±0.0018
chestxray_resnet,LGBM,BinaryVector,PreOrder__Hamming__2,example_precision,0.3,0.1318±0.0020
chestxray_resnet,LGBM,BinaryVector,PreOrder__Hamming__None,example_precision,0.3,0.1298±0.0023
chestxray_resnet,LGBM,BinaryVector,PreOrder__Subset__2,example_precision,0.3,0.1316±0.0021
chestxray_resnet,LGBM,BinaryVector,PreOrder__Subset__None,example_precision,0.3,0.1296±0.0023
chestxray_resnet,LGBM,BinaryVector,br,example_precision,0.3,0.1806±0.0028
chestxray_resnet,LGBM,BinaryVector,cc,example_precision,0.3,0.1811±0.0048
chestxray_resnet,LGBM,BinaryVector,clr,example_precision,0.3,0.4553±0.0051
chestxray_resnet,LGBM,BinaryVector,ecc,example_precision,0.3,0.2338±0.0059
chestxray_resnet,LGBM,BinaryVector,PartialOrder__Hamming__2,example_recall,0.0,0.5172±0.0032
chestxray_resnet,LGBM,BinaryVector,PartialOrder__Hamming__None,example_recall,0.0,0.5181±0.0033
chestxray_resnet,LGBM,BinaryVector,PartialOrder__Subset__2,example_recall,0.0,0.5173±0.0033
chestxray_resnet,LGBM,BinaryVector,PartialOrder__Subset__None,example_recall,0.0,0.5181±0.0032
chestxray_resnet,LGBM,BinaryVector,PreOrder__Hamming__2,example_recall,0.0,0.4984±0.0034
chestxray_resnet,LGBM,BinaryVector,PreOrder__Hamming__None,example_recall,0.0,0.4996±0.0038
chestxray_resnet,LGBM,BinaryVector,PreOrder__Subset__2,example_recall,0.0,0.4984±0.0033
chestxray_resnet,LGBM,BinaryVector,PreOrder__Subset__None,example_recall,0.0,0.5000±0.0036
chestxray_resnet,LGBM,BinaryVector,br,example_recall,0.0,0.4986±0.0060
chestxray_resnet,LGBM,BinaryVector,cc,example_recall,0.0,0.5189±0.0072
chestxray_resnet,LGBM,BinaryVector,clr,example_recall,0.0,0.5008±0.0068
chestxray_resnet,LGBM,BinaryVector,ecc,example_recall,0.0,0.5190±0.0068
chestxray_resnet,LGBM,BinaryVector,PartialOrder__Hamming__2,example_recall,0.1,0.5268±0.0032
chestxray_resnet,LGBM,BinaryVector,PartialOrder__Hamming__None,example_recall,0.1,0.5272±0.0031
chestxray_resnet,LGBM,BinaryVector,PartialOrder__Subset__2,example_recall,0.1,0.5268±0.0032
chestxray_resnet,LGBM,BinaryVector,PartialOrder__Subset__None,example_recall,0.1,0.5272±0.0031
chestxray_resnet,LGBM,BinaryVector,PreOrder__Hamming__2,example_recall,0.1,0.5012±0.0057
chestxray_resnet,LGBM,BinaryVector,PreOrder__Hamming__None,example_recall,0.1,0.5030±0.0059
chestxray_resnet,LGBM,BinaryVector,PreOrder__Subset__2,example_recall,0.1,0.5006±0.0059
chestxray_resnet,LGBM,BinaryVector,PreOrder__Subset__None,example_recall,0.1,0.5030±0.0060
chestxray_resnet,LGBM,BinaryVector,br,example_recall,0.1,0.4507±0.0098
chestxray_resnet,LGBM,BinaryVector,cc,example_recall,0.1,0.4639±0.0036
chestxray_resnet,LGBM,BinaryVector,clr,example_recall,0.1,0.4908±0.0076
chestxray_resnet,LGBM,BinaryVector,ecc,example_recall,0.1,0.4946±0.0062
chestxray_resnet,LGBM,BinaryVector,PartialOrder__Hamming__2,example_recall,0.2,0.5328±0.0040
chestxray_resnet,LGBM,BinaryVector,PartialOrder__Hamming__None,example_recall,0.2,0.5329±0.0040
chestxray_resnet,LGBM,BinaryVector,PartialOrder__Subset__2,example_recall,0.2,0.5328±0.0040
chestxray_resnet,LGBM,BinaryVector,PartialOrder__Subset__None,example_recall,0.2,0.5329±0.0040
chestxray_resnet,LGBM,BinaryVector,PreOrder__Hamming__2,example_recall,0.2,0.4941±0.0047
chestxray_resnet,LGBM,BinaryVector,PreOrder__Hamming__None,example_recall,0.2,0.4972±0.0044
chestxray_resnet,LGBM,BinaryVector,PreOrder__Subset__2,example_recall,0.2,0.4931±0.0049
chestxray_resnet,LGBM,BinaryVector,PreOrder__Subset__None,example_recall,0.2,0.4970±0.0045
chestxray_resnet,LGBM,BinaryVector,br,example_recall,0.2,0.3994±0.0053
chestxray_resnet,LGBM,BinaryVector,cc,example_recall,0.2,0.4089±0.0059
chestxray_resnet,LGBM,BinaryVector,clr,example_recall,0.2,0.4741±0.0057
chestxray_resnet,LGBM,BinaryVector,ecc,example_recall,0.2,0.4473±0.0049
chestxray_resnet,LGBM,BinaryVector,PartialOrder__Hamming__2,example_recall,0.3,0.5307±0.0046
chestxray_resnet,LGBM,BinaryVector,PartialOrder__Hamming__None,example_recall,0.3,0.5311±0.0045
chestxray_resnet,LGBM,BinaryVector,PartialOrder__Subset__2,example_recall,0.3,0.5307±0.0047
chestxray_resnet,LGBM,BinaryVector,PartialOrder__Subset__None,example_recall,0.3,0.5310±0.0045
chestxray_resnet,LGBM,BinaryVector,PreOrder__Hamming__2,example_recall,0.3,0.4659±0.0053
chestxray_resnet,LGBM,BinaryVector,PreOrder__Hamming__None,example_recall,0.3,0.4723±0.0054
chestxray_resnet,LGBM,BinaryVector,PreOrder__Subset__2,example_recall,0.3,0.4646±0.0052
chestxray_resnet,LGBM,BinaryVector,PreOrder__Subset__None,example_recall,0.3,0.4722±0.0053
chestxray_resnet,LGBM,BinaryVector,br,example_recall,0.3,0.3665±0.0047
chestxray_resnet,LGBM,BinaryVector,cc,example_recall,0.3,0.3660±0.0047
chestxray_resnet,LGBM,BinaryVector,clr,example_recall,0.3,0.4466±0.0070
chestxray_resnet,LGBM,BinaryVector,ecc,example_recall,0.3,0.4024±0.0068
chestxray_resnet,LGBM,BinaryVector,PartialOrder__Hamming__2,f1,0.0,0.1993±0.0020
chestxray_resnet,LGBM,BinaryVector,PartialOrder__Hamming__None,f1,0.0,0.1995±0.0020
chestxray_resnet,LGBM,BinaryVector,PartialOrder__Subset__2,f1,0.0,0.1993±0.0021
chestxray_resnet,LGBM,BinaryVector,PartialOrder__Subset__None,f1,0.0,0.1995±0.0020
chestxray_resnet,LGBM,BinaryVector,PreOrder__Hamming__2,f1,0.0,0.2000±0.0017
chestxray_resnet,LGBM,BinaryVector,PreOrder__Hamming__None,f1,0.0,0.2006±0.0023
chestxray_resnet,LGBM,BinaryVector,PreOrder__Subset__2,f1,0.0,0.1996±0.0016
chestxray_resnet,LGBM,BinaryVector,PreOrder__Subset__None,f1,0.0,0.2003±0.0022
chestxray_resnet,LGBM,BinaryVector,br,f1,0.0,0.4304±0.0061
chestxray_resnet,LGBM,BinaryVector,cc,f1,0.0,0.4332±0.0073
chestxray_resnet,LGBM,BinaryVector,clr,f1,0.0,0.4763±0.0065
chestxray_resnet,LGBM,BinaryVector,ecc,f1,0.0,0.4675±0.0067
chestxray_resnet,LGBM,BinaryVector,PartialOrder__Hamming__2,f1,0.1,0.1885±0.0025
chestxray_resnet,LGBM,BinaryVector,PartialOrder__Hamming__None,f1,0.1,0.1886±0.0025
chestxray_resnet,LGBM,BinaryVector,PartialOrder__Subset__2,f1,0.1,0.1885±0.0025
chestxray_resnet,LGBM,BinaryVector,PartialOrder__Subset__None,f1,0.1,0.1886±0.0025
chestxray_resnet,LGBM,BinaryVector,PreOrder__Hamming__2,f1,0.1,0.1955±0.0034
chestxray_resnet,LGBM,BinaryVector,PreOrder__Hamming__None,f1,0.1,0.1957±0.0033
chestxray_resnet,LGBM,BinaryVector,PreOrder__Subset__2,f1,0.1,0.1952±0.0034
chestxray_resnet,LGBM,BinaryVector,PreOrder__Subset__None,f1,0.1,0.1955±0.0033
chestxray_resnet,LGBM,BinaryVector,br,f1,0.1,0.3451±0.0090
chestxray_resnet,LGBM,BinaryVector,cc,f1,0.1,0.3484±0.0035
chestxray_resnet,LGBM,BinaryVector,clr,f1,0.1,0.4615±0.0072
chestxray_resnet,LGBM,BinaryVector,ecc,f1,0.1,0.4205±0.0066
chestxray_resnet,LGBM,BinaryVector,PartialOrder__Hamming__2,f1,0.2,0.1801±0.0017
chestxray_resnet,LGBM,BinaryVector,PartialOrder__Hamming__None,f1,0.2,0.1800±0.0018
chestxray_resnet,LGBM,BinaryVector,PartialOrder__Subset__2,f1,0.2,0.1801±0.0017
chestxray_resnet,LGBM,BinaryVector,PartialOrder__Subset__None,f1,0.2,0.1800±0.0018
chestxray_resnet,LGBM,BinaryVector,PreOrder__Hamming__2,f1,0.2,0.1901±0.0017
chestxray_resnet,LGBM,BinaryVector,PreOrder__Hamming__None,f1,0.2,0.1904±0.0016
chestxray_resnet,LGBM,BinaryVector,PreOrder__Subset__2,f1,0.2,0.1896±0.0018
chestxray_resnet,LGBM,BinaryVector,PreOrder__Subset__None,f1,0.2,0.1903±0.0016
chestxray_resnet,LGBM,BinaryVector,br,f1,0.2,0.2730±0.0047
chestxray_resnet,LGBM,BinaryVector,cc,f1,0.2,0.2792±0.0049
chestxray_resnet,LGBM,BinaryVector,clr,f1,0.2,0.4545±0.0065
chestxray_resnet,LGBM,BinaryVector,ecc,f1,0.2,0.3511±0.0057
chestxray_resnet,LGBM,BinaryVector,PartialOrder__Hamming__2,f1,0.3,0.1755±0.0025
chestxray_resnet,LGBM,BinaryVector,PartialOrder__Hamming__None,f1,0.3,0.1756±0.0025
chestxray_resnet,LGBM,BinaryVector,PartialOrder__Subset__2,f1,0.3,0.1756±0.0025
chestxray_resnet,LGBM,BinaryVector,PartialOrder__Subset__None,f1,0.3,0.1756±0.0025
chestxray_resnet,LGBM,BinaryVector,PreOrder__Hamming__2,f1,0.3,0.1909±0.0026
chestxray_resnet,LGBM,BinaryVector,PreOrder__Hamming__None,f1,0.3,0.1909±0.0028
chestxray_resnet,LGBM,BinaryVector,PreOrder__Subset__2,f1,0.3,0.1904±0.0026
chestxray_resnet,LGBM,BinaryVector,PreOrder__Subset__None,f1,0.3,0.1907±0.0028
chestxray_resnet,LGBM,BinaryVector,br,f1,0.3,0.2235±0.0031
chestxray_resnet,LGBM,BinaryVector,cc,f1,0.3,0.2240±0.0043
chestxray_resnet,LGBM,BinaryVector,clr,f1,0.3,0.4383±0.0056
chestxray_resnet,LGBM,BinaryVector,ecc,f1,0.3,0.2736±0.0058
chestxray_resnet,LGBM,BinaryVector,PartialOrder__Hamming__2,hamming_accuracy,0.0,0.2145±0.0021
chestxray_resnet,LGBM,BinaryVector,PartialOrder__Hamming__None,hamming_accuracy,0.0,0.2144±0.0021
chestxray_resnet,LGBM,BinaryVector,PartialOrder__Subset__2,hamming_accuracy,0.0,0.2145±0.0021
chestxray_resnet,LGBM,BinaryVector,PartialOrder__Subset__None,hamming_accuracy,0.0,0.2144±0.0021
chestxray_resnet,LGBM,BinaryVector,PreOrder__Hamming__2,hamming_accuracy,0.0,0.2317±0.0034
chestxray_resnet,LGBM,BinaryVector,PreOrder__Hamming__None,hamming_accuracy,0.0,0.2323±0.0033
chestxray_resnet,LGBM,BinaryVector,PreOrder__Subset__2,hamming_accuracy,0.0,0.2307±0.0034
chestxray_resnet,LGBM,BinaryVector,PreOrder__Subset__None,hamming_accuracy,0.0,0.2313±0.0032
chestxray_resnet,LGBM,BinaryVector,br,hamming_accuracy,0.0,0.8188±0.0018
chestxray_resnet,LGBM,BinaryVector,cc,hamming_accuracy,0.0,0.8044±0.0023
chestxray_resnet,LGBM,BinaryVector,clr,hamming_accuracy,0.0,0.8628±0.0018
chestxray_resnet,LGBM,BinaryVector,ecc,hamming_accuracy,0.0,0.8440±0.0014
chestxray_resnet,LGBM,BinaryVector,PartialOrder__Hamming__2,hamming_accuracy,0.1,0.1816±0.0037
chestxray_resnet,LGBM,BinaryVector,PartialOrder__Hamming__None,hamming_accuracy,0.1,0.1815±0.0037
chestxray_resnet,LGBM,BinaryVector,PartialOrder__Subset__2,hamming_accuracy,0.1,0.1816±0.0037
chestxray_resnet,LGBM,BinaryVector,PartialOrder__Subset__None,hamming_accuracy,0.1,0.1815±0.0037
chestxray_resnet,LGBM,BinaryVector,PreOrder__Hamming__2,hamming_accuracy,0.1,0.2259±0.0056
chestxray_resnet,LGBM,BinaryVector,PreOrder__Hamming__None,hamming_accuracy,0.1,0.2254±0.0054
chestxray_resnet,LGBM,BinaryVector,PreOrder__Subset__2,hamming_accuracy,0.1,0.2256±0.0056
chestxray_resnet,LGBM,BinaryVector,PreOrder__Subset__None,hamming_accuracy,0.1,0.2251±0.0054
chestxray_resnet,LGBM,BinaryVector,br,hamming_accuracy,0.1,0.7527±0.0032
chestxray_resnet,LGBM,BinaryVector,cc,hamming_accuracy,0.1,0.7461±0.0024
chestxray_resnet,LGBM,BinaryVector,clr,hamming_accuracy,0.1,0.8560±0.0013
chestxray_resnet,LGBM,BinaryVector,ecc,hamming_accuracy,0.1,0.8100±0.0026
chestxray_resnet,LGBM,BinaryVector,PartialOrder__Hamming__2,hamming_accuracy,0.2,0.1557±0.0028
chestxray_resnet,LGBM,BinaryVector,PartialOrder__Hamming__None,hamming_accuracy,0.2,0.1555±0.0028
chestxray_resnet,LGBM,BinaryVector,PartialOrder__Subset__2,hamming_accuracy,0.2,0.1557±0.0028
chestxray_resnet,LGBM,BinaryVector,PartialOrder__Subset__None,hamming_accuracy,0.2,0.1555±0.0028
chestxray_resnet,LGBM,BinaryVector,PreOrder__Hamming__2,hamming_accuracy,0.2,0.2311±0.0062
chestxray_resnet,LGBM,BinaryVector,PreOrder__Hamming__None,hamming_accuracy,0.2,0.2298±0.0060
chestxray_resnet,LGBM,BinaryVector,PreOrder__Subset__2,hamming_accuracy,0.2,0.2308±0.0062
chestxray_resnet,LGBM,BinaryVector,PreOrder__Subset__None,hamming_accuracy,0.2,0.2294±0.0060
chestxray_resnet,LGBM,BinaryVector,br,hamming_accuracy,0.2,0.6966±0.0034
chestxray_resnet,LGBM,BinaryVector,cc,hamming_accuracy,0.2,0.6952±0.0035
chestxray_resnet,LGBM,BinaryVector,clr,hamming_accuracy,0.2,0.8607±0.0026
chestxray_resnet,LGBM,BinaryVector,ecc,hamming_accuracy,0.2,0.7647±0.0034
chestxray_resnet,LGBM,BinaryVector,PartialOrder__Hamming__2,hamming_accuracy,0.3,0.1495±0.0027
chestxray_resnet,LGBM,BinaryVector,PartialOrder__Hamming__None,hamming_accuracy,0.3,0.1492±0.0027
chestxray_resnet,LGBM,BinaryVector,PartialOrder__Subset__2,hamming_accuracy,0.3,0.1495±0.0027
chestxray_resnet,LGBM,BinaryVector,PartialOrder__Subset__None,hamming_accuracy,0.3,0.1492±0.0027
chestxray_resnet,LGBM,BinaryVector,PreOrder__Hamming__2,hamming_accuracy,0.3,0.2898±0.0044
chestxray_resnet,LGBM,BinaryVector,PreOrder__Hamming__None,hamming_accuracy,0.3,0.2849±0.0044
chestxray_resnet,LGBM,BinaryVector,PreOrder__Subset__2,hamming_accuracy,0.3,0.2897±0.0044
chestxray_resnet,LGBM,BinaryVector,PreOrder__Subset__None,hamming_accuracy,0.3,0.2844±0.0045
chestxray_resnet,LGBM,BinaryVector,br,hamming_accuracy,0.3,0.6357±0.0042
chestxray_resnet,LGBM,BinaryVector,cc,hamming_accuracy,0.3,0.6372±0.0037
chestxray_resnet,LGBM,BinaryVector,clr,hamming_accuracy,0.3,0.8655±0.0015
chestxray_resnet,LGBM,BinaryVector,ecc,hamming_accuracy,0.3,0.6929±0.0032
chestxray_resnet,LGBM,BinaryVector,PartialOrder__Hamming__2,jaccard,0.0,0.1327±0.0014
chestxray_resnet,LGBM,BinaryVector,PartialOrder__Hamming__None,jaccard,0.0,0.1329±0.0013
chestxray_resnet,LGBM,BinaryVector,PartialOrder__Subset__2,jaccard,0.0,0.1327±0.0014
chestxray_resnet,LGBM,BinaryVector,PartialOrder__Subset__None,jaccard,0.0,0.1328±0.0013
chestxray_resnet,LGBM,BinaryVector,PreOrder__Hamming__2,jaccard,0.0,0.1347±0.0013
chestxray_resnet,LGBM,BinaryVector,PreOrder__Hamming__None,jaccard,0.0,0.1352±0.0018
chestxray_resnet,LGBM,BinaryVector,PreOrder__Subset__2,jaccard,0.0,0.1345±0.0012
chestxray_resnet,LGBM,BinaryVector,PreOrder__Subset__None,jaccard,0.0,0.1349±0.0017
chestxray_resnet,LGBM,BinaryVector,br,jaccard,0.0,0.3810±0.0059
chestxray_resnet,LGBM,BinaryVector,cc,jaccard,0.0,0.3823±0.0071
chestxray_resnet,LGBM,BinaryVector,clr,jaccard,0.0,0.4393±0.0061
chestxray_resnet,LGBM,BinaryVector,ecc,jaccard,0.0,0.4239±0.0065
chestxray_resnet,LGBM,BinaryVector,PartialOrder__Hamming__2,jaccard,0.1,0.1213±0.0022
chestxray_resnet,LGBM,BinaryVector,PartialOrder__Hamming__None,jaccard,0.1,0.1213±0.0021
chestxray_resnet,LGBM,BinaryVector,PartialOrder__Subset__2,jaccard,0.1,0.1213±0.0022
chestxray_resnet,LGBM,BinaryVector,PartialOrder__Subset__None,jaccard,0.1,0.1213±0.0021
chestxray_resnet,LGBM,BinaryVector,PreOrder__Hamming__2,jaccard,0.1,0.1295±0.0030
chestxray_resnet,LGBM,BinaryVector,PreOrder__Hamming__None,jaccard,0.1,0.1294±0.0028
chestxray_resnet,LGBM,BinaryVector,PreOrder__Subset__2,jaccard,0.1,0.1293±0.0031
chestxray_resnet,LGBM,BinaryVector,PreOrder__Subset__None,jaccard,0.1,0.1292±0.0028
chestxray_resnet,LGBM,BinaryVector,br,jaccard,0.1,0.2886±0.0087
chestxray_resnet,LGBM,BinaryVector,cc,jaccard,0.1,0.2912±0.0036
chestxray_resnet,LGBM,BinaryVector,clr,jaccard,0.1,0.4233±0.0067
chestxray_resnet,LGBM,BinaryVector,ecc,jaccard,0.1,0.3706±0.0064
chestxray_resnet,LGBM,BinaryVector,PartialOrder__Hamming__2,jaccard,0.2,0.1130±0.0011
chestxray_resnet,LGBM,BinaryVector,PartialOrder__Hamming__None,jaccard,0.2,0.1129±0.0011
chestxray_resnet,LGBM,BinaryVector,PartialOrder__Subset__2,jaccard,0.2,0.1130±0.0010
chestxray_resnet,LGBM,BinaryVector,PartialOrder__Subset__None,jaccard,0.2,0.1129±0.0011
chestxray_resnet,LGBM,BinaryVector,PreOrder__Hamming__2,jaccard,0.2,0.1238±0.0012
chestxray_resnet,LGBM,BinaryVector,PreOrder__Hamming__None,jaccard,0.2,0.1238±0.0012
chestxray_resnet,LGBM,BinaryVector,PreOrder__Subset__2,jaccard,0.2,0.1233±0.0013
chestxray_resnet,LGBM,BinaryVector,PreOrder__Subset__None,jaccard,0.2,0.1236±0.0012
chestxray_resnet,LGBM,BinaryVector,br,jaccard,0.2,0.2140±0.0044
chestxray_resnet,LGBM,BinaryVector,cc,jaccard,0.2,0.2200±0.0046
chestxray_resnet,LGBM,BinaryVector,clr,jaccard,0.2,0.4208±0.0064
chestxray_resnet,LGBM,BinaryVector,ecc,jaccard,0.2,0.2971±0.0061
chestxray_resnet,LGBM,BinaryVector,PartialOrder__Hamming__2,jaccard,0.3,0.1090±0.0018
chestxray_resnet,LGBM,BinaryVector,PartialOrder__Hamming__None,jaccard,0.3,0.1090±0.0018
chestxray_resnet,LGBM,BinaryVector,PartialOrder__Subset__2,jaccard,0.3,0.1090±0.0018
chestxray_resnet,LGBM,BinaryVector,PartialOrder__Subset__None,jaccard,0.3,0.1090±0.0018
chestxray_resnet,LGBM,BinaryVector,PreOrder__Hamming__2,jaccard,0.3,0.1250±0.0019
chestxray_resnet,LGBM,BinaryVector,PreOrder__Hamming__None,jaccard,0.3,0.1244±0.0022
chestxray_resnet,LGBM,BinaryVector,PreOrder__Subset__2,jaccard,0.3,0.1247±0.0020
chestxray_resnet,LGBM,BinaryVector,PreOrder__Subset__None,jaccard,0.3,0.1242±0.0022
chestxray_resnet,LGBM,BinaryVector,br,jaccard,0.3,0.1643±0.0027
chestxray_resnet,LGBM,BinaryVector,cc,jaccard,0.3,0.1650±0.0040
chestxray_resnet,LGBM,BinaryVector,clr,jaccard,0.3,0.4134±0.0054
chestxray_resnet,LGBM,BinaryVector,ecc,jaccard,0.3,0.2144±0.0058
chestxray_resnet,LGBM,BinaryVector,PartialOrder__Hamming__2,macro_f1,0.0,0.1880±0.0017
chestxray_resnet,LGBM,BinaryVector,PartialOrder__Hamming__None,macro_f1,0.0,0.1883±0.0017
chestxray_resnet,LGBM,BinaryVector,PartialOrder__Subset__2,macro_f1,0.0,0.1880±0.0018
chestxray_resnet,LGBM,BinaryVector,PartialOrder__Subset__None,macro_f1,0.0,0.1883±0.0017
chestxray_resnet,LGBM,BinaryVector,PreOrder__Hamming__2,macro_f1,0.0,0.1852±0.0016
chestxray_resnet,LGBM,BinaryVector,PreOrder__Hamming__None,macro_f1,0.0,0.1856±0.0018
chestxray_resnet,LGBM,BinaryVector,PreOrder__Subset__2,macro_f1,0.0,0.1851±0.0017
chestxray_resnet,LGBM,BinaryVector,PreOrder__Subset__None,macro_f1,0.0,0.1856±0.0018
chestxray_resnet,LGBM,BinaryVector,br,macro_f1,0.0,0.3482±0.0058
chestxray_resnet,LGBM,BinaryVector,cc,macro_f1,0.0,0.3425±0.0077
chestxray_resnet,LGBM,BinaryVector,clr,macro_f1,0.0,0.3504±0.0073
chestxray_resnet,LGBM,BinaryVector,ecc,macro_f1,0.0,0.3570±0.0070
chestxray_resnet,LGBM,BinaryVector,PartialOrder__Hamming__2,macro_f1,0.1,0.1866±0.0018
chestxray_resnet,LGBM,BinaryVector,PartialOrder__Hamming__None,macro_f1,0.1,0.1867±0.0018
chestxray_resnet,LGBM,BinaryVector,PartialOrder__Subset__2,macro_f1,0.1,0.1866±0.0018
chestxray_resnet,LGBM,BinaryVector,PartialOrder__Subset__None,macro_f1,0.1,0.1867±0.0018
chestxray_resnet,LGBM,BinaryVector,PreOrder__Hamming__2,macro_f1,0.1,0.1850±0.0024
chestxray_resnet,LGBM,BinaryVector,PreOrder__Hamming__None,macro_f1,0.1,0.1855±0.0025
chestxray_resnet,LGBM,BinaryVector,PreOrder__Subset__2,macro_f1,0.1,0.1848±0.0025
chestxray_resnet,LGBM,BinaryVector,PreOrder__Subset__None,macro_f1,0.1,0.1854±0.0025
chestxray_resnet,LGBM,BinaryVector,br,macro_f1,0.1,0.3059±0.0063
chestxray_resnet,LGBM,BinaryVector,cc,macro_f1,0.1,0.3046±0.0022
chestxray_resnet,LGBM,BinaryVector,clr,macro_f1,0.1,0.3410±0.0057
chestxray_resnet,LGBM,BinaryVector,ecc,macro_f1,0.1,0.3378±0.0069
chestxray_resnet,LGBM,BinaryVector,PartialOrder__Hamming__2,macro_f1,0.2,0.1854±0.0018
chestxray_resnet,LGBM,BinaryVector,PartialOrder__Hamming__None,macro_f1,0.2,0.1854±0.0019
chestxray_resnet,LGBM,BinaryVector,PartialOrder__Subset__2,macro_f1,0.2,0.1854±0.0018
chestxray_resnet,LGBM,BinaryVector,PartialOrder__Subset__None,macro_f1,0.2,0.1854±0.0019
chestxray_resnet,LGBM,BinaryVector,PreOrder__Hamming__2,macro_f1,0.2,0.1841±0.0018
chestxray_resnet,LGBM,BinaryVector,PreOrder__Hamming__None,macro_f1,0.2,0.1849±0.0017
chestxray_resnet,LGBM,BinaryVector,PreOrder__Subset__2,macro_f1,0.2,0.1838±0.0019
chestxray_resnet,LGBM,BinaryVector,PreOrder__Subset__None,macro_f1,0.2,0.1848±0.0018
chestxray_resnet,LGBM,BinaryVector,br,macro_f1,0.2,0.2749±0.0030
chestxray_resnet,LGBM,BinaryVector,cc,macro_f1,0.2,0.2756±0.0044
chestxray_resnet,LGBM,BinaryVector,clr,macro_f1,0.2,0.3235±0.0051
chestxray_resnet,LGBM,BinaryVector,ecc,macro_f1,0.2,0.3028±0.0061
chestxray_resnet,LGBM,BinaryVector,PartialOrder__Hamming__2,macro_f1,0.3,0.1846±0.0025
chestxray_resnet,LGBM,BinaryVector,PartialOrder__Hamming__None,macro_f1,0.3,0.1846±0.0025
chestxray_resnet,LGBM,BinaryVector,PartialOrder__Subset__2,macro_f1,0.3,0.1845±0.0025
chestxray_resnet,LGBM,BinaryVector,PartialOrder__Subset__None,macro_f1,0.3,0.1846±0.0025
chestxray_resnet,LGBM,BinaryVector,PreOrder__Hamming__2,macro_f1,0.3,0.1854±0.0024
chestxray_resnet,LGBM,BinaryVector,PreOrder__Hamming__None,macro_f1,0.3,0.1867±0.0024
chestxray_resnet,LGBM,BinaryVector,PreOrder__Subset__2,macro_f1,0.3,0.1851±0.0024
chestxray_resnet,LGBM,BinaryVector,PreOrder__Subset__None,macro_f1,0.3,0.1866±0.0024
chestxray_resnet,LGBM,BinaryVector,br,macro_f1,0.3,0.2429±0.0028
chestxray_resnet,LGBM,BinaryVector,cc,macro_f1,0.3,0.2440±0.0025
chestxray_resnet,LGBM,BinaryVector,clr,macro_f1,0.3,0.2702±0.0049
chestxray_resnet,LGBM,BinaryVector,ecc,macro_f1,0.3,0.2705±0.0024
chestxray_resnet,LGBM,BinaryVector,PartialOrder__Hamming__2,macro_precision,0.0,0.1090±0.0014
chestxray_resnet,LGBM,BinaryVector,PartialOrder__Hamming__None,macro_precision,0.0,0.1092±0.0014
chestxray_resnet,LGBM,BinaryVector,PartialOrder__Subset__2,macro_precision,0.0,0.1090±0.0014
chestxray_resnet,LGBM,BinaryVector,PartialOrder__Subset__None,macro_precision,0.0,0.1092±0.0014
chestxray_resnet,LGBM,BinaryVector,PreOrder__Hamming__2,macro_precision,0.0,0.1080±0.0013
chestxray_resnet,LGBM,BinaryVector,PreOrder__Hamming__None,macro_precision,0.0,0.1083±0.0014
chestxray_resnet,LGBM,BinaryVector,PreOrder__Subset__2,macro_precision,0.0,0.1079±0.0013
chestxray_resnet,LGBM,BinaryVector,PreOrder__Subset__None,macro_precision,0.0,0.1082±0.0014
chestxray_resnet,LGBM,BinaryVector,br,macro_precision,0.0,0.2626±0.0051
chestxray_resnet,LGBM,BinaryVector,cc,macro_precision,0.0,0.2515±0.0060
chestxray_resnet,LGBM,BinaryVector,clr,macro_precision,0.0,0.3200±0.0107
chestxray_resnet,LGBM,BinaryVector,ecc,macro_precision,0.0,0.2926±0.0094
chestxray_resnet,LGBM,BinaryVector,PartialOrder__Hamming__2,macro_precision,0.1,0.1078±0.0014
chestxray_resnet,LGBM,BinaryVector,PartialOrder__Hamming__None,macro_precision,0.1,0.1078±0.0014
chestxray_resnet,LGBM,BinaryVector,PartialOrder__Subset__2,macro_precision,0.1,0.1078±0.0014
chestxray_resnet,LGBM,BinaryVector,PartialOrder__Subset__None,macro_precision,0.1,0.1078±0.0014
chestxray_resnet,LGBM,BinaryVector,PreOrder__Hamming__2,macro_precision,0.1,0.1077±0.0017
chestxray_resnet,LGBM,BinaryVector,PreOrder__Hamming__None,macro_precision,0.1,0.1080±0.0018
chestxray_resnet,LGBM,BinaryVector,PreOrder__Subset__2,macro_precision,0.1,0.1076±0.0018
chestxray_resnet,LGBM,BinaryVector,PreOrder__Subset__None,macro_precision,0.1,0.1079±0.0018
chestxray_resnet,LGBM,BinaryVector,br,macro_precision,0.1,0.2158±0.0048
chestxray_resnet,LGBM,BinaryVector,cc,macro_precision,0.1,0.2118±0.0022
chestxray_resnet,LGBM,BinaryVector,clr,macro_precision,0.1,0.2957±0.0054
chestxray_resnet,LGBM,BinaryVector,ecc,macro_precision,0.1,0.2504±0.0061
chestxray_resnet,LGBM,BinaryVector,PartialOrder__Hamming__2,macro_precision,0.2,0.1068±0.0014
chestxray_resnet,LGBM,BinaryVector,PartialOrder__Hamming__None,macro_precision,0.2,0.1069±0.0014
chestxray_resnet,LGBM,BinaryVector,PartialOrder__Subset__2,macro_precision,0.2,0.1069±0.0014
chestxray_resnet,LGBM,BinaryVector,PartialOrder__Subset__None,macro_precision,0.2,0.1069±0.0014
chestxray_resnet,LGBM,BinaryVector,PreOrder__Hamming__2,macro_precision,0.2,0.1073±0.0013
chestxray_resnet,LGBM,BinaryVector,PreOrder__Hamming__None,macro_precision,0.2,0.1077±0.0013
chestxray_resnet,LGBM,BinaryVector,PreOrder__Subset__2,macro_precision,0.2,0.1072±0.0014
chestxray_resnet,LGBM,BinaryVector,PreOrder__Subset__None,macro_precision,0.2,0.1077±0.0013
chestxray_resnet,LGBM,BinaryVector,br,macro_precision,0.2,0.1896±0.0026
chestxray_resnet,LGBM,BinaryVector,cc,macro_precision,0.2,0.1888±0.0037
chestxray_resnet,LGBM,BinaryVector,clr,macro_precision,0.2,0.2973±0.0083
chestxray_resnet,LGBM,BinaryVector,ecc,macro_precision,0.2,0.2158±0.0049
chestxray_resnet,LGBM,BinaryVector,PartialOrder__Hamming__2,macro_precision,0.3,0.1064±0.0018
chestxray_resnet,LGBM,BinaryVector,PartialOrder__Hamming__None,macro_precision,0.3,0.1064±0.0018
chestxray_resnet,LGBM,BinaryVector,PartialOrder__Subset__2,macro_precision,0.3,0.1064±0.0018
chestxray_resnet,LGBM,BinaryVector,PartialOrder__Subset__None,macro_precision,0.3,0.1064±0.0018
chestxray_resnet,LGBM,BinaryVector,PreOrder__Hamming__2,macro_precision,0.3,0.1092±0.0017
chestxray_resnet,LGBM,BinaryVector,PreOrder__Hamming__None,macro_precision,0.3,0.1098±0.0018
chestxray_resnet,LGBM,BinaryVector,PreOrder__Subset__2,macro_precision,0.3,0.1091±0.0017
chestxray_resnet,LGBM,BinaryVector,PreOrder__Subset__None,macro_precision,0.3,0.1097±0.0018
chestxray_resnet,LGBM,BinaryVector,br,macro_precision,0.3,0.1628±0.0027
chestxray_resnet,LGBM,BinaryVector,cc,macro_precision,0.3,0.1644±0.0020
chestxray_resnet,LGBM,BinaryVector,clr,macro_precision,0.3,0.2814±0.0028
chestxray_resnet,LGBM,BinaryVector,ecc,macro_precision,0.3,0.1844±0.0024
chestxray_resnet,LGBM,BinaryVector,PartialOrder__Hamming__2,macro_recall,0.0,0.9117±0.0039
chestxray_resnet,LGBM,BinaryVector,PartialOrder__Hamming__None,macro_recall,0.0,0.9136±0.0036
chestxray_resnet,LGBM,BinaryVector,PartialOrder__Subset__2,macro_recall,0.0,0.9119±0.0036
chestxray_resnet,LGBM,BinaryVector,PartialOrder__Subset__None,macro_recall,0.0,0.9139±0.0034
chestxray_resnet,LGBM,BinaryVector,PreOrder__Hamming__2,macro_recall,0.0,0.8730±0.0043
chestxray_resnet,LGBM,BinaryVector,PreOrder__Hamming__None,macro_recall,0.0,0.8748±0.0048
chestxray_resnet,LGBM,BinaryVector,PreOrder__Subset__2,macro_recall,0.0,0.8734±0.0046
chestxray_resnet,LGBM,BinaryVector,PreOrder__Subset__None,macro_recall,0.0,0.8755±0.0051
chestxray_resnet,LGBM,BinaryVector,br,macro_recall,0.0,0.5231±0.0079
chestxray_resnet,LGBM,BinaryVector,cc,macro_recall,0.0,0.5402±0.0111
chestxray_resnet,LGBM,BinaryVector,clr,macro_recall,0.0,0.4038±0.0083
chestxray_resnet,LGBM,BinaryVector,ecc,macro_recall,0.0,0.4658±0.0079
chestxray_resnet,LGBM,BinaryVector,PartialOrder__Hamming__2,macro_recall,0.1,0.9381±0.0061
chestxray_resnet,LGBM,BinaryVector,PartialOrder__Hamming__None,macro_recall,0.1,0.9390±0.0062
chestxray_resnet,LGBM,BinaryVector,PartialOrder__Subset__2,macro_recall,0.1,0.9380±0.0061
chestxray_resnet,LGBM,BinaryVector,PartialOrder__Subset__None,macro_recall,0.1,0.9390±0.0062
chestxray_resnet,LGBM,BinaryVector,PreOrder__Hamming__2,macro_recall,0.1,0.8763±0.0119
chestxray_resnet,LGBM,BinaryVector,PreOrder__Hamming__None,macro_recall,0.1,0.8793±0.0120
chestxray_resnet,LGBM,BinaryVector,PreOrder__Subset__2,macro_recall,0.1,0.8754±0.0117
chestxray_resnet,LGBM,BinaryVector,PreOrder__Subset__None,macro_recall,0.1,0.8793±0.0118
chestxray_resnet,LGBM,BinaryVector,br,macro_recall,0.1,0.5890±0.0117
chestxray_resnet,LGBM,BinaryVector,cc,macro_recall,0.1,0.5968±0.0098
chestxray_resnet,LGBM,BinaryVector,clr,macro_recall,0.1,0.4134±0.0079
chestxray_resnet,LGBM,BinaryVector,ecc,macro_recall,0.1,0.5322±0.0065
chestxray_resnet,LGBM,BinaryVector,PartialOrder__Hamming__2,macro_recall,0.2,0.9578±0.0058
chestxray_resnet,LGBM,BinaryVector,PartialOrder__Hamming__None,macro_recall,0.2,0.9583±0.0054
chestxray_resnet,LGBM,BinaryVector,PartialOrder__Subset__2,macro_recall,0.2,0.9578±0.0058
chestxray_resnet,LGBM,BinaryVector,PartialOrder__Subset__None,macro_recall,0.2,0.9583±0.0054
chestxray_resnet,LGBM,BinaryVector,PreOrder__Hamming__2,macro_recall,0.2,0.8660±0.0123
chestxray_resnet,LGBM,BinaryVector,PreOrder__Hamming__None,macro_recall,0.2,0.8724±0.0123
chestxray_resnet,LGBM,BinaryVector,PreOrder__Subset__2,macro_recall,0.2,0.8647±0.0126
chestxray_resnet,LGBM,BinaryVector,PreOrder__Subset__None,macro_recall,0.2,0.8722±0.0127
chestxray_resnet,LGBM,BinaryVector,br,macro_recall,0.2,0.6017±0.0089
chestxray_resnet,LGBM,BinaryVector,cc,macro_recall,0.2,0.6063±0.0119
chestxray_resnet,LGBM,BinaryVector,clr,macro_recall,0.2,0.3635±0.0024
chestxray_resnet,LGBM,BinaryVector,ecc,macro_recall,0.2,0.5517±0.0092
chestxray_resnet,LGBM,BinaryVector,PartialOrder__Hamming__2,macro_recall,0.3,0.9578±0.0033
chestxray_resnet,LGBM,BinaryVector,PartialOrder__Hamming__None,macro_recall,0.3,0.9583±0.0032
chestxray_resnet,LGBM,BinaryVector,PartialOrder__Subset__2,macro_recall,0.3,0.9578±0.0033
chestxray_resnet,LGBM,BinaryVector,PartialOrder__Subset__None,macro_recall,0.3,0.9583±0.0031
chestxray_resnet,LGBM,BinaryVector,PreOrder__Hamming__2,macro_recall,0.3,0.8042±0.0084
chestxray_resnet,LGBM,BinaryVector,PreOrder__Hamming__None,macro_recall,0.3,0.8165±0.0083
chestxray_resnet,LGBM,BinaryVector,PreOrder__Subset__2,macro_recall,0.3,0.8023±0.0085
chestxray_resnet,LGBM,BinaryVector,PreOrder__Subset__None,macro_recall,0.3,0.8164±0.0080
chestxray_resnet,LGBM,BinaryVector,br,macro_recall,0.3,0.6022±0.0029
chestxray_resnet,LGBM,BinaryVector,cc,macro_recall,0.3,0.6009±0.0073
chestxray_resnet,LGBM,BinaryVector,clr,macro_recall,0.3,0.2673±0.0093
chestxray_resnet,LGBM,BinaryVector,ecc,macro_recall,0.3,0.6032±0.0077
chestxray_resnet,LGBM,BinaryVector,PartialOrder__Hamming__2,mfrd,0.0,0.8831±0.0055
chestxray_resnet,LGBM,BinaryVector,PartialOrder__Hamming__None,mfrd,0.0,0.8848±0.0054
chestxray_resnet,LGBM,BinaryVector,PartialOrder__Subset__2,mfrd,0.0,0.8829±0.0054
chestxray_resnet,LGBM,BinaryVector,PartialOrder__Subset__None,mfrd,0.0,0.8848±0.0054
chestxray_resnet,LGBM,BinaryVector,PreOrder__Hamming__2,mfrd,0.0,0.8079±0.0114
chestxray_resnet,LGBM,BinaryVector,PreOrder__Hamming__None,mfrd,0.0,0.8116±0.0111
chestxray_resnet,LGBM,BinaryVector,PreOrder__Subset__2,mfrd,0.0,0.8089±0.0113
chestxray_resnet,LGBM,BinaryVector,PreOrder__Subset__None,mfrd,0.0,0.8138±0.0109
chestxray_resnet,LGBM,BinaryVector,br,mfrd,0.0,0.8702±0.0348
chestxray_resnet,LGBM,BinaryVector,cc,mfrd,0.0,0.8508±0.0493
chestxray_resnet,LGBM,BinaryVector,clr,mfrd,0.0,0.9867±0.0064
chestxray_resnet,LGBM,BinaryVector,ecc,mfrd,0.0,0.9962±0.0053
chestxray_resnet,LGBM,BinaryVector,PartialOrder__Hamming__2,mfrd,0.1,0.9270±0.0074
chestxray_resnet,LGBM,BinaryVector,PartialOrder__Hamming__None,mfrd,0.1,0.9284±0.0079
chestxray_resnet,LGBM,BinaryVector,PartialOrder__Subset__2,mfrd,0.1,0.9271±0.0074
chestxray_resnet,LGBM,BinaryVector,PartialOrder__Subset__None,mfrd,0.1,0.9285±0.0080
chestxray_resnet,LGBM,BinaryVector,PreOrder__Hamming__2,mfrd,0.1,0.8322±0.0128
chestxray_resnet,LGBM,BinaryVector,PreOrder__Hamming__None,mfrd,0.1,0.8385±0.0138
chestxray_resnet,LGBM,BinaryVector,PreOrder__Subset__2,mfrd,0.1,0.8297±0.0132
chestxray_resnet,LGBM,BinaryVector,PreOrder__Subset__None,mfrd,0.1,0.8387±0.0144
chestxray_resnet,LGBM,BinaryVector,br,mfrd,0.1,0.5157±0.0551
chestxray_resnet,LGBM,BinaryVector,cc,mfrd,0.1,0.5291±0.0473
chestxray_resnet,LGBM,BinaryVector,clr,mfrd,0.1,0.9819±0.0081
chestxray_resnet,LGBM,BinaryVector,ecc,mfrd,0.1,0.8382±0.0286
chestxray_resnet,LGBM,BinaryVector,PartialOrder__Hamming__2,mfrd,0.2,0.9500±0.0055
chestxray_resnet,LGBM,BinaryVector,PartialOrder__Hamming__None,mfrd,0.2,0.9504±0.0055
chestxray_resnet,LGBM,BinaryVector,PartialOrder__Subset__2,mfrd,0.2,0.9499±0.0055
chestxray_resnet,LGBM,BinaryVector,PartialOrder__Subset__None,mfrd,0.2,0.9503±0.0054
chestxray_resnet,LGBM,BinaryVector,PreOrder__Hamming__2,mfrd,0.2,0.8223±0.0109
chestxray_resnet,LGBM,BinaryVector,PreOrder__Hamming__None,mfrd,0.2,0.8336±0.0092
chestxray_resnet,LGBM,BinaryVector,PreOrder__Subset__2,mfrd,0.2,0.8196±0.0118
chestxray_resnet,LGBM,BinaryVector,PreOrder__Subset__None,mfrd,0.2,0.8332±0.0093
chestxray_resnet,LGBM,BinaryVector,br,mfrd,0.2,0.3514±0.0291
chestxray_resnet,LGBM,BinaryVector,cc,mfrd,0.2,0.3411±0.0293
chestxray_resnet,LGBM,BinaryVector,clr,mfrd,0.2,0.9568±0.0168
chestxray_resnet,LGBM,BinaryVector,ecc,mfrd,0.2,0.6866±0.0378
chestxray_resnet,LGBM,BinaryVector,PartialOrder__Hamming__2,mfrd,0.3,0.9421±0.0028
chestxray_resnet,LGBM,BinaryVector,PartialOrder__Hamming__None,mfrd,0.3,0.9435±0.0030
chestxray_resnet,LGBM,BinaryVector,PartialOrder__Subset__2,mfrd,0.3,0.9422±0.0027
chestxray_resnet,LGBM,BinaryVector,PartialOrder__Subset__None,mfrd,0.3,0.9436±0.0028
chestxray_resnet,LGBM,BinaryVector,PreOrder__Hamming__2,mfrd,0.3,0.7272±0.0118
chestxray_resnet,LGBM,BinaryVector,PreOrder__Hamming__None,mfrd,0.3,0.7538±0.0087
chestxray_resnet,LGBM,BinaryVector,PreOrder__Subset__2,mfrd,0.3,0.7243±0.0116
chestxray_resnet,LGBM,BinaryVector,PreOrder__Subset__None,mfrd,0.3,0.7535±0.0084
chestxray_resnet,LGBM,BinaryVector,br,mfrd,0.3,0.2135±0.0408
chestxray_resnet,LGBM,BinaryVector,cc,mfrd,0.3,0.2012±0.0525
chestxray_resnet,LGBM,BinaryVector,clr,mfrd,0.3,0.9290±0.0267
chestxray_resnet,LGBM,BinaryVector,ecc,mfrd,0.3,0.3956±0.0674
chestxray_resnet,LGBM,BinaryVector,PartialOrder__Hamming__2,micro_f1,0.0,0.1998±0.0022
chestxray_resnet,LGBM,BinaryVector,PartialOrder__Hamming__None,micro_f1,0.0,0.2001±0.0022
chestxray_resnet,LGBM,BinaryVector,PartialOrder__Subset__2,micro_f1,0.0,0.1998±0.0022
chestxray_resnet,LGBM,BinaryVector,PartialOrder__Subset__None,micro_f1,0.0,0.2001±0.0022
chestxray_resnet,LGBM,BinaryVector,PreOrder__Hamming__2,micro_f1,0.0,0.1960±0.0021
chestxray_resnet,LGBM,BinaryVector,PreOrder__Hamming__None,micro_f1,0.0,0.1967±0.0023
chestxray_resnet,LGBM,BinaryVector,PreOrder__Subset__2,micro_f1,0.0,0.1958±0.0021
chestxray_resnet,LGBM,BinaryVector,PreOrder__Subset__None,micro_f1,0.0,0.1966±0.0022
chestxray_resnet,LGBM,BinaryVector,br,micro_f1,0.0,0.4102±0.0056
chestxray_resnet,LGBM,BinaryVector,cc,micro_f1,0.0,0.4034±0.0071
chestxray_resnet,LGBM,BinaryVector,clr,micro_f1,0.0,0.4212±0.0068
chestxray_resnet,LGBM,BinaryVector,ecc,micro_f1,0.0,0.4329±0.0060
chestxray_resnet,LGBM,BinaryVector,PartialOrder__Hamming__2,micro_f1,0.1,0.1971±0.0022
chestxray_resnet,LGBM,BinaryVector,PartialOrder__Hamming__None,micro_f1,0.1,0.1972±0.0021
chestxray_resnet,LGBM,BinaryVector,PartialOrder__Subset__2,micro_f1,0.1,0.1971±0.0022
chestxray_resnet,LGBM,BinaryVector,PartialOrder__Subset__None,micro_f1,0.1,0.1972±0.0021
chestxray_resnet,LGBM,BinaryVector,PreOrder__Hamming__2,micro_f1,0.1,0.1962±0.0026
chestxray_resnet,LGBM,BinaryVector,PreOrder__Hamming__None,micro_f1,0.1,0.1968±0.0028
chestxray_resnet,LGBM,BinaryVector,PreOrder__Subset__2,micro_f1,0.1,0.1959±0.0027
chestxray_resnet,LGBM,BinaryVector,PreOrder__Subset__None,micro_f1,0.1,0.1967±0.0028
chestxray_resnet,LGBM,BinaryVector,br,micro_f1,0.1,0.3490±0.0059
chestxray_resnet,LGBM,BinaryVector,cc,micro_f1,0.1,0.3505±0.0040
chestxray_resnet,LGBM,BinaryVector,clr,micro_f1,0.1,0.4142±0.0071
chestxray_resnet,LGBM,BinaryVector,ecc,micro_f1,0.1,0.4010±0.0068
chestxray_resnet,LGBM,BinaryVector,PartialOrder__Hamming__2,micro_f1,0.2,0.1945±0.0022
chestxray_resnet,LGBM,BinaryVector,PartialOrder__Hamming__None,micro_f1,0.2,0.1945±0.0022
chestxray_resnet,LGBM,BinaryVector,PartialOrder__Subset__2,micro_f1,0.2,0.1945±0.0022
chestxray_resnet,LGBM,BinaryVector,PartialOrder__Subset__None,micro_f1,0.2,0.1945±0.0022
chestxray_resnet,LGBM,BinaryVector,PreOrder__Hamming__2,micro_f1,0.2,0.1953±0.0019
chestxray_resnet,LGBM,BinaryVector,PreOrder__Hamming__None,micro_f1,0.2,0.1962±0.0019
chestxray_resnet,LGBM,BinaryVector,PreOrder__Subset__2,micro_f1,0.2,0.1949±0.0020
chestxray_resnet,LGBM,BinaryVector,PreOrder__Subset__None,micro_f1,0.2,0.1961±0.0019
chestxray_resnet,LGBM,BinaryVector,br,micro_f1,0.2,0.3054±0.0048
chestxray_resnet,LGBM,BinaryVector,cc,micro_f1,0.2,0.3075±0.0046
chestxray_resnet,LGBM,BinaryVector,clr,micro_f1,0.2,0.3886±0.0065
chestxray_resnet,LGBM,BinaryVector,ecc,micro_f1,0.2,0.3544±0.0062
chestxray_resnet,LGBM,BinaryVector,PartialOrder__Hamming__2,micro_f1,0.3,0.1930±0.0030
chestxray_resnet,LGBM,BinaryVector,PartialOrder__Hamming__None,micro_f1,0.3,0.1931±0.0030
chestxray_resnet,LGBM,BinaryVector,PartialOrder__Subset__2,micro_f1,0.3,0.1930±0.0030
chestxray_resnet,LGBM,BinaryVector,PartialOrder__Subset__None,micro_f1,0.3,0.1931±0.0030
chestxray_resnet,LGBM,BinaryVector,PreOrder__Hamming__2,micro_f1,0.3,0.1986±0.0031
chestxray_resnet,LGBM,BinaryVector,PreOrder__Hamming__None,micro_f1,0.3,0.2001±0.0031
chestxray_resnet,LGBM,BinaryVector,PreOrder__Subset__2,micro_f1,0.3,0.1982±0.0030
chestxray_resnet,LGBM,BinaryVector,PreOrder__Subset__None,micro_f1,0.3,0.2000±0.0031
chestxray_resnet,LGBM,BinaryVector,br,micro_f1,0.3,0.2655±0.0033
chestxray_resnet,LGBM,BinaryVector,cc,micro_f1,0.3,0.2653±0.0047
chestxray_resnet,LGBM,BinaryVector,clr,micro_f1,0.3,0.3248±0.0050
chestxray_resnet,LGBM,BinaryVector,ecc,micro_f1,0.3,0.3045±0.0024
chestxray_resnet,LGBM,BinaryVector,PartialOrder__Hamming__2,micro_precision,0.0,0.1119±0.0014
chestxray_resnet,LGBM,BinaryVector,PartialOrder__Hamming__None,micro_precision,0.0,0.1120±0.0014
chestxray_resnet,LGBM,BinaryVector,PartialOrder__Subset__2,micro_precision,0.0,0.1119±0.0014
chestxray_resnet,LGBM,BinaryVector,PartialOrder__Subset__None,micro_precision,0.0,0.1120±0.0014
chestxray_resnet,LGBM,BinaryVector,PreOrder__Hamming__2,micro_precision,0.0,0.1101±0.0013
chestxray_resnet,LGBM,BinaryVector,PreOrder__Hamming__None,micro_precision,0.0,0.1105±0.0015
chestxray_resnet,LGBM,BinaryVector,PreOrder__Subset__2,micro_precision,0.0,0.1100±0.0014
chestxray_resnet,LGBM,BinaryVector,PreOrder__Subset__None,micro_precision,0.0,0.1104±0.0014
chestxray_resnet,LGBM,BinaryVector,br,micro_precision,0.0,0.3117±0.0056
chestxray_resnet,LGBM,BinaryVector,cc,micro_precision,0.0,0.2969±0.0059
chestxray_resnet,LGBM,BinaryVector,clr,micro_precision,0.0,0.3784±0.0066
chestxray_resnet,LGBM,BinaryVector,ecc,micro_precision,0.0,0.3503±0.0062
chestxray_resnet,LGBM,BinaryVector,PartialOrder__Hamming__2,micro_precision,0.1,0.1099±0.0014
chestxray_resnet,LGBM,BinaryVector,PartialOrder__Hamming__None,micro_precision,0.1,0.1100±0.0013
chestxray_resnet,LGBM,BinaryVector,PartialOrder__Subset__2,micro_precision,0.1,0.1099±0.0014
chestxray_resnet,LGBM,BinaryVector,PartialOrder__Subset__None,micro_precision,0.1,0.1100±0.0013
chestxray_resnet,LGBM,BinaryVector,PreOrder__Hamming__2,micro_precision,0.1,0.1101±0.0016
chestxray_resnet,LGBM,BinaryVector,PreOrder__Hamming__None,micro_precision,0.1,0.1104±0.0017
chestxray_resnet,LGBM,BinaryVector,PreOrder__Subset__2,micro_precision,0.1,0.1099±0.0016
chestxray_resnet,LGBM,BinaryVector,PreOrder__Subset__None,micro_precision,0.1,0.1104±0.0017
chestxray_resnet,LGBM,BinaryVector,br,micro_precision,0.1,0.2413±0.0046
chestxray_resnet,LGBM,BinaryVector,cc,micro_precision,0.1,0.2397±0.0035
chestxray_resnet,LGBM,BinaryVector,clr,micro_precision,0.1,0.3617±0.0081
chestxray_resnet,LGBM,BinaryVector,ecc,micro_precision,0.1,0.2999±0.0067
chestxray_resnet,LGBM,BinaryVector,PartialOrder__Hamming__2,micro_precision,0.2,0.1081±0.0013
chestxray_resnet,LGBM,BinaryVector,PartialOrder__Hamming__None,micro_precision,0.2,0.1081±0.0013
chestxray_resnet,LGBM,BinaryVector,PartialOrder__Subset__2,micro_precision,0.2,0.1081±0.0013
chestxray_resnet,LGBM,BinaryVector,PartialOrder__Subset__None,micro_precision,0.2,0.1081±0.0013
chestxray_resnet,LGBM,BinaryVector,PreOrder__Hamming__2,micro_precision,0.2,0.1097±0.0012
chestxray_resnet,LGBM,BinaryVector,PreOrder__Hamming__None,micro_precision,0.2,0.1102±0.0011
chestxray_resnet,LGBM,BinaryVector,PreOrder__Subset__2,micro_precision,0.2,0.1095±0.0012
chestxray_resnet,LGBM,BinaryVector,PreOrder__Subset__None,micro_precision,0.2,0.1101±0.0012
chestxray_resnet,LGBM,BinaryVector,br,micro_precision,0.2,0.2011±0.0037
chestxray_resnet,LGBM,BinaryVector,cc,micro_precision,0.2,0.2020±0.0035
chestxray_resnet,LGBM,BinaryVector,clr,micro_precision,0.2,0.3608±0.0111
chestxray_resnet,LGBM,BinaryVector,ecc,micro_precision,0.2,0.2490±0.0057
chestxray_resnet,LGBM,BinaryVector,PartialOrder__Hamming__2,micro_precision,0.3,0.1072±0.0018
chestxray_resnet,LGBM,BinaryVector,PartialOrder__Hamming__None,micro_precision,0.3,0.1072±0.0018
chestxray_resnet,LGBM,BinaryVector,PartialOrder__Subset__2,micro_precision,0.3,0.1072±0.0018
chestxray_resnet,LGBM,BinaryVector,PartialOrder__Subset__None,micro_precision,0.3,0.1072±0.0018
chestxray_resnet,LGBM,BinaryVector,PreOrder__Hamming__2,micro_precision,0.3,0.1127±0.0019
chestxray_resnet,LGBM,BinaryVector,PreOrder__Hamming__None,micro_precision,0.3,0.1134±0.0020
chestxray_resnet,LGBM,BinaryVector,PreOrder__Subset__2,micro_precision,0.3,0.1124±0.0019
chestxray_resnet,LGBM,BinaryVector,PreOrder__Subset__None,micro_precision,0.3,0.1133±0.0020
chestxray_resnet,LGBM,BinaryVector,br,micro_precision,0.3,0.1685±0.0026
chestxray_resnet,LGBM,BinaryVector,cc,micro_precision,0.3,0.1685±0.0035
chestxray_resnet,LGBM,BinaryVector,clr,micro_precision,0.3,0.3439±0.0058
chestxray_resnet,LGBM,BinaryVector,ecc,micro_precision,0.3,0.1998±0.0024
chestxray_resnet,LGBM,BinaryVector,PartialOrder__Hamming__2,micro_recall,0.0,0.9330±0.0028
chestxray_resnet,LGBM,BinaryVector,PartialOrder__Hamming__None,micro_recall,0.0,0.9348±0.0028
chestxray_resnet,LGBM,BinaryVector,PartialOrder__Subset__2,micro_recall,0.0,0.9330±0.0027
chestxray_resnet,LGBM,BinaryVector,PartialOrder__Subset__None,micro_recall,0.0,0.9349±0.0029
chestxray_resnet,LGBM,BinaryVector,PreOrder__Hamming__2,micro_recall,0.0,0.8912±0.0038
chestxray_resnet,LGBM,BinaryVector,PreOrder__Hamming__None,micro_recall,0.0,0.8941±0.0038
chestxray_resnet,LGBM,BinaryVector,PreOrder__Subset__2,micro_recall,0.0,0.8912±0.0040
chestxray_resnet,LGBM,BinaryVector,PreOrder__Subset__None,micro_recall,0.0,0.8951±0.0038
chestxray_resnet,LGBM,BinaryVector,br,micro_recall,0.0,0.5995±0.0044
chestxray_resnet,LGBM,BinaryVector,cc,micro_recall,0.0,0.6291±0.0082
chestxray_resnet,LGBM,BinaryVector,clr,micro_recall,0.0,0.4748±0.0080
chestxray_resnet,LGBM,BinaryVector,ecc,micro_recall,0.0,0.5664±0.0056
chestxray_resnet,LGBM,BinaryVector,PartialOrder__Hamming__2,micro_recall,0.1,0.9558±0.0033
chestxray_resnet,LGBM,BinaryVector,PartialOrder__Hamming__None,micro_recall,0.1,0.9568±0.0034
chestxray_resnet,LGBM,BinaryVector,PartialOrder__Subset__2,micro_recall,0.1,0.9557±0.0033
chestxray_resnet,LGBM,BinaryVector,PartialOrder__Subset__None,micro_recall,0.1,0.9568±0.0034
chestxray_resnet,LGBM,BinaryVector,PreOrder__Hamming__2,micro_recall,0.1,0.8988±0.0081
chestxray_resnet,LGBM,BinaryVector,PreOrder__Hamming__None,micro_recall,0.1,0.9027±0.0081
chestxray_resnet,LGBM,BinaryVector,PreOrder__Subset__2,micro_recall,0.1,0.8975±0.0081
chestxray_resnet,LGBM,BinaryVector,PreOrder__Subset__None,micro_recall,0.1,0.9028±0.0080
chestxray_resnet,LGBM,BinaryVector,br,micro_recall,0.1,0.6307±0.0073
chestxray_resnet,LGBM,BinaryVector,cc,micro_recall,0.1,0.6520±0.0052
chestxray_resnet,LGBM,BinaryVector,clr,micro_recall,0.1,0.4846±0.0054
chestxray_resnet,LGBM,BinaryVector,ecc,micro_recall,0.1,0.6053±0.0044
chestxray_resnet,LGBM,BinaryVector,PartialOrder__Hamming__2,micro_recall,0.2,0.9699±0.0020
chestxray_resnet,LGBM,BinaryVector,PartialOrder__Hamming__None,micro_recall,0.2,0.9703±0.0017
chestxray_resnet,LGBM,BinaryVector,PartialOrder__Subset__2,micro_recall,0.2,0.9699±0.0020
chestxray_resnet,LGBM,BinaryVector,PartialOrder__Subset__None,micro_recall,0.2,0.9703±0.0017
chestxray_resnet,LGBM,BinaryVector,PreOrder__Hamming__2,micro_recall,0.2,0.8877±0.0053
chestxray_resnet,LGBM,BinaryVector,PreOrder__Hamming__None,micro_recall,0.2,0.8946±0.0054
chestxray_resnet,LGBM,BinaryVector,PreOrder__Subset__2,micro_recall,0.2,0.8860±0.0056
chestxray_resnet,LGBM,BinaryVector,PreOrder__Subset__None,micro_recall,0.2,0.8943±0.0058
chestxray_resnet,LGBM,BinaryVector,br,micro_recall,0.2,0.6347±0.0077
chestxray_resnet,LGBM,BinaryVector,cc,micro_recall,0.2,0.6441±0.0057
chestxray_resnet,LGBM,BinaryVector,clr,micro_recall,0.2,0.4213±0.0033
chestxray_resnet,LGBM,BinaryVector,ecc,micro_recall,0.2,0.6143±0.0056
chestxray_resnet,LGBM,BinaryVector,PartialOrder__Hamming__2,micro_recall,0.3,0.9678±0.0025
chestxray_resnet,LGBM,BinaryVector,PartialOrder__Hamming__None,micro_recall,0.3,0.9686±0.0024
chestxray_resnet,LGBM,BinaryVector,PartialOrder__Subset__2,micro_recall,0.3,0.9678±0.0026
chestxray_resnet,LGBM,BinaryVector,PartialOrder__Subset__None,micro_recall,0.3,0.9685±0.0024
chestxray_resnet,LGBM,BinaryVector,PreOrder__Hamming__2,micro_recall,0.3,0.8375±0.0085
chestxray_resnet,LGBM,BinaryVector,PreOrder__Hamming__None,micro_recall,0.3,0.8512±0.0080
chestxray_resnet,LGBM,BinaryVector,PreOrder__Subset__2,micro_recall,0.3,0.8353±0.0085
chestxray_resnet,LGBM,BinaryVector,PreOrder__Subset__None,micro_recall,0.3,0.8510±0.0077
chestxray_resnet,LGBM,BinaryVector,br,micro_recall,0.3,0.6265±0.0027
chestxray_resnet,LGBM,BinaryVector,cc,micro_recall,0.3,0.6233±0.0086
chestxray_resnet,LGBM,BinaryVector,clr,micro_recall,0.3,0.3079±0.0072
chestxray_resnet,LGBM,BinaryVector,ecc,micro_recall,0.3,0.6396±0.0047
chestxray_resnet,LGBM,BinaryVector,PartialOrder__Hamming__2,subset0_1,0.0,0.0129±0.0003
chestxray_resnet,LGBM,BinaryVector,PartialOrder__Hamming__None,subset0_1,0.0,0.0127±0.0006
chestxray_resnet,LGBM,BinaryVector,PartialOrder__Subset__2,subset0_1,0.0,0.0128±0.0003
chestxray_resnet,LGBM,BinaryVector,PartialOrder__Subset__None,subset0_1,0.0,0.0127±0.0006
chestxray_resnet,LGBM,BinaryVector,PreOrder__Hamming__2,subset0_1,0.0,0.0179±0.0007
chestxray_resnet,LGBM,BinaryVector,PreOrder__Hamming__None,subset0_1,0.0,0.0175±0.0007
chestxray_resnet,LGBM,BinaryVector,PreOrder__Subset__2,subset0_1,0.0,0.0181±0.0009
chestxray_resnet,LGBM,BinaryVector,PreOrder__Subset__None,subset0_1,0.0,0.0173±0.0006
chestxray_resnet,LGBM,BinaryVector,br,subset0_1,0.0,0.2461±0.0063
chestxray_resnet,LGBM,BinaryVector,cc,subset0_1,0.0,0.2455±0.0074
chestxray_resnet,LGBM,BinaryVector,clr,subset0_1,0.0,0.3353±0.0052
chestxray_resnet,LGBM,BinaryVector,ecc,subset0_1,0.0,0.3012±0.0063
chestxray_resnet,LGBM,BinaryVector,PartialOrder__Hamming__2,subset0_1,0.1,0.0050±0.0013
chestxray_resnet,LGBM,BinaryVector,PartialOrder__Hamming__None,subset0_1,0.1,0.0049±0.0012
chestxray_resnet,LGBM,BinaryVector,PartialOrder__Subset__2,subset0_1,0.1,0.0050±0.0013
chestxray_resnet,LGBM,BinaryVector,PartialOrder__Subset__None,subset0_1,0.1,0.0049±0.0012
chestxray_resnet,LGBM,BinaryVector,PreOrder__Hamming__2,subset0_1,0.1,0.0120±0.0028
chestxray_resnet,LGBM,BinaryVector,PreOrder__Hamming__None,subset0_1,0.1,0.0109±0.0018
chestxray_resnet,LGBM,BinaryVector,PreOrder__Subset__2,subset0_1,0.1,0.0123±0.0027
chestxray_resnet,LGBM,BinaryVector,PreOrder__Subset__None,subset0_1,0.1,0.0108±0.0018
chestxray_resnet,LGBM,BinaryVector,br,subset0_1,0.1,0.1464±0.0081
chestxray_resnet,LGBM,BinaryVector,cc,subset0_1,0.1,0.1476±0.0049
chestxray_resnet,LGBM,BinaryVector,clr,subset0_1,0.1,0.3166±0.0063
chestxray_resnet,LGBM,BinaryVector,ecc,subset0_1,0.1,0.2363±0.0051
chestxray_resnet,LGBM,BinaryVector,PartialOrder__Hamming__2,subset0_1,0.2,0.0011±0.0003
chestxray_resnet,LGBM,BinaryVector,PartialOrder__Hamming__None,subset0_1,0.2,0.0010±0.0002
chestxray_resnet,LGBM,BinaryVector,PartialOrder__Subset__2,subset0_1,0.2,0.0011±0.0002
chestxray_resnet,LGBM,BinaryVector,PartialOrder__Subset__None,subset0_1,0.2,0.0010±0.0002
chestxray_resnet,LGBM,BinaryVector,PreOrder__Hamming__2,subset0_1,0.2,0.0065±0.0009
chestxray_resnet,LGBM,BinaryVector,PreOrder__Hamming__None,subset0_1,0.2,0.0058±0.0007
chestxray_resnet,LGBM,BinaryVector,PreOrder__Subset__2,subset0_1,0.2,0.0064±0.0010
chestxray_resnet,LGBM,BinaryVector,PreOrder__Subset__None,subset0_1,0.2,0.0057±0.0007
chestxray_resnet,LGBM,BinaryVector,br,subset0_1,0.2,0.0743±0.0053
chestxray_resnet,LGBM,BinaryVector,cc,subset0_1,0.2,0.0792±0.0044
chestxray_resnet,LGBM,BinaryVector,clr,subset0_1,0.2,0.3277±0.0062
chestxray_resnet,LGBM,BinaryVector,ecc,subset0_1,0.2,0.1599±0.0076
chestxray_resnet,LGBM,BinaryVector,PartialOrder__Hamming__2,subset0_1,0.3,0.0001±0.0001
chestxray_resnet,LGBM,BinaryVector,PartialOrder__Hamming__None,subset0_1,0.3,0.0001±0.0001
chestxray_resnet,LGBM,BinaryVector,PartialOrder__Subset__2,subset0_1,0.3,0.0001±0.0001
chestxray_resnet,LGBM,BinaryVector,PartialOrder__Subset__None,subset0_1,0.3,0.0001±0.0001
chestxray_resnet,LGBM,BinaryVector,PreOrder__Hamming__2,subset0_1,0.3,0.0049±0.0003
chestxray_resnet,LGBM,BinaryVector,PreOrder__Hamming__None,subset0_1,0.3,0.0034±0.0007
chestxray_resnet,LGBM,BinaryVector,PreOrder__Subset__2,subset0_1,0.3,0.0050±0.0003
chestxray_resnet,LGBM,BinaryVector,PreOrder__Subset__None,subset0_1,0.3,0.0033±0.0007
chestxray_resnet,LGBM,BinaryVector,br,subset0_1,0.3,0.0339±0.0028
chestxray_resnet,LGBM,BinaryVector,cc,subset0_1,0.3,0.0357±0.0035
chestxray_resnet,LGBM,BinaryVector,clr,subset0_1,0.3,0.3457±0.0054
chestxray_resnet,LGBM,BinaryVector,ecc,subset0_1,0.3,0.0748±0.0060
chestxray_resnet,LGBM,BinaryVector,PartialOrder__Hamming__2,afrd,0.0,0.7842±0.0048
chestxray_resnet,LGBM,BinaryVector,PartialOrder__Hamming__None,afrd,0.0,0.7865±0.0046
chestxray_resnet,LGBM,BinaryVector,PartialOrder__Subset__2,afrd,0.0,0.7845±0.0048
chestxray_resnet,LGBM,BinaryVector,PartialOrder__Subset__None,afrd,0.0,0.7868±0.0046
chestxray_resnet,LGBM,BinaryVector,PreOrder__Hamming__2,afrd,0.0,0.7207±0.0047
chestxray_resnet,LGBM,BinaryVector,PreOrder__Hamming__None,afrd,0.0,0.7223±0.0054
chestxray_resnet,LGBM,BinaryVector,PreOrder__Subset__2,afrd,0.0,0.7221±0.0046
chestxray_resnet,LGBM,BinaryVector,PreOrder__Subset__None,afrd,0.0,0.7241±0.0051
chestxray_resnet,LGBM,BinaryVector,br,afrd,0.0,0.3147±0.0075
chestxray_resnet,LGBM,BinaryVector,cc,afrd,0.0,0.3037±0.0069
chestxray_resnet,LGBM,BinaryVector,clr,afrd,0.0,0.4993±0.0075
chestxray_resnet,LGBM,BinaryVector,ecc,afrd,0.0,0.4030±0.0070
chestxray_resnet,LGBM,BinaryVector,PartialOrder__Hamming__2,afrd,0.1,0.8495±0.0089
chestxray_resnet,LGBM,BinaryVector,PartialOrder__Hamming__None,afrd,0.1,0.8506±0.0090
chestxray_resnet,LGBM,BinaryVector,PartialOrder__Subset__2,afrd,0.1,0.8494±0.0089
chestxray_resnet,LGBM,BinaryVector,PartialOrder__Subset__None,afrd,0.1,0.8506±0.0090
chestxray_resnet,LGBM,BinaryVector,PreOrder__Hamming__2,afrd,0.1,0.7317±0.0191
chestxray_resnet,LGBM,BinaryVector,PreOrder__Hamming__None,afrd,0.1,0.7357±0.0188
chestxray_resnet,LGBM,BinaryVector,PreOrder__Subset__2,afrd,0.1,0.7308±0.0189
chestxray_resnet,LGBM,BinaryVector,PreOrder__Subset__None,afrd,0.1,0.7361±0.0186
chestxray_resnet,LGBM,BinaryVector,br,afrd,0.1,0.1745±0.0103
chestxray_resnet,LGBM,BinaryVector,cc,afrd,0.1,0.1719±0.0120
chestxray_resnet,LGBM,BinaryVector,clr,afrd,0.1,0.4811±0.0077
chestxray_resnet,LGBM,BinaryVector,ecc,afrd,0.1,0.2953±0.0039
chestxray_resnet,LGBM,BinaryVector,PartialOrder__Hamming__2,afrd,0.2,0.8990±0.0096
chestxray_resnet,LGBM,BinaryVector,PartialOrder__Hamming__None,afrd,0.2,0.8998±0.0092
chestxray_resnet,LGBM,BinaryVector,PartialOrder__Subset__2,afrd,0.2,0.8990±0.0096
chestxray_resnet,LGBM,BinaryVector,PartialOrder__Subset__None,afrd,0.2,0.8998±0.0092
chestxray_resnet,LGBM,BinaryVector,PreOrder__Hamming__2,afrd,0.2,0.7142±0.0204
chestxray_resnet,LGBM,BinaryVector,PreOrder__Hamming__None,afrd,0.2,0.7230±0.0203
chestxray_resnet,LGBM,BinaryVector,PreOrder__Subset__2,afrd,0.2,0.7130±0.0208
chestxray_resnet,LGBM,BinaryVector,PreOrder__Subset__None,afrd,0.2,0.7231±0.0207
chestxray_resnet,LGBM,BinaryVector,br,afrd,0.2,0.1033±0.0061
chestxray_resnet,LGBM,BinaryVector,cc,afrd,0.2,0.1035±0.0112
chestxray_resnet,LGBM,BinaryVector,clr,afrd,0.2,0.5446±0.0030
chestxray_resnet,LGBM,BinaryVector,ecc,afrd,0.2,0.2269±0.0089
chestxray_resnet,LGBM,BinaryVector,PartialOrder__Hamming__2,afrd,0.3,0.9052±0.0036
chestxray_resnet,LGBM,BinaryVector,PartialOrder__Hamming__None,afrd,0.3,0.9062±0.0034
chestxray_resnet,LGBM,BinaryVector,PartialOrder__Subset__2,afrd,0.3,0.9052±0.0036
chestxray_resnet,LGBM,BinaryVector,PartialOrder__Subset__None,afrd,0.3,0.9061±0.0034
chestxray_resnet,LGBM,BinaryVector,PreOrder__Hamming__2,afrd,0.3,0.5815±0.0104
chestxray_resnet,LGBM,BinaryVector,PreOrder__Hamming__None,afrd,0.3,0.6011±0.0093
chestxray_resnet,LGBM,BinaryVector,PreOrder__Subset__2,afrd,0.3,0.5793±0.0107
chestxray_resnet,LGBM,BinaryVector,PreOrder__Subset__None,afrd,0.3,0.6014±0.0091
chestxray_resnet,LGBM,BinaryVector,br,afrd,0.3,0.0626±0.0035
chestxray_resnet,LGBM,BinaryVector,cc,afrd,0.3,0.0703±0.0088
chestxray_resnet,LGBM,BinaryVector,clr,afrd,0.3,0.6611±0.0106
chestxray_resnet,LGBM,BinaryVector,ecc,afrd,0.3,0.1118±0.0097
chestxray_resnet,LGBM,BinaryVector,PartialOrder__Hamming__2,example_precision,0.0,0.1395±0.0020
chestxray_resnet,LGBM,BinaryVector,PartialOrder__Hamming__None,example_precision,0.0,0.1393±0.0019
chestxray_resnet,LGBM,BinaryVector,PartialOrder__Subset__2,example_precision,0.0,0.1395±0.0020
chestxray_resnet,LGBM,BinaryVector,PartialOrder__Subset__None,example_precision,0.0,0.1393±0.0019
chestxray_resnet,LGBM,BinaryVector,PreOrder__Hamming__2,example_precision,0.0,0.1469±0.0016
chestxray_resnet,LGBM,BinaryVector,PreOrder__Hamming__None,example_precision,0.0,0.1467±0.0021
chestxray_resnet,LGBM,BinaryVector,PreOrder__Subset__2,example_precision,0.0,0.1467±0.0013
chestxray_resnet,LGBM,BinaryVector,PreOrder__Subset__None,example_precision,0.0,0.1464±0.0020
chestxray_resnet,LGBM,BinaryVector,br,example_precision,0.0,0.4153±0.0065
chestxray_resnet,LGBM,BinaryVector,cc,example_precision,0.0,0.4108±0.0075
chestxray_resnet,LGBM,BinaryVector,clr,example_precision,0.0,0.4872±0.0062
chestxray_resnet,LGBM,BinaryVector,ecc,example_precision,0.0,0.4619±0.0066
chestxray_resnet,LGBM,BinaryVector,PartialOrder__Hamming__2,example_precision,0.1,0.1243±0.0024
chestxray_resnet,LGBM,BinaryVector,PartialOrder__Hamming__None,example_precision,0.1,0.1242±0.0024
chestxray_resnet,LGBM,BinaryVector,PartialOrder__Subset__2,example_precision,0.1,0.1243±0.0025
chestxray_resnet,LGBM,BinaryVector,PartialOrder__Subset__None,example_precision,0.1,0.1242±0.0024
chestxray_resnet,LGBM,BinaryVector,PreOrder__Hamming__2,example_precision,0.1,0.1387±0.0039
chestxray_resnet,LGBM,BinaryVector,PreOrder__Hamming__None,example_precision,0.1,0.1379±0.0038
chestxray_resnet,LGBM,BinaryVector,PreOrder__Subset__2,example_precision,0.1,0.1388±0.0038
chestxray_resnet,LGBM,BinaryVector,PreOrder__Subset__None,example_precision,0.1,0.1377±0.0038
chestxray_resnet,LGBM,BinaryVector,br,example_precision,0.1,0.3134±0.0083
chestxray_resnet,LGBM,BinaryVector,cc,example_precision,0.1,0.3136±0.0040
chestxray_resnet,LGBM,BinaryVector,clr,example_precision,0.1,0.4690±0.0075
chestxray_resnet,LGBM,BinaryVector,ecc,example_precision,0.1,0.4031±0.0068
chestxray_resnet,LGBM,BinaryVector,PartialOrder__Hamming__2,example_precision,0.2,0.1142±0.0012
chestxray_resnet,LGBM,BinaryVector,PartialOrder__Hamming__None,example_precision,0.2,0.1141±0.0013
chestxray_resnet,LGBM,BinaryVector,PartialOrder__Subset__2,example_precision,0.2,0.1143±0.0012
chestxray_resnet,LGBM,BinaryVector,PartialOrder__Subset__None,example_precision,0.2,0.1141±0.0013
chestxray_resnet,LGBM,BinaryVector,PreOrder__Hamming__2,example_precision,0.2,0.1309±0.0018
chestxray_resnet,LGBM,BinaryVector,PreOrder__Hamming__None,example_precision,0.2,0.1297±0.0020
chestxray_resnet,LGBM,BinaryVector,PreOrder__Subset__2,example_precision,0.2,0.1306±0.0019
chestxray_resnet,LGBM,BinaryVector,PreOrder__Subset__None,example_precision,0.2,0.1296±0.0019
chestxray_resnet,LGBM,BinaryVector,br,example_precision,0.2,0.2339±0.0047
chestxray_resnet,LGBM,BinaryVector,cc,example_precision,0.2,0.2392±0.0046
chestxray_resnet,LGBM,BinaryVector,clr,example_precision,0.2,0.4681±0.0079
chestxray_resnet,LGBM,BinaryVector,ecc,example_precision,0.2,0.3237±0.0061
chestxray_resnet,LGBM,BinaryVector,PartialOrder__Hamming__2,example_precision,0.3,0.1098±0.0018
chestxray_resnet,LGBM,BinaryVector,PartialOrder__Hamming__None,example_precision,0.3,0.1097±0.0018
chestxray_resnet,LGBM,BinaryVector,PartialOrder__Subset__2,example_precision,0.3,0.1098±0.0018
chestxray_resnet,LGBM,BinaryVector,PartialOrder__Subset__None,example_precision,0.3,0.1097±0.0018
chestxray_resnet,LGBM,BinaryVector,PreOrder__Hamming__2,example_precision,0.3,0.1318±0.0020
chestxray_resnet,LGBM,BinaryVector,PreOrder__Hamming__None,example_precision,0.3,0.1298±0.0023
chestxray_resnet,LGBM,BinaryVector,PreOrder__Subset__2,example_precision,0.3,0.1316±0.0021
chestxray_resnet,LGBM,BinaryVector,PreOrder__Subset__None,example_precision,0.3,0.1296±0.0023
chestxray_resnet,LGBM,BinaryVector,br,example_precision,0.3,0.1806±0.0028
chestxray_resnet,LGBM,BinaryVector,cc,example_precision,0.3,0.1811±0.0048
chestxray_resnet,LGBM,BinaryVector,clr,example_precision,0.3,0.4553±0.0051
chestxray_resnet,LGBM,BinaryVector,ecc,example_precision,0.3,0.2338±0.0059
chestxray_resnet,LGBM,BinaryVector,PartialOrder__Hamming__2,example_recall,0.0,0.5172±0.0032
chestxray_resnet,LGBM,BinaryVector,PartialOrder__Hamming__None,example_recall,0.0,0.5181±0.0033
chestxray_resnet,LGBM,BinaryVector,PartialOrder__Subset__2,example_recall,0.0,0.5173±0.0033
chestxray_resnet,LGBM,BinaryVector,PartialOrder__Subset__None,example_recall,0.0,0.5181±0.0032
chestxray_resnet,LGBM,BinaryVector,PreOrder__Hamming__2,example_recall,0.0,0.4984±0.0034
chestxray_resnet,LGBM,BinaryVector,PreOrder__Hamming__None,example_recall,0.0,0.4996±0.0038
chestxray_resnet,LGBM,BinaryVector,PreOrder__Subset__2,example_recall,0.0,0.4984±0.0033
chestxray_resnet,LGBM,BinaryVector,PreOrder__Subset__None,example_recall,0.0,0.5000±0.0036
chestxray_resnet,LGBM,BinaryVector,br,example_recall,0.0,0.4986±0.0060
chestxray_resnet,LGBM,BinaryVector,cc,example_recall,0.0,0.5189±0.0072
chestxray_resnet,LGBM,BinaryVector,clr,example_recall,0.0,0.5008±0.0068
chestxray_resnet,LGBM,BinaryVector,ecc,example_recall,0.0,0.5190±0.0068
chestxray_resnet,LGBM,BinaryVector,PartialOrder__Hamming__2,example_recall,0.1,0.5268±0.0032
chestxray_resnet,LGBM,BinaryVector,PartialOrder__Hamming__None,example_recall,0.1,0.5272±0.0031
chestxray_resnet,LGBM,BinaryVector,PartialOrder__Subset__2,example_recall,0.1,0.5268±0.0032
chestxray_resnet,LGBM,BinaryVector,PartialOrder__Subset__None,example_recall,0.1,0.5272±0.0031
chestxray_resnet,LGBM,BinaryVector,PreOrder__Hamming__2,example_recall,0.1,0.5012±0.0057
chestxray_resnet,LGBM,BinaryVector,PreOrder__Hamming__None,example_recall,0.1,0.5030±0.0059
chestxray_resnet,LGBM,BinaryVector,PreOrder__Subset__2,example_recall,0.1,0.5006±0.0059
chestxray_resnet,LGBM,BinaryVector,PreOrder__Subset__None,example_recall,0.1,0.5030±0.0060
chestxray_resnet,LGBM,BinaryVector,br,example_recall,0.1,0.4507±0.0098
chestxray_resnet,LGBM,BinaryVector,cc,example_recall,0.1,0.4639±0.0036
chestxray_resnet,LGBM,BinaryVector,clr,example_recall,0.1,0.4908±0.0076
chestxray_resnet,LGBM,BinaryVector,ecc,example_recall,0.1,0.4946±0.0062
chestxray_resnet,LGBM,BinaryVector,PartialOrder__Hamming__2,example_recall,0.2,0.5328±0.0040
chestxray_resnet,LGBM,BinaryVector,PartialOrder__Hamming__None,example_recall,0.2,0.5329±0.0040
chestxray_resnet,LGBM,BinaryVector,PartialOrder__Subset__2,example_recall,0.2,0.5328±0.0040
chestxray_resnet,LGBM,BinaryVector,PartialOrder__Subset__None,example_recall,0.2,0.5329±0.0040
chestxray_resnet,LGBM,BinaryVector,PreOrder__Hamming__2,example_recall,0.2,0.4941±0.0047
chestxray_resnet,LGBM,BinaryVector,PreOrder__Hamming__None,example_recall,0.2,0.4972±0.0044
chestxray_resnet,LGBM,BinaryVector,PreOrder__Subset__2,example_recall,0.2,0.4931±0.0049
chestxray_resnet,LGBM,BinaryVector,PreOrder__Subset__None,example_recall,0.2,0.4970±0.0045
chestxray_resnet,LGBM,BinaryVector,br,example_recall,0.2,0.3994±0.0053
chestxray_resnet,LGBM,BinaryVector,cc,example_recall,0.2,0.4089±0.0059
chestxray_resnet,LGBM,BinaryVector,clr,example_recall,0.2,0.4741±0.0057
chestxray_resnet,LGBM,BinaryVector,ecc,example_recall,0.2,0.4473±0.0049
chestxray_resnet,LGBM,BinaryVector,PartialOrder__Hamming__2,example_recall,0.3,0.5307±0.0046
chestxray_resnet,LGBM,BinaryVector,PartialOrder__Hamming__None,example_recall,0.3,0.5311±0.0045
chestxray_resnet,LGBM,BinaryVector,PartialOrder__Subset__2,example_recall,0.3,0.5307±0.0047
chestxray_resnet,LGBM,BinaryVector,PartialOrder__Subset__None,example_recall,0.3,0.5310±0.0045
chestxray_resnet,LGBM,BinaryVector,PreOrder__Hamming__2,example_recall,0.3,0.4659±0.0053
chestxray_resnet,LGBM,BinaryVector,PreOrder__Hamming__None,example_recall,0.3,0.4723±0.0054
chestxray_resnet,LGBM,BinaryVector,PreOrder__Subset__2,example_recall,0.3,0.4646±0.0052
chestxray_resnet,LGBM,BinaryVector,PreOrder__Subset__None,example_recall,0.3,0.4722±0.0053
chestxray_resnet,LGBM,BinaryVector,br,example_recall,0.3,0.3665±0.0047
chestxray_resnet,LGBM,BinaryVector,cc,example_recall,0.3,0.3660±0.0047
chestxray_resnet,LGBM,BinaryVector,clr,example_recall,0.3,0.4466±0.0070
chestxray_resnet,LGBM,BinaryVector,ecc,example_recall,0.3,0.4024±0.0068
chestxray_resnet,LGBM,BinaryVector,PartialOrder__Hamming__2,f1,0.0,0.1993±0.0020
chestxray_resnet,LGBM,BinaryVector,PartialOrder__Hamming__None,f1,0.0,0.1995±0.0020
chestxray_resnet,LGBM,BinaryVector,PartialOrder__Subset__2,f1,0.0,0.1993±0.0021
chestxray_resnet,LGBM,BinaryVector,PartialOrder__Subset__None,f1,0.0,0.1995±0.0020
chestxray_resnet,LGBM,BinaryVector,PreOrder__Hamming__2,f1,0.0,0.2000±0.0017
chestxray_resnet,LGBM,BinaryVector,PreOrder__Hamming__None,f1,0.0,0.2006±0.0023
chestxray_resnet,LGBM,BinaryVector,PreOrder__Subset__2,f1,0.0,0.1996±0.0016
chestxray_resnet,LGBM,BinaryVector,PreOrder__Subset__None,f1,0.0,0.2003±0.0022
chestxray_resnet,LGBM,BinaryVector,br,f1,0.0,0.4304±0.0061
chestxray_resnet,LGBM,BinaryVector,cc,f1,0.0,0.4332±0.0073
chestxray_resnet,LGBM,BinaryVector,clr,f1,0.0,0.4763±0.0065
chestxray_resnet,LGBM,BinaryVector,ecc,f1,0.0,0.4675±0.0067
chestxray_resnet,LGBM,BinaryVector,PartialOrder__Hamming__2,f1,0.1,0.1885±0.0025
chestxray_resnet,LGBM,BinaryVector,PartialOrder__Hamming__None,f1,0.1,0.1886±0.0025
chestxray_resnet,LGBM,BinaryVector,PartialOrder__Subset__2,f1,0.1,0.1885±0.0025
chestxray_resnet,LGBM,BinaryVector,PartialOrder__Subset__None,f1,0.1,0.1886±0.0025
chestxray_resnet,LGBM,BinaryVector,PreOrder__Hamming__2,f1,0.1,0.1955±0.0034
chestxray_resnet,LGBM,BinaryVector,PreOrder__Hamming__None,f1,0.1,0.1957±0.0033
chestxray_resnet,LGBM,BinaryVector,PreOrder__Subset__2,f1,0.1,0.1952±0.0034
chestxray_resnet,LGBM,BinaryVector,PreOrder__Subset__None,f1,0.1,0.1955±0.0033
chestxray_resnet,LGBM,BinaryVector,br,f1,0.1,0.3451±0.0090
chestxray_resnet,LGBM,BinaryVector,cc,f1,0.1,0.3484±0.0035
chestxray_resnet,LGBM,BinaryVector,clr,f1,0.1,0.4615±0.0072
chestxray_resnet,LGBM,BinaryVector,ecc,f1,0.1,0.4205±0.0066
chestxray_resnet,LGBM,BinaryVector,PartialOrder__Hamming__2,f1,0.2,0.1801±0.0017
chestxray_resnet,LGBM,BinaryVector,PartialOrder__Hamming__None,f1,0.2,0.1800±0.0018
chestxray_resnet,LGBM,BinaryVector,PartialOrder__Subset__2,f1,0.2,0.1801±0.0017
chestxray_resnet,LGBM,BinaryVector,PartialOrder__Subset__None,f1,0.2,0.1800±0.0018
chestxray_resnet,LGBM,BinaryVector,PreOrder__Hamming__2,f1,0.2,0.1901±0.0017
chestxray_resnet,LGBM,BinaryVector,PreOrder__Hamming__None,f1,0.2,0.1904±0.0016
chestxray_resnet,LGBM,BinaryVector,PreOrder__Subset__2,f1,0.2,0.1896±0.0018
chestxray_resnet,LGBM,BinaryVector,PreOrder__Subset__None,f1,0.2,0.1903±0.0016
chestxray_resnet,LGBM,BinaryVector,br,f1,0.2,0.2730±0.0047
chestxray_resnet,LGBM,BinaryVector,cc,f1,0.2,0.2792±0.0049
chestxray_resnet,LGBM,BinaryVector,clr,f1,0.2,0.4545±0.0065
chestxray_resnet,LGBM,BinaryVector,ecc,f1,0.2,0.3511±0.0057
chestxray_resnet,LGBM,BinaryVector,PartialOrder__Hamming__2,f1,0.3,0.1755±0.0025
chestxray_resnet,LGBM,BinaryVector,PartialOrder__Hamming__None,f1,0.3,0.1756±0.0025
chestxray_resnet,LGBM,BinaryVector,PartialOrder__Subset__2,f1,0.3,0.1756±0.0025
chestxray_resnet,LGBM,BinaryVector,PartialOrder__Subset__None,f1,0.3,0.1756±0.0025
chestxray_resnet,LGBM,BinaryVector,PreOrder__Hamming__2,f1,0.3,0.1909±0.0026
chestxray_resnet,LGBM,BinaryVector,PreOrder__Hamming__None,f1,0.3,0.1909±0.0028
chestxray_resnet,LGBM,BinaryVector,PreOrder__Subset__2,f1,0.3,0.1904±0.0026
chestxray_resnet,LGBM,BinaryVector,PreOrder__Subset__None,f1,0.3,0.1907±0.0028
chestxray_resnet,LGBM,BinaryVector,br,f1,0.3,0.2235±0.0031
chestxray_resnet,LGBM,BinaryVector,cc,f1,0.3,0.2240±0.0043
chestxray_resnet,LGBM,BinaryVector,clr,f1,0.3,0.4383±0.0056
chestxray_resnet,LGBM,BinaryVector,ecc,f1,0.3,0.2736±0.0058
chestxray_resnet,LGBM,BinaryVector,PartialOrder__Hamming__2,hamming_accuracy,0.0,0.2145±0.0021
chestxray_resnet,LGBM,BinaryVector,PartialOrder__Hamming__None,hamming_accuracy,0.0,0.2144±0.0021
chestxray_resnet,LGBM,BinaryVector,PartialOrder__Subset__2,hamming_accuracy,0.0,0.2145±0.0021
chestxray_resnet,LGBM,BinaryVector,PartialOrder__Subset__None,hamming_accuracy,0.0,0.2144±0.0021
chestxray_resnet,LGBM,BinaryVector,PreOrder__Hamming__2,hamming_accuracy,0.0,0.2317±0.0034
chestxray_resnet,LGBM,BinaryVector,PreOrder__Hamming__None,hamming_accuracy,0.0,0.2323±0.0033
chestxray_resnet,LGBM,BinaryVector,PreOrder__Subset__2,hamming_accuracy,0.0,0.2307±0.0034
chestxray_resnet,LGBM,BinaryVector,PreOrder__Subset__None,hamming_accuracy,0.0,0.2313±0.0032
chestxray_resnet,LGBM,BinaryVector,br,hamming_accuracy,0.0,0.8188±0.0018
chestxray_resnet,LGBM,BinaryVector,cc,hamming_accuracy,0.0,0.8044±0.0023
chestxray_resnet,LGBM,BinaryVector,clr,hamming_accuracy,0.0,0.8628±0.0018
chestxray_resnet,LGBM,BinaryVector,ecc,hamming_accuracy,0.0,0.8440±0.0014
chestxray_resnet,LGBM,BinaryVector,PartialOrder__Hamming__2,hamming_accuracy,0.1,0.1816±0.0037
chestxray_resnet,LGBM,BinaryVector,PartialOrder__Hamming__None,hamming_accuracy,0.1,0.1815±0.0037
chestxray_resnet,LGBM,BinaryVector,PartialOrder__Subset__2,hamming_accuracy,0.1,0.1816±0.0037
chestxray_resnet,LGBM,BinaryVector,PartialOrder__Subset__None,hamming_accuracy,0.1,0.1815±0.0037
chestxray_resnet,LGBM,BinaryVector,PreOrder__Hamming__2,hamming_accuracy,0.1,0.2259±0.0056
chestxray_resnet,LGBM,BinaryVector,PreOrder__Hamming__None,hamming_accuracy,0.1,0.2254±0.0054
chestxray_resnet,LGBM,BinaryVector,PreOrder__Subset__2,hamming_accuracy,0.1,0.2256±0.0056
chestxray_resnet,LGBM,BinaryVector,PreOrder__Subset__None,hamming_accuracy,0.1,0.2251±0.0054
chestxray_resnet,LGBM,BinaryVector,br,hamming_accuracy,0.1,0.7527±0.0032
chestxray_resnet,LGBM,BinaryVector,cc,hamming_accuracy,0.1,0.7461±0.0024
chestxray_resnet,LGBM,BinaryVector,clr,hamming_accuracy,0.1,0.8560±0.0013
chestxray_resnet,LGBM,BinaryVector,ecc,hamming_accuracy,0.1,0.8100±0.0026
chestxray_resnet,LGBM,BinaryVector,PartialOrder__Hamming__2,hamming_accuracy,0.2,0.1557±0.0028
chestxray_resnet,LGBM,BinaryVector,PartialOrder__Hamming__None,hamming_accuracy,0.2,0.1555±0.0028
chestxray_resnet,LGBM,BinaryVector,PartialOrder__Subset__2,hamming_accuracy,0.2,0.1557±0.0028
chestxray_resnet,LGBM,BinaryVector,PartialOrder__Subset__None,hamming_accuracy,0.2,0.1555±0.0028
chestxray_resnet,LGBM,BinaryVector,PreOrder__Hamming__2,hamming_accuracy,0.2,0.2311±0.0062
chestxray_resnet,LGBM,BinaryVector,PreOrder__Hamming__None,hamming_accuracy,0.2,0.2298±0.0060
chestxray_resnet,LGBM,BinaryVector,PreOrder__Subset__2,hamming_accuracy,0.2,0.2308±0.0062
chestxray_resnet,LGBM,BinaryVector,PreOrder__Subset__None,hamming_accuracy,0.2,0.2294±0.0060
chestxray_resnet,LGBM,BinaryVector,br,hamming_accuracy,0.2,0.6966±0.0034
chestxray_resnet,LGBM,BinaryVector,cc,hamming_accuracy,0.2,0.6952±0.0035
chestxray_resnet,LGBM,BinaryVector,clr,hamming_accuracy,0.2,0.8607±0.0026
chestxray_resnet,LGBM,BinaryVector,ecc,hamming_accuracy,0.2,0.7647±0.0034
chestxray_resnet,LGBM,BinaryVector,PartialOrder__Hamming__2,hamming_accuracy,0.3,0.1495±0.0027
chestxray_resnet,LGBM,BinaryVector,PartialOrder__Hamming__None,hamming_accuracy,0.3,0.1492±0.0027
chestxray_resnet,LGBM,BinaryVector,PartialOrder__Subset__2,hamming_accuracy,0.3,0.1495±0.0027
chestxray_resnet,LGBM,BinaryVector,PartialOrder__Subset__None,hamming_accuracy,0.3,0.1492±0.0027
chestxray_resnet,LGBM,BinaryVector,PreOrder__Hamming__2,hamming_accuracy,0.3,0.2898±0.0044
chestxray_resnet,LGBM,BinaryVector,PreOrder__Hamming__None,hamming_accuracy,0.3,0.2849±0.0044
chestxray_resnet,LGBM,BinaryVector,PreOrder__Subset__2,hamming_accuracy,0.3,0.2897±0.0044
chestxray_resnet,LGBM,BinaryVector,PreOrder__Subset__None,hamming_accuracy,0.3,0.2844±0.0045
chestxray_resnet,LGBM,BinaryVector,br,hamming_accuracy,0.3,0.6357±0.0042
chestxray_resnet,LGBM,BinaryVector,cc,hamming_accuracy,0.3,0.6372±0.0037
chestxray_resnet,LGBM,BinaryVector,clr,hamming_accuracy,0.3,0.8655±0.0015
chestxray_resnet,LGBM,BinaryVector,ecc,hamming_accuracy,0.3,0.6929±0.0032
chestxray_resnet,LGBM,BinaryVector,PartialOrder__Hamming__2,jaccard,0.0,0.1327±0.0014
chestxray_resnet,LGBM,BinaryVector,PartialOrder__Hamming__None,jaccard,0.0,0.1329±0.0013
chestxray_resnet,LGBM,BinaryVector,PartialOrder__Subset__2,jaccard,0.0,0.1327±0.0014
chestxray_resnet,LGBM,BinaryVector,PartialOrder__Subset__None,jaccard,0.0,0.1328±0.0013
chestxray_resnet,LGBM,BinaryVector,PreOrder__Hamming__2,jaccard,0.0,0.1347±0.0013
chestxray_resnet,LGBM,BinaryVector,PreOrder__Hamming__None,jaccard,0.0,0.1352±0.0018
chestxray_resnet,LGBM,BinaryVector,PreOrder__Subset__2,jaccard,0.0,0.1345±0.0012
chestxray_resnet,LGBM,BinaryVector,PreOrder__Subset__None,jaccard,0.0,0.1349±0.0017
chestxray_resnet,LGBM,BinaryVector,br,jaccard,0.0,0.3810±0.0059
chestxray_resnet,LGBM,BinaryVector,cc,jaccard,0.0,0.3823±0.0071
chestxray_resnet,LGBM,BinaryVector,clr,jaccard,0.0,0.4393±0.0061
chestxray_resnet,LGBM,BinaryVector,ecc,jaccard,0.0,0.4239±0.0065
chestxray_resnet,LGBM,BinaryVector,PartialOrder__Hamming__2,jaccard,0.1,0.1213±0.0022
chestxray_resnet,LGBM,BinaryVector,PartialOrder__Hamming__None,jaccard,0.1,0.1213±0.0021
chestxray_resnet,LGBM,BinaryVector,PartialOrder__Subset__2,jaccard,0.1,0.1213±0.0022
chestxray_resnet,LGBM,BinaryVector,PartialOrder__Subset__None,jaccard,0.1,0.1213±0.0021
chestxray_resnet,LGBM,BinaryVector,PreOrder__Hamming__2,jaccard,0.1,0.1295±0.0030
chestxray_resnet,LGBM,BinaryVector,PreOrder__Hamming__None,jaccard,0.1,0.1294±0.0028
chestxray_resnet,LGBM,BinaryVector,PreOrder__Subset__2,jaccard,0.1,0.1293±0.0031
chestxray_resnet,LGBM,BinaryVector,PreOrder__Subset__None,jaccard,0.1,0.1292±0.0028
chestxray_resnet,LGBM,BinaryVector,br,jaccard,0.1,0.2886±0.0087
chestxray_resnet,LGBM,BinaryVector,cc,jaccard,0.1,0.2912±0.0036
chestxray_resnet,LGBM,BinaryVector,clr,jaccard,0.1,0.4233±0.0067
chestxray_resnet,LGBM,BinaryVector,ecc,jaccard,0.1,0.3706±0.0064
chestxray_resnet,LGBM,BinaryVector,PartialOrder__Hamming__2,jaccard,0.2,0.1130±0.0011
chestxray_resnet,LGBM,BinaryVector,PartialOrder__Hamming__None,jaccard,0.2,0.1129±0.0011
chestxray_resnet,LGBM,BinaryVector,PartialOrder__Subset__2,jaccard,0.2,0.1130±0.0010
chestxray_resnet,LGBM,BinaryVector,PartialOrder__Subset__None,jaccard,0.2,0.1129±0.0011
chestxray_resnet,LGBM,BinaryVector,PreOrder__Hamming__2,jaccard,0.2,0.1238±0.0012
chestxray_resnet,LGBM,BinaryVector,PreOrder__Hamming__None,jaccard,0.2,0.1238±0.0012
chestxray_resnet,LGBM,BinaryVector,PreOrder__Subset__2,jaccard,0.2,0.1233±0.0013
chestxray_resnet,LGBM,BinaryVector,PreOrder__Subset__None,jaccard,0.2,0.1236±0.0012
chestxray_resnet,LGBM,BinaryVector,br,jaccard,0.2,0.2140±0.0044
chestxray_resnet,LGBM,BinaryVector,cc,jaccard,0.2,0.2200±0.0046
chestxray_resnet,LGBM,BinaryVector,clr,jaccard,0.2,0.4208±0.0064
chestxray_resnet,LGBM,BinaryVector,ecc,jaccard,0.2,0.2971±0.0061
chestxray_resnet,LGBM,BinaryVector,PartialOrder__Hamming__2,jaccard,0.3,0.1090±0.0018
chestxray_resnet,LGBM,BinaryVector,PartialOrder__Hamming__None,jaccard,0.3,0.1090±0.0018
chestxray_resnet,LGBM,BinaryVector,PartialOrder__Subset__2,jaccard,0.3,0.1090±0.0018
chestxray_resnet,LGBM,BinaryVector,PartialOrder__Subset__None,jaccard,0.3,0.1090±0.0018
chestxray_resnet,LGBM,BinaryVector,PreOrder__Hamming__2,jaccard,0.3,0.1250±0.0019
chestxray_resnet,LGBM,BinaryVector,PreOrder__Hamming__None,jaccard,0.3,0.1244±0.0022
chestxray_resnet,LGBM,BinaryVector,PreOrder__Subset__2,jaccard,0.3,0.1247±0.0020
chestxray_resnet,LGBM,BinaryVector,PreOrder__Subset__None,jaccard,0.3,0.1242±0.0022
chestxray_resnet,LGBM,BinaryVector,br,jaccard,0.3,0.1643±0.0027
chestxray_resnet,LGBM,BinaryVector,cc,jaccard,0.3,0.1650±0.0040
chestxray_resnet,LGBM,BinaryVector,clr,jaccard,0.3,0.4134±0.0054
chestxray_resnet,LGBM,BinaryVector,ecc,jaccard,0.3,0.2144±0.0058
chestxray_resnet,LGBM,BinaryVector,PartialOrder__Hamming__2,macro_f1,0.0,0.1880±0.0017
chestxray_resnet,LGBM,BinaryVector,PartialOrder__Hamming__None,macro_f1,0.0,0.1883±0.0017
chestxray_resnet,LGBM,BinaryVector,PartialOrder__Subset__2,macro_f1,0.0,0.1880±0.0018
chestxray_resnet,LGBM,BinaryVector,PartialOrder__Subset__None,macro_f1,0.0,0.1883±0.0017
chestxray_resnet,LGBM,BinaryVector,PreOrder__Hamming__2,macro_f1,0.0,0.1852±0.0016
chestxray_resnet,LGBM,BinaryVector,PreOrder__Hamming__None,macro_f1,0.0,0.1856±0.0018
chestxray_resnet,LGBM,BinaryVector,PreOrder__Subset__2,macro_f1,0.0,0.1851±0.0017
chestxray_resnet,LGBM,BinaryVector,PreOrder__Subset__None,macro_f1,0.0,0.1856±0.0018
chestxray_resnet,LGBM,BinaryVector,br,macro_f1,0.0,0.3482±0.0058
chestxray_resnet,LGBM,BinaryVector,cc,macro_f1,0.0,0.3425±0.0077
chestxray_resnet,LGBM,BinaryVector,clr,macro_f1,0.0,0.3504±0.0073
chestxray_resnet,LGBM,BinaryVector,ecc,macro_f1,0.0,0.3570±0.0070
chestxray_resnet,LGBM,BinaryVector,PartialOrder__Hamming__2,macro_f1,0.1,0.1866±0.0018
chestxray_resnet,LGBM,BinaryVector,PartialOrder__Hamming__None,macro_f1,0.1,0.1867±0.0018
chestxray_resnet,LGBM,BinaryVector,PartialOrder__Subset__2,macro_f1,0.1,0.1866±0.0018
chestxray_resnet,LGBM,BinaryVector,PartialOrder__Subset__None,macro_f1,0.1,0.1867±0.0018
chestxray_resnet,LGBM,BinaryVector,PreOrder__Hamming__2,macro_f1,0.1,0.1850±0.0024
chestxray_resnet,LGBM,BinaryVector,PreOrder__Hamming__None,macro_f1,0.1,0.1855±0.0025
chestxray_resnet,LGBM,BinaryVector,PreOrder__Subset__2,macro_f1,0.1,0.1848±0.0025
chestxray_resnet,LGBM,BinaryVector,PreOrder__Subset__None,macro_f1,0.1,0.1854±0.0025
chestxray_resnet,LGBM,BinaryVector,br,macro_f1,0.1,0.3059±0.0063
chestxray_resnet,LGBM,BinaryVector,cc,macro_f1,0.1,0.3046±0.0022
chestxray_resnet,LGBM,BinaryVector,clr,macro_f1,0.1,0.3410±0.0057
chestxray_resnet,LGBM,BinaryVector,ecc,macro_f1,0.1,0.3378±0.0069
chestxray_resnet,LGBM,BinaryVector,PartialOrder__Hamming__2,macro_f1,0.2,0.1854±0.0018
chestxray_resnet,LGBM,BinaryVector,PartialOrder__Hamming__None,macro_f1,0.2,0.1854±0.0019
chestxray_resnet,LGBM,BinaryVector,PartialOrder__Subset__2,macro_f1,0.2,0.1854±0.0018
chestxray_resnet,LGBM,BinaryVector,PartialOrder__Subset__None,macro_f1,0.2,0.1854±0.0019
chestxray_resnet,LGBM,BinaryVector,PreOrder__Hamming__2,macro_f1,0.2,0.1841±0.0018
chestxray_resnet,LGBM,BinaryVector,PreOrder__Hamming__None,macro_f1,0.2,0.1849±0.0017
chestxray_resnet,LGBM,BinaryVector,PreOrder__Subset__2,macro_f1,0.2,0.1838±0.0019
chestxray_resnet,LGBM,BinaryVector,PreOrder__Subset__None,macro_f1,0.2,0.1848±0.0018
chestxray_resnet,LGBM,BinaryVector,br,macro_f1,0.2,0.2749±0.0030
chestxray_resnet,LGBM,BinaryVector,cc,macro_f1,0.2,0.2756±0.0044
chestxray_resnet,LGBM,BinaryVector,clr,macro_f1,0.2,0.3235±0.0051
chestxray_resnet,LGBM,BinaryVector,ecc,macro_f1,0.2,0.3028±0.0061
chestxray_resnet,LGBM,BinaryVector,PartialOrder__Hamming__2,macro_f1,0.3,0.1846±0.0025
chestxray_resnet,LGBM,BinaryVector,PartialOrder__Hamming__None,macro_f1,0.3,0.1846±0.0025
chestxray_resnet,LGBM,BinaryVector,PartialOrder__Subset__2,macro_f1,0.3,0.1845±0.0025
chestxray_resnet,LGBM,BinaryVector,PartialOrder__Subset__None,macro_f1,0.3,0.1846±0.0025
chestxray_resnet,LGBM,BinaryVector,PreOrder__Hamming__2,macro_f1,0.3,0.1854±0.0024
chestxray_resnet,LGBM,BinaryVector,PreOrder__Hamming__None,macro_f1,0.3,0.1867±0.0024
chestxray_resnet,LGBM,BinaryVector,PreOrder__Subset__2,macro_f1,0.3,0.1851±0.0024
chestxray_resnet,LGBM,BinaryVector,PreOrder__Subset__None,macro_f1,0.3,0.1866±0.0024
chestxray_resnet,LGBM,BinaryVector,br,macro_f1,0.3,0.2429±0.0028
chestxray_resnet,LGBM,BinaryVector,cc,macro_f1,0.3,0.2440±0.0025
chestxray_resnet,LGBM,BinaryVector,clr,macro_f1,0.3,0.2702±0.0049
chestxray_resnet,LGBM,BinaryVector,ecc,macro_f1,0.3,0.2705±0.0024
chestxray_resnet,LGBM,BinaryVector,PartialOrder__Hamming__2,macro_precision,0.0,0.1090±0.0014
chestxray_resnet,LGBM,BinaryVector,PartialOrder__Hamming__None,macro_precision,0.0,0.1092±0.0014
chestxray_resnet,LGBM,BinaryVector,PartialOrder__Subset__2,macro_precision,0.0,0.1090±0.0014
chestxray_resnet,LGBM,BinaryVector,PartialOrder__Subset__None,macro_precision,0.0,0.1092±0.0014
chestxray_resnet,LGBM,BinaryVector,PreOrder__Hamming__2,macro_precision,0.0,0.1080±0.0013
chestxray_resnet,LGBM,BinaryVector,PreOrder__Hamming__None,macro_precision,0.0,0.1083±0.0014
chestxray_resnet,LGBM,BinaryVector,PreOrder__Subset__2,macro_precision,0.0,0.1079±0.0013
chestxray_resnet,LGBM,BinaryVector,PreOrder__Subset__None,macro_precision,0.0,0.1082±0.0014
chestxray_resnet,LGBM,BinaryVector,br,macro_precision,0.0,0.2626±0.0051
chestxray_resnet,LGBM,BinaryVector,cc,macro_precision,0.0,0.2515±0.0060
chestxray_resnet,LGBM,BinaryVector,clr,macro_precision,0.0,0.3200±0.0107
chestxray_resnet,LGBM,BinaryVector,ecc,macro_precision,0.0,0.2926±0.0094
chestxray_resnet,LGBM,BinaryVector,PartialOrder__Hamming__2,macro_precision,0.1,0.1078±0.0014
chestxray_resnet,LGBM,BinaryVector,PartialOrder__Hamming__None,macro_precision,0.1,0.1078±0.0014
chestxray_resnet,LGBM,BinaryVector,PartialOrder__Subset__2,macro_precision,0.1,0.1078±0.0014
chestxray_resnet,LGBM,BinaryVector,PartialOrder__Subset__None,macro_precision,0.1,0.1078±0.0014
chestxray_resnet,LGBM,BinaryVector,PreOrder__Hamming__2,macro_precision,0.1,0.1077±0.0017
chestxray_resnet,LGBM,BinaryVector,PreOrder__Hamming__None,macro_precision,0.1,0.1080±0.0018
chestxray_resnet,LGBM,BinaryVector,PreOrder__Subset__2,macro_precision,0.1,0.1076±0.0018
chestxray_resnet,LGBM,BinaryVector,PreOrder__Subset__None,macro_precision,0.1,0.1079±0.0018
chestxray_resnet,LGBM,BinaryVector,br,macro_precision,0.1,0.2158±0.0048
chestxray_resnet,LGBM,BinaryVector,cc,macro_precision,0.1,0.2118±0.0022
chestxray_resnet,LGBM,BinaryVector,clr,macro_precision,0.1,0.2957±0.0054
chestxray_resnet,LGBM,BinaryVector,ecc,macro_precision,0.1,0.2504±0.0061
chestxray_resnet,LGBM,BinaryVector,PartialOrder__Hamming__2,macro_precision,0.2,0.1068±0.0014
chestxray_resnet,LGBM,BinaryVector,PartialOrder__Hamming__None,macro_precision,0.2,0.1069±0.0014
chestxray_resnet,LGBM,BinaryVector,PartialOrder__Subset__2,macro_precision,0.2,0.1069±0.0014
chestxray_resnet,LGBM,BinaryVector,PartialOrder__Subset__None,macro_precision,0.2,0.1069±0.0014
chestxray_resnet,LGBM,BinaryVector,PreOrder__Hamming__2,macro_precision,0.2,0.1073±0.0013
chestxray_resnet,LGBM,BinaryVector,PreOrder__Hamming__None,macro_precision,0.2,0.1077±0.0013
chestxray_resnet,LGBM,BinaryVector,PreOrder__Subset__2,macro_precision,0.2,0.1072±0.0014
chestxray_resnet,LGBM,BinaryVector,PreOrder__Subset__None,macro_precision,0.2,0.1077±0.0013
chestxray_resnet,LGBM,BinaryVector,br,macro_precision,0.2,0.1896±0.0026
chestxray_resnet,LGBM,BinaryVector,cc,macro_precision,0.2,0.1888±0.0037
chestxray_resnet,LGBM,BinaryVector,clr,macro_precision,0.2,0.2973±0.0083
chestxray_resnet,LGBM,BinaryVector,ecc,macro_precision,0.2,0.2158±0.0049
chestxray_resnet,LGBM,BinaryVector,PartialOrder__Hamming__2,macro_precision,0.3,0.1064±0.0018
chestxray_resnet,LGBM,BinaryVector,PartialOrder__Hamming__None,macro_precision,0.3,0.1064±0.0018
chestxray_resnet,LGBM,BinaryVector,PartialOrder__Subset__2,macro_precision,0.3,0.1064±0.0018
chestxray_resnet,LGBM,BinaryVector,PartialOrder__Subset__None,macro_precision,0.3,0.1064±0.0018
chestxray_resnet,LGBM,BinaryVector,PreOrder__Hamming__2,macro_precision,0.3,0.1092±0.0017
chestxray_resnet,LGBM,BinaryVector,PreOrder__Hamming__None,macro_precision,0.3,0.1098±0.0018
chestxray_resnet,LGBM,BinaryVector,PreOrder__Subset__2,macro_precision,0.3,0.1091±0.0017
chestxray_resnet,LGBM,BinaryVector,PreOrder__Subset__None,macro_precision,0.3,0.1097±0.0018
chestxray_resnet,LGBM,BinaryVector,br,macro_precision,0.3,0.1628±0.0027
chestxray_resnet,LGBM,BinaryVector,cc,macro_precision,0.3,0.1644±0.0020
chestxray_resnet,LGBM,BinaryVector,clr,macro_precision,0.3,0.2814±0.0028
chestxray_resnet,LGBM,BinaryVector,ecc,macro_precision,0.3,0.1844±0.0024
chestxray_resnet,LGBM,BinaryVector,PartialOrder__Hamming__2,macro_recall,0.0,0.9117±0.0039
chestxray_resnet,LGBM,BinaryVector,PartialOrder__Hamming__None,macro_recall,0.0,0.9136±0.0036
chestxray_resnet,LGBM,BinaryVector,PartialOrder__Subset__2,macro_recall,0.0,0.9119±0.0036
chestxray_resnet,LGBM,BinaryVector,PartialOrder__Subset__None,macro_recall,0.0,0.9139±0.0034
chestxray_resnet,LGBM,BinaryVector,PreOrder__Hamming__2,macro_recall,0.0,0.8730±0.0043
chestxray_resnet,LGBM,BinaryVector,PreOrder__Hamming__None,macro_recall,0.0,0.8748±0.0048
chestxray_resnet,LGBM,BinaryVector,PreOrder__Subset__2,macro_recall,0.0,0.8734±0.0046
chestxray_resnet,LGBM,BinaryVector,PreOrder__Subset__None,macro_recall,0.0,0.8755±0.0051
chestxray_resnet,LGBM,BinaryVector,br,macro_recall,0.0,0.5231±0.0079
chestxray_resnet,LGBM,BinaryVector,cc,macro_recall,0.0,0.5402±0.0111
chestxray_resnet,LGBM,BinaryVector,clr,macro_recall,0.0,0.4038±0.0083
chestxray_resnet,LGBM,BinaryVector,ecc,macro_recall,0.0,0.4658±0.0079
chestxray_resnet,LGBM,BinaryVector,PartialOrder__Hamming__2,macro_recall,0.1,0.9381±0.0061
chestxray_resnet,LGBM,BinaryVector,PartialOrder__Hamming__None,macro_recall,0.1,0.9390±0.0062
chestxray_resnet,LGBM,BinaryVector,PartialOrder__Subset__2,macro_recall,0.1,0.9380±0.0061
chestxray_resnet,LGBM,BinaryVector,PartialOrder__Subset__None,macro_recall,0.1,0.9390±0.0062
chestxray_resnet,LGBM,BinaryVector,PreOrder__Hamming__2,macro_recall,0.1,0.8763±0.0119
chestxray_resnet,LGBM,BinaryVector,PreOrder__Hamming__None,macro_recall,0.1,0.8793±0.0120
chestxray_resnet,LGBM,BinaryVector,PreOrder__Subset__2,macro_recall,0.1,0.8754±0.0117
chestxray_resnet,LGBM,BinaryVector,PreOrder__Subset__None,macro_recall,0.1,0.8793±0.0118
chestxray_resnet,LGBM,BinaryVector,br,macro_recall,0.1,0.5890±0.0117
chestxray_resnet,LGBM,BinaryVector,cc,macro_recall,0.1,0.5968±0.0098
chestxray_resnet,LGBM,BinaryVector,clr,macro_recall,0.1,0.4134±0.0079
chestxray_resnet,LGBM,BinaryVector,ecc,macro_recall,0.1,0.5322±0.0065
chestxray_resnet,LGBM,BinaryVector,PartialOrder__Hamming__2,macro_recall,0.2,0.9578±0.0058
chestxray_resnet,LGBM,BinaryVector,PartialOrder__Hamming__None,macro_recall,0.2,0.9583±0.0054
chestxray_resnet,LGBM,BinaryVector,PartialOrder__Subset__2,macro_recall,0.2,0.9578±0.0058
chestxray_resnet,LGBM,BinaryVector,PartialOrder__Subset__None,macro_recall,0.2,0.9583±0.0054
chestxray_resnet,LGBM,BinaryVector,PreOrder__Hamming__2,macro_recall,0.2,0.8660±0.0123
chestxray_resnet,LGBM,BinaryVector,PreOrder__Hamming__None,macro_recall,0.2,0.8724±0.0123
chestxray_resnet,LGBM,BinaryVector,PreOrder__Subset__2,macro_recall,0.2,0.8647±0.0126
chestxray_resnet,LGBM,BinaryVector,PreOrder__Subset__None,macro_recall,0.2,0.8722±0.0127
chestxray_resnet,LGBM,BinaryVector,br,macro_recall,0.2,0.6017±0.0089
chestxray_resnet,LGBM,BinaryVector,cc,macro_recall,0.2,0.6063±0.0119
chestxray_resnet,LGBM,BinaryVector,clr,macro_recall,0.2,0.3635±0.0024
chestxray_resnet,LGBM,BinaryVector,ecc,macro_recall,0.2,0.5517±0.0092
chestxray_resnet,LGBM,BinaryVector,PartialOrder__Hamming__2,macro_recall,0.3,0.9578±0.0033
chestxray_resnet,LGBM,BinaryVector,PartialOrder__Hamming__None,macro_recall,0.3,0.9583±0.0032
chestxray_resnet,LGBM,BinaryVector,PartialOrder__Subset__2,macro_recall,0.3,0.9578±0.0033
chestxray_resnet,LGBM,BinaryVector,PartialOrder__Subset__None,macro_recall,0.3,0.9583±0.0031
chestxray_resnet,LGBM,BinaryVector,PreOrder__Hamming__2,macro_recall,0.3,0.8042±0.0084
chestxray_resnet,LGBM,BinaryVector,PreOrder__Hamming__None,macro_recall,0.3,0.8165±0.0083
chestxray_resnet,LGBM,BinaryVector,PreOrder__Subset__2,macro_recall,0.3,0.8023±0.0085
chestxray_resnet,LGBM,BinaryVector,PreOrder__Subset__None,macro_recall,0.3,0.8164±0.0080
chestxray_resnet,LGBM,BinaryVector,br,macro_recall,0.3,0.6022±0.0029
chestxray_resnet,LGBM,BinaryVector,cc,macro_recall,0.3,0.6009±0.0073
chestxray_resnet,LGBM,BinaryVector,clr,macro_recall,0.3,0.2673±0.0093
chestxray_resnet,LGBM,BinaryVector,ecc,macro_recall,0.3,0.6032±0.0077
chestxray_resnet,LGBM,BinaryVector,PartialOrder__Hamming__2,mfrd,0.0,0.8831±0.0055
chestxray_resnet,LGBM,BinaryVector,PartialOrder__Hamming__None,mfrd,0.0,0.8848±0.0054
chestxray_resnet,LGBM,BinaryVector,PartialOrder__Subset__2,mfrd,0.0,0.8829±0.0054
chestxray_resnet,LGBM,BinaryVector,PartialOrder__Subset__None,mfrd,0.0,0.8848±0.0054
chestxray_resnet,LGBM,BinaryVector,PreOrder__Hamming__2,mfrd,0.0,0.8079±0.0114
chestxray_resnet,LGBM,BinaryVector,PreOrder__Hamming__None,mfrd,0.0,0.8116±0.0111
chestxray_resnet,LGBM,BinaryVector,PreOrder__Subset__2,mfrd,0.0,0.8089±0.0113
chestxray_resnet,LGBM,BinaryVector,PreOrder__Subset__None,mfrd,0.0,0.8138±0.0109
chestxray_resnet,LGBM,BinaryVector,br,mfrd,0.0,0.8702±0.0348
chestxray_resnet,LGBM,BinaryVector,cc,mfrd,0.0,0.8508±0.0493
chestxray_resnet,LGBM,BinaryVector,clr,mfrd,0.0,0.9867±0.0064
chestxray_resnet,LGBM,BinaryVector,ecc,mfrd,0.0,0.9962±0.0053
chestxray_resnet,LGBM,BinaryVector,PartialOrder__Hamming__2,mfrd,0.1,0.9270±0.0074
chestxray_resnet,LGBM,BinaryVector,PartialOrder__Hamming__None,mfrd,0.1,0.9284±0.0079
chestxray_resnet,LGBM,BinaryVector,PartialOrder__Subset__2,mfrd,0.1,0.9271±0.0074
chestxray_resnet,LGBM,BinaryVector,PartialOrder__Subset__None,mfrd,0.1,0.9285±0.0080
chestxray_resnet,LGBM,BinaryVector,PreOrder__Hamming__2,mfrd,0.1,0.8322±0.0128
chestxray_resnet,LGBM,BinaryVector,PreOrder__Hamming__None,mfrd,0.1,0.8385±0.0138
chestxray_resnet,LGBM,BinaryVector,PreOrder__Subset__2,mfrd,0.1,0.8297±0.0132
chestxray_resnet,LGBM,BinaryVector,PreOrder__Subset__None,mfrd,0.1,0.8387±0.0144
chestxray_resnet,LGBM,BinaryVector,br,mfrd,0.1,0.5157±0.0551
chestxray_resnet,LGBM,BinaryVector,cc,mfrd,0.1,0.5291±0.0473
chestxray_resnet,LGBM,BinaryVector,clr,mfrd,0.1,0.9819±0.0081
chestxray_resnet,LGBM,BinaryVector,ecc,mfrd,0.1,0.8382±0.0286
chestxray_resnet,LGBM,BinaryVector,PartialOrder__Hamming__2,mfrd,0.2,0.9500±0.0055
chestxray_resnet,LGBM,BinaryVector,PartialOrder__Hamming__None,mfrd,0.2,0.9504±0.0055
chestxray_resnet,LGBM,BinaryVector,PartialOrder__Subset__2,mfrd,0.2,0.9499±0.0055
chestxray_resnet,LGBM,BinaryVector,PartialOrder__Subset__None,mfrd,0.2,0.9503±0.0054
chestxray_resnet,LGBM,BinaryVector,PreOrder__Hamming__2,mfrd,0.2,0.8223±0.0109
chestxray_resnet,LGBM,BinaryVector,PreOrder__Hamming__None,mfrd,0.2,0.8336±0.0092
chestxray_resnet,LGBM,BinaryVector,PreOrder__Subset__2,mfrd,0.2,0.8196±0.0118
chestxray_resnet,LGBM,BinaryVector,PreOrder__Subset__None,mfrd,0.2,0.8332±0.0093
chestxray_resnet,LGBM,BinaryVector,br,mfrd,0.2,0.3514±0.0291
chestxray_resnet,LGBM,BinaryVector,cc,mfrd,0.2,0.3411±0.0293
chestxray_resnet,LGBM,BinaryVector,clr,mfrd,0.2,0.9568±0.0168
chestxray_resnet,LGBM,BinaryVector,ecc,mfrd,0.2,0.6866±0.0378
chestxray_resnet,LGBM,BinaryVector,PartialOrder__Hamming__2,mfrd,0.3,0.9421±0.0028
chestxray_resnet,LGBM,BinaryVector,PartialOrder__Hamming__None,mfrd,0.3,0.9435±0.0030
chestxray_resnet,LGBM,BinaryVector,PartialOrder__Subset__2,mfrd,0.3,0.9422±0.0027
chestxray_resnet,LGBM,BinaryVector,PartialOrder__Subset__None,mfrd,0.3,0.9436±0.0028
chestxray_resnet,LGBM,BinaryVector,PreOrder__Hamming__2,mfrd,0.3,0.7272±0.0118
chestxray_resnet,LGBM,BinaryVector,PreOrder__Hamming__None,mfrd,0.3,0.7538±0.0087
chestxray_resnet,LGBM,BinaryVector,PreOrder__Subset__2,mfrd,0.3,0.7243±0.0116
chestxray_resnet,LGBM,BinaryVector,PreOrder__Subset__None,mfrd,0.3,0.7535±0.0084
chestxray_resnet,LGBM,BinaryVector,br,mfrd,0.3,0.2135±0.0408
chestxray_resnet,LGBM,BinaryVector,cc,mfrd,0.3,0.2012±0.0525
chestxray_resnet,LGBM,BinaryVector,clr,mfrd,0.3,0.9290±0.0267
chestxray_resnet,LGBM,BinaryVector,ecc,mfrd,0.3,0.3956±0.0674
chestxray_resnet,LGBM,BinaryVector,PartialOrder__Hamming__2,micro_f1,0.0,0.1998±0.0022
chestxray_resnet,LGBM,BinaryVector,PartialOrder__Hamming__None,micro_f1,0.0,0.2001±0.0022
chestxray_resnet,LGBM,BinaryVector,PartialOrder__Subset__2,micro_f1,0.0,0.1998±0.0022
chestxray_resnet,LGBM,BinaryVector,PartialOrder__Subset__None,micro_f1,0.0,0.2001±0.0022
chestxray_resnet,LGBM,BinaryVector,PreOrder__Hamming__2,micro_f1,0.0,0.1960±0.0021
chestxray_resnet,LGBM,BinaryVector,PreOrder__Hamming__None,micro_f1,0.0,0.1967±0.0023
chestxray_resnet,LGBM,BinaryVector,PreOrder__Subset__2,micro_f1,0.0,0.1958±0.0021
chestxray_resnet,LGBM,BinaryVector,PreOrder__Subset__None,micro_f1,0.0,0.1966±0.0022
chestxray_resnet,LGBM,BinaryVector,br,micro_f1,0.0,0.4102±0.0056
chestxray_resnet,LGBM,BinaryVector,cc,micro_f1,0.0,0.4034±0.0071
chestxray_resnet,LGBM,BinaryVector,clr,micro_f1,0.0,0.4212±0.0068
chestxray_resnet,LGBM,BinaryVector,ecc,micro_f1,0.0,0.4329±0.0060
chestxray_resnet,LGBM,BinaryVector,PartialOrder__Hamming__2,micro_f1,0.1,0.1971±0.0022
chestxray_resnet,LGBM,BinaryVector,PartialOrder__Hamming__None,micro_f1,0.1,0.1972±0.0021
chestxray_resnet,LGBM,BinaryVector,PartialOrder__Subset__2,micro_f1,0.1,0.1971±0.0022
chestxray_resnet,LGBM,BinaryVector,PartialOrder__Subset__None,micro_f1,0.1,0.1972±0.0021
chestxray_resnet,LGBM,BinaryVector,PreOrder__Hamming__2,micro_f1,0.1,0.1962±0.0026
chestxray_resnet,LGBM,BinaryVector,PreOrder__Hamming__None,micro_f1,0.1,0.1968±0.0028
chestxray_resnet,LGBM,BinaryVector,PreOrder__Subset__2,micro_f1,0.1,0.1959±0.0027
chestxray_resnet,LGBM,BinaryVector,PreOrder__Subset__None,micro_f1,0.1,0.1967±0.0028
chestxray_resnet,LGBM,BinaryVector,br,micro_f1,0.1,0.3490±0.0059
chestxray_resnet,LGBM,BinaryVector,cc,micro_f1,0.1,0.3505±0.0040
chestxray_resnet,LGBM,BinaryVector,clr,micro_f1,0.1,0.4142±0.0071
chestxray_resnet,LGBM,BinaryVector,ecc,micro_f1,0.1,0.4010±0.0068
chestxray_resnet,LGBM,BinaryVector,PartialOrder__Hamming__2,micro_f1,0.2,0.1945±0.0022
chestxray_resnet,LGBM,BinaryVector,PartialOrder__Hamming__None,micro_f1,0.2,0.1945±0.0022
chestxray_resnet,LGBM,BinaryVector,PartialOrder__Subset__2,micro_f1,0.2,0.1945±0.0022
chestxray_resnet,LGBM,BinaryVector,PartialOrder__Subset__None,micro_f1,0.2,0.1945±0.0022
chestxray_resnet,LGBM,BinaryVector,PreOrder__Hamming__2,micro_f1,0.2,0.1953±0.0019
chestxray_resnet,LGBM,BinaryVector,PreOrder__Hamming__None,micro_f1,0.2,0.1962±0.0019
chestxray_resnet,LGBM,BinaryVector,PreOrder__Subset__2,micro_f1,0.2,0.1949±0.0020
chestxray_resnet,LGBM,BinaryVector,PreOrder__Subset__None,micro_f1,0.2,0.1961±0.0019
chestxray_resnet,LGBM,BinaryVector,br,micro_f1,0.2,0.3054±0.0048
chestxray_resnet,LGBM,BinaryVector,cc,micro_f1,0.2,0.3075±0.0046
chestxray_resnet,LGBM,BinaryVector,clr,micro_f1,0.2,0.3886±0.0065
chestxray_resnet,LGBM,BinaryVector,ecc,micro_f1,0.2,0.3544±0.0062
chestxray_resnet,LGBM,BinaryVector,PartialOrder__Hamming__2,micro_f1,0.3,0.1930±0.0030
chestxray_resnet,LGBM,BinaryVector,PartialOrder__Hamming__None,micro_f1,0.3,0.1931±0.0030
chestxray_resnet,LGBM,BinaryVector,PartialOrder__Subset__2,micro_f1,0.3,0.1930±0.0030
chestxray_resnet,LGBM,BinaryVector,PartialOrder__Subset__None,micro_f1,0.3,0.1931±0.0030
chestxray_resnet,LGBM,BinaryVector,PreOrder__Hamming__2,micro_f1,0.3,0.1986±0.0031
chestxray_resnet,LGBM,BinaryVector,PreOrder__Hamming__None,micro_f1,0.3,0.2001±0.0031
chestxray_resnet,LGBM,BinaryVector,PreOrder__Subset__2,micro_f1,0.3,0.1982±0.0030
chestxray_resnet,LGBM,BinaryVector,PreOrder__Subset__None,micro_f1,0.3,0.2000±0.0031
chestxray_resnet,LGBM,BinaryVector,br,micro_f1,0.3,0.2655±0.0033
chestxray_resnet,LGBM,BinaryVector,cc,micro_f1,0.3,0.2653±0.0047
chestxray_resnet,LGBM,BinaryVector,clr,micro_f1,0.3,0.3248±0.0050
chestxray_resnet,LGBM,BinaryVector,ecc,micro_f1,0.3,0.3045±0.0024
chestxray_resnet,LGBM,BinaryVector,PartialOrder__Hamming__2,micro_precision,0.0,0.1119±0.0014
chestxray_resnet,LGBM,BinaryVector,PartialOrder__Hamming__None,micro_precision,0.0,0.1120±0.0014
chestxray_resnet,LGBM,BinaryVector,PartialOrder__Subset__2,micro_precision,0.0,0.1119±0.0014
chestxray_resnet,LGBM,BinaryVector,PartialOrder__Subset__None,micro_precision,0.0,0.1120±0.0014
chestxray_resnet,LGBM,BinaryVector,PreOrder__Hamming__2,micro_precision,0.0,0.1101±0.0013
chestxray_resnet,LGBM,BinaryVector,PreOrder__Hamming__None,micro_precision,0.0,0.1105±0.0015
chestxray_resnet,LGBM,BinaryVector,PreOrder__Subset__2,micro_precision,0.0,0.1100±0.0014
chestxray_resnet,LGBM,BinaryVector,PreOrder__Subset__None,micro_precision,0.0,0.1104±0.0014
chestxray_resnet,LGBM,BinaryVector,br,micro_precision,0.0,0.3117±0.0056
chestxray_resnet,LGBM,BinaryVector,cc,micro_precision,0.0,0.2969±0.0059
chestxray_resnet,LGBM,BinaryVector,clr,micro_precision,0.0,0.3784±0.0066
chestxray_resnet,LGBM,BinaryVector,ecc,micro_precision,0.0,0.3503±0.0062
chestxray_resnet,LGBM,BinaryVector,PartialOrder__Hamming__2,micro_precision,0.1,0.1099±0.0014
chestxray_resnet,LGBM,BinaryVector,PartialOrder__Hamming__None,micro_precision,0.1,0.1100±0.0013
chestxray_resnet,LGBM,BinaryVector,PartialOrder__Subset__2,micro_precision,0.1,0.1099±0.0014
chestxray_resnet,LGBM,BinaryVector,PartialOrder__Subset__None,micro_precision,0.1,0.1100±0.0013
chestxray_resnet,LGBM,BinaryVector,PreOrder__Hamming__2,micro_precision,0.1,0.1101±0.0016
chestxray_resnet,LGBM,BinaryVector,PreOrder__Hamming__None,micro_precision,0.1,0.1104±0.0017
chestxray_resnet,LGBM,BinaryVector,PreOrder__Subset__2,micro_precision,0.1,0.1099±0.0016
chestxray_resnet,LGBM,BinaryVector,PreOrder__Subset__None,micro_precision,0.1,0.1104±0.0017
chestxray_resnet,LGBM,BinaryVector,br,micro_precision,0.1,0.2413±0.0046
chestxray_resnet,LGBM,BinaryVector,cc,micro_precision,0.1,0.2397±0.0035
chestxray_resnet,LGBM,BinaryVector,clr,micro_precision,0.1,0.3617±0.0081
chestxray_resnet,LGBM,BinaryVector,ecc,micro_precision,0.1,0.2999±0.0067
chestxray_resnet,LGBM,BinaryVector,PartialOrder__Hamming__2,micro_precision,0.2,0.1081±0.0013
chestxray_resnet,LGBM,BinaryVector,PartialOrder__Hamming__None,micro_precision,0.2,0.1081±0.0013
chestxray_resnet,LGBM,BinaryVector,PartialOrder__Subset__2,micro_precision,0.2,0.1081±0.0013
chestxray_resnet,LGBM,BinaryVector,PartialOrder__Subset__None,micro_precision,0.2,0.1081±0.0013
chestxray_resnet,LGBM,BinaryVector,PreOrder__Hamming__2,micro_precision,0.2,0.1097±0.0012
chestxray_resnet,LGBM,BinaryVector,PreOrder__Hamming__None,micro_precision,0.2,0.1102±0.0011
chestxray_resnet,LGBM,BinaryVector,PreOrder__Subset__2,micro_precision,0.2,0.1095±0.0012
chestxray_resnet,LGBM,BinaryVector,PreOrder__Subset__None,micro_precision,0.2,0.1101±0.0012
chestxray_resnet,LGBM,BinaryVector,br,micro_precision,0.2,0.2011±0.0037
chestxray_resnet,LGBM,BinaryVector,cc,micro_precision,0.2,0.2020±0.0035
chestxray_resnet,LGBM,BinaryVector,clr,micro_precision,0.2,0.3608±0.0111
chestxray_resnet,LGBM,BinaryVector,ecc,micro_precision,0.2,0.2490±0.0057
chestxray_resnet,LGBM,BinaryVector,PartialOrder__Hamming__2,micro_precision,0.3,0.1072±0.0018
chestxray_resnet,LGBM,BinaryVector,PartialOrder__Hamming__None,micro_precision,0.3,0.1072±0.0018
chestxray_resnet,LGBM,BinaryVector,PartialOrder__Subset__2,micro_precision,0.3,0.1072±0.0018
chestxray_resnet,LGBM,BinaryVector,PartialOrder__Subset__None,micro_precision,0.3,0.1072±0.0018
chestxray_resnet,LGBM,BinaryVector,PreOrder__Hamming__2,micro_precision,0.3,0.1127±0.0019
chestxray_resnet,LGBM,BinaryVector,PreOrder__Hamming__None,micro_precision,0.3,0.1134±0.0020
chestxray_resnet,LGBM,BinaryVector,PreOrder__Subset__2,micro_precision,0.3,0.1124±0.0019
chestxray_resnet,LGBM,BinaryVector,PreOrder__Subset__None,micro_precision,0.3,0.1133±0.0020
chestxray_resnet,LGBM,BinaryVector,br,micro_precision,0.3,0.1685±0.0026
chestxray_resnet,LGBM,BinaryVector,cc,micro_precision,0.3,0.1685±0.0035
chestxray_resnet,LGBM,BinaryVector,clr,micro_precision,0.3,0.3439±0.0058
chestxray_resnet,LGBM,BinaryVector,ecc,micro_precision,0.3,0.1998±0.0024
chestxray_resnet,LGBM,BinaryVector,PartialOrder__Hamming__2,micro_recall,0.0,0.9330±0.0028
chestxray_resnet,LGBM,BinaryVector,PartialOrder__Hamming__None,micro_recall,0.0,0.9348±0.0028
chestxray_resnet,LGBM,BinaryVector,PartialOrder__Subset__2,micro_recall,0.0,0.9330±0.0027
chestxray_resnet,LGBM,BinaryVector,PartialOrder__Subset__None,micro_recall,0.0,0.9349±0.0029
chestxray_resnet,LGBM,BinaryVector,PreOrder__Hamming__2,micro_recall,0.0,0.8912±0.0038
chestxray_resnet,LGBM,BinaryVector,PreOrder__Hamming__None,micro_recall,0.0,0.8941±0.0038
chestxray_resnet,LGBM,BinaryVector,PreOrder__Subset__2,micro_recall,0.0,0.8912±0.0040
chestxray_resnet,LGBM,BinaryVector,PreOrder__Subset__None,micro_recall,0.0,0.8951±0.0038
chestxray_resnet,LGBM,BinaryVector,br,micro_recall,0.0,0.5995±0.0044
chestxray_resnet,LGBM,BinaryVector,cc,micro_recall,0.0,0.6291±0.0082
chestxray_resnet,LGBM,BinaryVector,clr,micro_recall,0.0,0.4748±0.0080
chestxray_resnet,LGBM,BinaryVector,ecc,micro_recall,0.0,0.5664±0.0056
chestxray_resnet,LGBM,BinaryVector,PartialOrder__Hamming__2,micro_recall,0.1,0.9558±0.0033
chestxray_resnet,LGBM,BinaryVector,PartialOrder__Hamming__None,micro_recall,0.1,0.9568±0.0034
chestxray_resnet,LGBM,BinaryVector,PartialOrder__Subset__2,micro_recall,0.1,0.9557±0.0033
chestxray_resnet,LGBM,BinaryVector,PartialOrder__Subset__None,micro_recall,0.1,0.9568±0.0034
chestxray_resnet,LGBM,BinaryVector,PreOrder__Hamming__2,micro_recall,0.1,0.8988±0.0081
chestxray_resnet,LGBM,BinaryVector,PreOrder__Hamming__None,micro_recall,0.1,0.9027±0.0081
chestxray_resnet,LGBM,BinaryVector,PreOrder__Subset__2,micro_recall,0.1,0.8975±0.0081
chestxray_resnet,LGBM,BinaryVector,PreOrder__Subset__None,micro_recall,0.1,0.9028±0.0080
chestxray_resnet,LGBM,BinaryVector,br,micro_recall,0.1,0.6307±0.0073
chestxray_resnet,LGBM,BinaryVector,cc,micro_recall,0.1,0.6520±0.0052
chestxray_resnet,LGBM,BinaryVector,clr,micro_recall,0.1,0.4846±0.0054
chestxray_resnet,LGBM,BinaryVector,ecc,micro_recall,0.1,0.6053±0.0044
chestxray_resnet,LGBM,BinaryVector,PartialOrder__Hamming__2,micro_recall,0.2,0.9699±0.0020
chestxray_resnet,LGBM,BinaryVector,PartialOrder__Hamming__None,micro_recall,0.2,0.9703±0.0017
chestxray_resnet,LGBM,BinaryVector,PartialOrder__Subset__2,micro_recall,0.2,0.9699±0.0020
chestxray_resnet,LGBM,BinaryVector,PartialOrder__Subset__None,micro_recall,0.2,0.9703±0.0017
chestxray_resnet,LGBM,BinaryVector,PreOrder__Hamming__2,micro_recall,0.2,0.8877±0.0053
chestxray_resnet,LGBM,BinaryVector,PreOrder__Hamming__None,micro_recall,0.2,0.8946±0.0054
chestxray_resnet,LGBM,BinaryVector,PreOrder__Subset__2,micro_recall,0.2,0.8860±0.0056
chestxray_resnet,LGBM,BinaryVector,PreOrder__Subset__None,micro_recall,0.2,0.8943±0.0058
chestxray_resnet,LGBM,BinaryVector,br,micro_recall,0.2,0.6347±0.0077
chestxray_resnet,LGBM,BinaryVector,cc,micro_recall,0.2,0.6441±0.0057
chestxray_resnet,LGBM,BinaryVector,clr,micro_recall,0.2,0.4213±0.0033
chestxray_resnet,LGBM,BinaryVector,ecc,micro_recall,0.2,0.6143±0.0056
chestxray_resnet,LGBM,BinaryVector,PartialOrder__Hamming__2,micro_recall,0.3,0.9678±0.0025
chestxray_resnet,LGBM,BinaryVector,PartialOrder__Hamming__None,micro_recall,0.3,0.9686±0.0024
chestxray_resnet,LGBM,BinaryVector,PartialOrder__Subset__2,micro_recall,0.3,0.9678±0.0026
chestxray_resnet,LGBM,BinaryVector,PartialOrder__Subset__None,micro_recall,0.3,0.9685±0.0024
chestxray_resnet,LGBM,BinaryVector,PreOrder__Hamming__2,micro_recall,0.3,0.8375±0.0085
chestxray_resnet,LGBM,BinaryVector,PreOrder__Hamming__None,micro_recall,0.3,0.8512±0.0080
chestxray_resnet,LGBM,BinaryVector,PreOrder__Subset__2,micro_recall,0.3,0.8353±0.0085
chestxray_resnet,LGBM,BinaryVector,PreOrder__Subset__None,micro_recall,0.3,0.8510±0.0077
chestxray_resnet,LGBM,BinaryVector,br,micro_recall,0.3,0.6265±0.0027
chestxray_resnet,LGBM,BinaryVector,cc,micro_recall,0.3,0.6233±0.0086
chestxray_resnet,LGBM,BinaryVector,clr,micro_recall,0.3,0.3079±0.0072
chestxray_resnet,LGBM,BinaryVector,ecc,micro_recall,0.3,0.6396±0.0047
chestxray_resnet,LGBM,BinaryVector,PartialOrder__Hamming__2,subset0_1,0.0,0.0129±0.0003
chestxray_resnet,LGBM,BinaryVector,PartialOrder__Hamming__None,subset0_1,0.0,0.0127±0.0006
chestxray_resnet,LGBM,BinaryVector,PartialOrder__Subset__2,subset0_1,0.0,0.0128±0.0003
chestxray_resnet,LGBM,BinaryVector,PartialOrder__Subset__None,subset0_1,0.0,0.0127±0.0006
chestxray_resnet,LGBM,BinaryVector,PreOrder__Hamming__2,subset0_1,0.0,0.0179±0.0007
chestxray_resnet,LGBM,BinaryVector,PreOrder__Hamming__None,subset0_1,0.0,0.0175±0.0007
chestxray_resnet,LGBM,BinaryVector,PreOrder__Subset__2,subset0_1,0.0,0.0181±0.0009
chestxray_resnet,LGBM,BinaryVector,PreOrder__Subset__None,subset0_1,0.0,0.0173±0.0006
chestxray_resnet,LGBM,BinaryVector,br,subset0_1,0.0,0.2461±0.0063
chestxray_resnet,LGBM,BinaryVector,cc,subset0_1,0.0,0.2455±0.0074
chestxray_resnet,LGBM,BinaryVector,clr,subset0_1,0.0,0.3353±0.0052
chestxray_resnet,LGBM,BinaryVector,ecc,subset0_1,0.0,0.3012±0.0063
chestxray_resnet,LGBM,BinaryVector,PartialOrder__Hamming__2,subset0_1,0.1,0.0050±0.0013
chestxray_resnet,LGBM,BinaryVector,PartialOrder__Hamming__None,subset0_1,0.1,0.0049±0.0012
chestxray_resnet,LGBM,BinaryVector,PartialOrder__Subset__2,subset0_1,0.1,0.0050±0.0013
chestxray_resnet,LGBM,BinaryVector,PartialOrder__Subset__None,subset0_1,0.1,0.0049±0.0012
chestxray_resnet,LGBM,BinaryVector,PreOrder__Hamming__2,subset0_1,0.1,0.0120±0.0028
chestxray_resnet,LGBM,BinaryVector,PreOrder__Hamming__None,subset0_1,0.1,0.0109±0.0018
chestxray_resnet,LGBM,BinaryVector,PreOrder__Subset__2,subset0_1,0.1,0.0123±0.0027
chestxray_resnet,LGBM,BinaryVector,PreOrder__Subset__None,subset0_1,0.1,0.0108±0.0018
chestxray_resnet,LGBM,BinaryVector,br,subset0_1,0.1,0.1464±0.0081
chestxray_resnet,LGBM,BinaryVector,cc,subset0_1,0.1,0.1476±0.0049
chestxray_resnet,LGBM,BinaryVector,clr,subset0_1,0.1,0.3166±0.0063
chestxray_resnet,LGBM,BinaryVector,ecc,subset0_1,0.1,0.2363±0.0051
chestxray_resnet,LGBM,BinaryVector,PartialOrder__Hamming__2,subset0_1,0.2,0.0011±0.0003
chestxray_resnet,LGBM,BinaryVector,PartialOrder__Hamming__None,subset0_1,0.2,0.0010±0.0002
chestxray_resnet,LGBM,BinaryVector,PartialOrder__Subset__2,subset0_1,0.2,0.0011±0.0002
chestxray_resnet,LGBM,BinaryVector,PartialOrder__Subset__None,subset0_1,0.2,0.0010±0.0002
chestxray_resnet,LGBM,BinaryVector,PreOrder__Hamming__2,subset0_1,0.2,0.0065±0.0009
chestxray_resnet,LGBM,BinaryVector,PreOrder__Hamming__None,subset0_1,0.2,0.0058±0.0007
chestxray_resnet,LGBM,BinaryVector,PreOrder__Subset__2,subset0_1,0.2,0.0064±0.0010
chestxray_resnet,LGBM,BinaryVector,PreOrder__Subset__None,subset0_1,0.2,0.0057±0.0007
chestxray_resnet,LGBM,BinaryVector,br,subset0_1,0.2,0.0743±0.0053
chestxray_resnet,LGBM,BinaryVector,cc,subset0_1,0.2,0.0792±0.0044
chestxray_resnet,LGBM,BinaryVector,clr,subset0_1,0.2,0.3277±0.0062
chestxray_resnet,LGBM,BinaryVector,ecc,subset0_1,0.2,0.1599±0.0076
chestxray_resnet,LGBM,BinaryVector,PartialOrder__Hamming__2,subset0_1,0.3,0.0001±0.0001
chestxray_resnet,LGBM,BinaryVector,PartialOrder__Hamming__None,subset0_1,0.3,0.0001±0.0001
chestxray_resnet,LGBM,BinaryVector,PartialOrder__Subset__2,subset0_1,0.3,0.0001±0.0001
chestxray_resnet,LGBM,BinaryVector,PartialOrder__Subset__None,subset0_1,0.3,0.0001±0.0001
chestxray_resnet,LGBM,BinaryVector,PreOrder__Hamming__2,subset0_1,0.3,0.0049±0.0003
chestxray_resnet,LGBM,BinaryVector,PreOrder__Hamming__None,subset0_1,0.3,0.0034±0.0007
chestxray_resnet,LGBM,BinaryVector,PreOrder__Subset__2,subset0_1,0.3,0.0050±0.0003
chestxray_resnet,LGBM,BinaryVector,PreOrder__Subset__None,subset0_1,0.3,0.0033±0.0007
chestxray_resnet,LGBM,BinaryVector,br,subset0_1,0.3,0.0339±0.0028
chestxray_resnet,LGBM,BinaryVector,cc,subset0_1,0.3,0.0357±0.0035
chestxray_resnet,LGBM,BinaryVector,clr,subset0_1,0.3,0.3457±0.0054
chestxray_resnet,LGBM,BinaryVector,ecc,subset0_1,0.3,0.0748±0.0060
chestxray_resnet,LGBM,PartialAbstention,PartialOrder__Hamming__2,aabs,0.0,0.8304±0.0025
chestxray_resnet,LGBM,PartialAbstention,PartialOrder__Hamming__None,aabs,0.0,0.8303±0.0024
chestxray_resnet,LGBM,PartialAbstention,PartialOrder__Subset__2,aabs,0.0,0.8304±0.0025
chestxray_resnet,LGBM,PartialAbstention,PartialOrder__Subset__None,aabs,0.0,0.8304±0.0025
chestxray_resnet,LGBM,PartialAbstention,PreOrder__Hamming__2,aabs,0.0,0.7991±0.0045
chestxray_resnet,LGBM,PartialAbstention,PreOrder__Hamming__None,aabs,0.0,0.7973±0.0046
chestxray_resnet,LGBM,PartialAbstention,PreOrder__Subset__2,aabs,0.0,0.8008±0.0044
chestxray_resnet,LGBM,PartialAbstention,PreOrder__Subset__None,aabs,0.0,0.7986±0.0044
chestxray_resnet,LGBM,PartialAbstention,PartialOrder__Hamming__2,aabs,0.1,0.8745±0.0058
chestxray_resnet,LGBM,PartialAbstention,PartialOrder__Hamming__None,aabs,0.1,0.8745±0.0058
chestxray_resnet,LGBM,PartialAbstention,PartialOrder__Subset__2,aabs,0.1,0.8745±0.0058
chestxray_resnet,LGBM,PartialAbstention,PartialOrder__Subset__None,aabs,0.1,0.8745±0.0058
chestxray_resnet,LGBM,PartialAbstention,PreOrder__Hamming__2,aabs,0.1,0.8041±0.0092
chestxray_resnet,LGBM,PartialAbstention,PreOrder__Hamming__None,aabs,0.1,0.8035±0.0093
chestxray_resnet,LGBM,PartialAbstention,PreOrder__Subset__2,aabs,0.1,0.8047±0.0093
chestxray_resnet,LGBM,PartialAbstention,PreOrder__Subset__None,aabs,0.1,0.8040±0.0092
chestxray_resnet,LGBM,PartialAbstention,PartialOrder__Hamming__2,aabs,0.2,0.9071±0.0053
chestxray_resnet,LGBM,PartialAbstention,PartialOrder__Hamming__None,aabs,0.2,0.9071±0.0053
chestxray_resnet,LGBM,PartialAbstention,PartialOrder__Subset__2,aabs,0.2,0.9071±0.0053
chestxray_resnet,LGBM,PartialAbstention,PartialOrder__Subset__None,aabs,0.2,0.9071±0.0053
chestxray_resnet,LGBM,PartialAbstention,PreOrder__Hamming__2,aabs,0.2,0.7801±0.0088
chestxray_resnet,LGBM,PartialAbstention,PreOrder__Hamming__None,aabs,0.2,0.7799±0.0089
chestxray_resnet,LGBM,PartialAbstention,PreOrder__Subset__2,aabs,0.2,0.7806±0.0089
chestxray_resnet,LGBM,PartialAbstention,PreOrder__Subset__None,aabs,0.2,0.7802±0.0088
chestxray_resnet,LGBM,PartialAbstention,PartialOrder__Hamming__2,aabs,0.3,0.9062±0.0024
chestxray_resnet,LGBM,PartialAbstention,PartialOrder__Hamming__None,aabs,0.3,0.9062±0.0024
chestxray_resnet,LGBM,PartialAbstention,PartialOrder__Subset__2,aabs,0.3,0.9062±0.0023
chestxray_resnet,LGBM,PartialAbstention,PartialOrder__Subset__None,aabs,0.3,0.9062±0.0023
chestxray_resnet,LGBM,PartialAbstention,PreOrder__Hamming__2,aabs,0.3,0.6492±0.0053
chestxray_resnet,LGBM,PartialAbstention,PreOrder__Hamming__None,aabs,0.3,0.6482±0.0052
chestxray_resnet,LGBM,PartialAbstention,PreOrder__Subset__2,aabs,0.3,0.6500±0.0053
chestxray_resnet,LGBM,PartialAbstention,PreOrder__Subset__None,aabs,0.3,0.6490±0.0052
chestxray_resnet,LGBM,PartialAbstention,PartialOrder__Hamming__2,abs,0.0,0.9704±0.0015
chestxray_resnet,LGBM,PartialAbstention,PartialOrder__Hamming__None,abs,0.0,0.9705±0.0014
chestxray_resnet,LGBM,PartialAbstention,PartialOrder__Subset__2,abs,0.0,0.9704±0.0015
chestxray_resnet,LGBM,PartialAbstention,PartialOrder__Subset__None,abs,0.0,0.9705±0.0015
chestxray_resnet,LGBM,PartialAbstention,PreOrder__Hamming__2,abs,0.0,0.9456±0.0043
chestxray_resnet,LGBM,PartialAbstention,PreOrder__Hamming__None,abs,0.0,0.9446±0.0043
chestxray_resnet,LGBM,PartialAbstention,PreOrder__Subset__2,abs,0.0,0.9466±0.0041
chestxray_resnet,LGBM,PartialAbstention,PreOrder__Subset__None,abs,0.0,0.9453±0.0040
chestxray_resnet,LGBM,PartialAbstention,PartialOrder__Hamming__2,abs,0.1,0.9896±0.0017
chestxray_resnet,LGBM,PartialAbstention,PartialOrder__Hamming__None,abs,0.1,0.9895±0.0018
chestxray_resnet,LGBM,PartialAbstention,PartialOrder__Subset__2,abs,0.1,0.9896±0.0017
chestxray_resnet,LGBM,PartialAbstention,PartialOrder__Subset__None,abs,0.1,0.9896±0.0018
chestxray_resnet,LGBM,PartialAbstention,PreOrder__Hamming__2,abs,0.1,0.9594±0.0050
chestxray_resnet,LGBM,PartialAbstention,PreOrder__Hamming__None,abs,0.1,0.9596±0.0050
chestxray_resnet,LGBM,PartialAbstention,PreOrder__Subset__2,abs,0.1,0.9597±0.0049
chestxray_resnet,LGBM,PartialAbstention,PreOrder__Subset__None,abs,0.1,0.9601±0.0050
chestxray_resnet,LGBM,PartialAbstention,PartialOrder__Hamming__2,abs,0.2,0.9963±0.0008
chestxray_resnet,LGBM,PartialAbstention,PartialOrder__Hamming__None,abs,0.2,0.9963±0.0008
chestxray_resnet,LGBM,PartialAbstention,PartialOrder__Subset__2,abs,0.2,0.9964±0.0008
chestxray_resnet,LGBM,PartialAbstention,PartialOrder__Subset__None,abs,0.2,0.9964±0.0008
chestxray_resnet,LGBM,PartialAbstention,PreOrder__Hamming__2,abs,0.2,0.9734±0.0042
chestxray_resnet,LGBM,PartialAbstention,PreOrder__Hamming__None,abs,0.2,0.9734±0.0039
chestxray_resnet,LGBM,PartialAbstention,PreOrder__Subset__2,abs,0.2,0.9737±0.0042
chestxray_resnet,LGBM,PartialAbstention,PreOrder__Subset__None,abs,0.2,0.9736±0.0039
chestxray_resnet,LGBM,PartialAbstention,PartialOrder__Hamming__2,abs,0.3,0.9977±0.0011
chestxray_resnet,LGBM,PartialAbstention,PartialOrder__Hamming__None,abs,0.3,0.9977±0.0010
chestxray_resnet,LGBM,PartialAbstention,PartialOrder__Subset__2,abs,0.3,0.9977±0.0011
chestxray_resnet,LGBM,PartialAbstention,PartialOrder__Subset__None,abs,0.3,0.9977±0.0011
chestxray_resnet,LGBM,PartialAbstention,PreOrder__Hamming__2,abs,0.3,0.9599±0.0036
chestxray_resnet,LGBM,PartialAbstention,PreOrder__Hamming__None,abs,0.3,0.9610±0.0033
chestxray_resnet,LGBM,PartialAbstention,PreOrder__Subset__2,abs,0.3,0.9600±0.0035
chestxray_resnet,LGBM,PartialAbstention,PreOrder__Subset__None,abs,0.3,0.9615±0.0031
chestxray_resnet,LGBM,PartialAbstention,PartialOrder__Hamming__2,arec,0.0,0.9691±0.0008
chestxray_resnet,LGBM,PartialAbstention,PartialOrder__Hamming__None,arec,0.0,0.9690±0.0008
chestxray_resnet,LGBM,PartialAbstention,PartialOrder__Subset__2,arec,0.0,0.9692±0.0008
chestxray_resnet,LGBM,PartialAbstention,PartialOrder__Subset__None,arec,0.0,0.9691±0.0008
chestxray_resnet,LGBM,PartialAbstention,PreOrder__Hamming__2,arec,0.0,0.9615±0.0013
chestxray_resnet,LGBM,PartialAbstention,PreOrder__Hamming__None,arec,0.0,0.9607±0.0016
chestxray_resnet,LGBM,PartialAbstention,PreOrder__Subset__2,arec,0.0,0.9619±0.0012
chestxray_resnet,LGBM,PartialAbstention,PreOrder__Subset__None,arec,0.0,0.9609±0.0015
chestxray_resnet,LGBM,PartialAbstention,PartialOrder__Hamming__2,arec,0.1,0.9750±0.0008
chestxray_resnet,LGBM,PartialAbstention,PartialOrder__Hamming__None,arec,0.1,0.9749±0.0008
chestxray_resnet,LGBM,PartialAbstention,PartialOrder__Subset__2,arec,0.1,0.9751±0.0008
chestxray_resnet,LGBM,PartialAbstention,PartialOrder__Subset__None,arec,0.1,0.9749±0.0008
chestxray_resnet,LGBM,PartialAbstention,PreOrder__Hamming__2,arec,0.1,0.9606±0.0020
chestxray_resnet,LGBM,PartialAbstention,PreOrder__Hamming__None,arec,0.1,0.9598±0.0022
chestxray_resnet,LGBM,PartialAbstention,PreOrder__Subset__2,arec,0.1,0.9609±0.0020
chestxray_resnet,LGBM,PartialAbstention,PreOrder__Subset__None,arec,0.1,0.9599±0.0022
chestxray_resnet,LGBM,PartialAbstention,PartialOrder__Hamming__2,arec,0.2,0.9764±0.0012
chestxray_resnet,LGBM,PartialAbstention,PartialOrder__Hamming__None,arec,0.2,0.9761±0.0013
chestxray_resnet,LGBM,PartialAbstention,PartialOrder__Subset__2,arec,0.2,0.9764±0.0012
chestxray_resnet,LGBM,PartialAbstention,PartialOrder__Subset__None,arec,0.2,0.9761±0.0013
chestxray_resnet,LGBM,PartialAbstention,PreOrder__Hamming__2,arec,0.2,0.9460±0.0016
chestxray_resnet,LGBM,PartialAbstention,PreOrder__Hamming__None,arec,0.2,0.9445±0.0019
chestxray_resnet,LGBM,PartialAbstention,PreOrder__Subset__2,arec,0.2,0.9461±0.0016
chestxray_resnet,LGBM,PartialAbstention,PreOrder__Subset__None,arec,0.2,0.9445±0.0019
chestxray_resnet,LGBM,PartialAbstention,PartialOrder__Hamming__2,arec,0.3,0.9669±0.0013
chestxray_resnet,LGBM,PartialAbstention,PartialOrder__Hamming__None,arec,0.3,0.9666±0.0014
chestxray_resnet,LGBM,PartialAbstention,PartialOrder__Subset__2,arec,0.3,0.9669±0.0013
chestxray_resnet,LGBM,PartialAbstention,PartialOrder__Subset__None,arec,0.3,0.9666±0.0014
chestxray_resnet,LGBM,PartialAbstention,PreOrder__Hamming__2,arec,0.3,0.8885±0.0017
chestxray_resnet,LGBM,PartialAbstention,PreOrder__Hamming__None,arec,0.3,0.8828±0.0017
chestxray_resnet,LGBM,PartialAbstention,PreOrder__Subset__2,arec,0.3,0.8891±0.0016
chestxray_resnet,LGBM,PartialAbstention,PreOrder__Subset__None,arec,0.3,0.8830±0.0018
chestxray_resnet,LGBM,PartialAbstention,PartialOrder__Hamming__2,f1_pa,0.0,0.4684±0.0103
chestxray_resnet,LGBM,PartialAbstention,PartialOrder__Hamming__None,f1_pa,0.0,0.4692±0.0104
chestxray_resnet,LGBM,PartialAbstention,PartialOrder__Subset__2,f1_pa,0.0,0.4685±0.0106
chestxray_resnet,LGBM,PartialAbstention,PartialOrder__Subset__None,f1_pa,0.0,0.4695±0.0106
chestxray_resnet,LGBM,PartialAbstention,PreOrder__Hamming__2,f1_pa,0.0,0.4449±0.0116
chestxray_resnet,LGBM,PartialAbstention,PreOrder__Hamming__None,f1_pa,0.0,0.4457±0.0135
chestxray_resnet,LGBM,PartialAbstention,PreOrder__Subset__2,f1_pa,0.0,0.4451±0.0113
chestxray_resnet,LGBM,PartialAbstention,PreOrder__Subset__None,f1_pa,0.0,0.4461±0.0129
chestxray_resnet,LGBM,PartialAbstention,PartialOrder__Hamming__2,f1_pa,0.1,0.4784±0.0086
chestxray_resnet,LGBM,PartialAbstention,PartialOrder__Hamming__None,f1_pa,0.1,0.4785±0.0087
chestxray_resnet,LGBM,PartialAbstention,PartialOrder__Subset__2,f1_pa,0.1,0.4784±0.0086
chestxray_resnet,LGBM,PartialAbstention,PartialOrder__Subset__None,f1_pa,0.1,0.4784±0.0088
chestxray_resnet,LGBM,PartialAbstention,PreOrder__Hamming__2,f1_pa,0.1,0.4420±0.0120
chestxray_resnet,LGBM,PartialAbstention,PreOrder__Hamming__None,f1_pa,0.1,0.4429±0.0124
chestxray_resnet,LGBM,PartialAbstention,PreOrder__Subset__2,f1_pa,0.1,0.4420±0.0122
chestxray_resnet,LGBM,PartialAbstention,PreOrder__Subset__None,f1_pa,0.1,0.4433±0.0125
chestxray_resnet,LGBM,PartialAbstention,PartialOrder__Hamming__2,f1_pa,0.2,0.4352±0.0131
chestxray_resnet,LGBM,PartialAbstention,PartialOrder__Hamming__None,f1_pa,0.2,0.4343±0.0133
chestxray_resnet,LGBM,PartialAbstention,PartialOrder__Subset__2,f1_pa,0.2,0.4354±0.0130
chestxray_resnet,LGBM,PartialAbstention,PartialOrder__Subset__None,f1_pa,0.2,0.4342±0.0133
chestxray_resnet,LGBM,PartialAbstention,PreOrder__Hamming__2,f1_pa,0.2,0.3929±0.0081
chestxray_resnet,LGBM,PartialAbstention,PreOrder__Hamming__None,f1_pa,0.2,0.3935±0.0073
chestxray_resnet,LGBM,PartialAbstention,PreOrder__Subset__2,f1_pa,0.2,0.3919±0.0082
chestxray_resnet,LGBM,PartialAbstention,PreOrder__Subset__None,f1_pa,0.2,0.3932±0.0076
chestxray_resnet,LGBM,PartialAbstention,PartialOrder__Hamming__2,f1_pa,0.3,0.3225±0.0121
chestxray_resnet,LGBM,PartialAbstention,PartialOrder__Hamming__None,f1_pa,0.3,0.3224±0.0122
chestxray_resnet,LGBM,PartialAbstention,PartialOrder__Subset__2,f1_pa,0.3,0.3223±0.0120
chestxray_resnet,LGBM,PartialAbstention,PartialOrder__Subset__None,f1_pa,0.3,0.3223±0.0120
chestxray_resnet,LGBM,PartialAbstention,PreOrder__Hamming__2,f1_pa,0.3,0.3035±0.0029
chestxray_resnet,LGBM,PartialAbstention,PreOrder__Hamming__None,f1_pa,0.3,0.3033±0.0036
chestxray_resnet,LGBM,PartialAbstention,PreOrder__Subset__2,f1_pa,0.3,0.3027±0.0031
chestxray_resnet,LGBM,PartialAbstention,PreOrder__Subset__None,f1_pa,0.3,0.3028±0.0037
chestxray_resnet,LGBM,PartialAbstention,PartialOrder__Hamming__2,hamming_accuracy_pa,0.0,0.8181±0.0022
chestxray_resnet,LGBM,PartialAbstention,PartialOrder__Hamming__None,hamming_accuracy_pa,0.0,0.8175±0.0023
chestxray_resnet,LGBM,PartialAbstention,PartialOrder__Subset__2,hamming_accuracy_pa,0.0,0.8182±0.0023
chestxray_resnet,LGBM,PartialAbstention,PartialOrder__Subset__None,hamming_accuracy_pa,0.0,0.8176±0.0023
chestxray_resnet,LGBM,PartialAbstention,PreOrder__Hamming__2,hamming_accuracy_pa,0.0,0.8083±0.0031
chestxray_resnet,LGBM,PartialAbstention,PreOrder__Hamming__None,hamming_accuracy_pa,0.0,0.8060±0.0046
chestxray_resnet,LGBM,PartialAbstention,PreOrder__Subset__2,hamming_accuracy_pa,0.0,0.8089±0.0028
chestxray_resnet,LGBM,PartialAbstention,PreOrder__Subset__None,hamming_accuracy_pa,0.0,0.8057±0.0043
chestxray_resnet,LGBM,PartialAbstention,PartialOrder__Hamming__2,hamming_accuracy_pa,0.1,0.8011±0.0046
chestxray_resnet,LGBM,PartialAbstention,PartialOrder__Hamming__None,hamming_accuracy_pa,0.1,0.8000±0.0051
chestxray_resnet,LGBM,PartialAbstention,PartialOrder__Subset__2,hamming_accuracy_pa,0.1,0.8012±0.0047
chestxray_resnet,LGBM,PartialAbstention,PartialOrder__Subset__None,hamming_accuracy_pa,0.1,0.8000±0.0051
chestxray_resnet,LGBM,PartialAbstention,PreOrder__Hamming__2,hamming_accuracy_pa,0.1,0.7990±0.0051
chestxray_resnet,LGBM,PartialAbstention,PreOrder__Hamming__None,hamming_accuracy_pa,0.1,0.7954±0.0053
chestxray_resnet,LGBM,PartialAbstention,PreOrder__Subset__2,hamming_accuracy_pa,0.1,0.7998±0.0053
chestxray_resnet,LGBM,PartialAbstention,PreOrder__Subset__None,hamming_accuracy_pa,0.1,0.7955±0.0053
chestxray_resnet,LGBM,PartialAbstention,PartialOrder__Hamming__2,hamming_accuracy_pa,0.2,0.7453±0.0076
chestxray_resnet,LGBM,PartialAbstention,PartialOrder__Hamming__None,hamming_accuracy_pa,0.2,0.7429±0.0082
chestxray_resnet,LGBM,PartialAbstention,PartialOrder__Subset__2,hamming_accuracy_pa,0.2,0.7455±0.0075
chestxray_resnet,LGBM,PartialAbstention,PartialOrder__Subset__None,hamming_accuracy_pa,0.2,0.7429±0.0082
chestxray_resnet,LGBM,PartialAbstention,PreOrder__Hamming__2,hamming_accuracy_pa,0.2,0.7542±0.0064
chestxray_resnet,LGBM,PartialAbstention,PreOrder__Hamming__None,hamming_accuracy_pa,0.2,0.7478±0.0068
chestxray_resnet,LGBM,PartialAbstention,PreOrder__Subset__2,hamming_accuracy_pa,0.2,0.7542±0.0062
chestxray_resnet,LGBM,PartialAbstention,PreOrder__Subset__None,hamming_accuracy_pa,0.2,0.7474±0.0065
chestxray_resnet,LGBM,PartialAbstention,PartialOrder__Hamming__2,hamming_accuracy_pa,0.3,0.6473±0.0071
chestxray_resnet,LGBM,PartialAbstention,PartialOrder__Hamming__None,hamming_accuracy_pa,0.3,0.6441±0.0084
chestxray_resnet,LGBM,PartialAbstention,PartialOrder__Subset__2,hamming_accuracy_pa,0.3,0.6473±0.0071
chestxray_resnet,LGBM,PartialAbstention,PartialOrder__Subset__None,hamming_accuracy_pa,0.3,0.6440±0.0081
chestxray_resnet,LGBM,PartialAbstention,PreOrder__Hamming__2,hamming_accuracy_pa,0.3,0.6821±0.0027
chestxray_resnet,LGBM,PartialAbstention,PreOrder__Hamming__None,hamming_accuracy_pa,0.3,0.6669±0.0032
chestxray_resnet,LGBM,PartialAbstention,PreOrder__Subset__2,hamming_accuracy_pa,0.3,0.6831±0.0024
chestxray_resnet,LGBM,PartialAbstention,PreOrder__Subset__None,hamming_accuracy_pa,0.3,0.6667±0.0033
chestxray_resnet,LGBM,PartialAbstention,PartialOrder__Hamming__2,rec,0.0,0.7977±0.0049
chestxray_resnet,LGBM,PartialAbstention,PartialOrder__Hamming__None,rec,0.0,0.7975±0.0051
chestxray_resnet,LGBM,PartialAbstention,PartialOrder__Subset__2,rec,0.0,0.7977±0.0050
chestxray_resnet,LGBM,PartialAbstention,PartialOrder__Subset__None,rec,0.0,0.7976±0.0052
chestxray_resnet,LGBM,PartialAbstention,PreOrder__Hamming__2,rec,0.0,0.7595±0.0065
chestxray_resnet,LGBM,PartialAbstention,PreOrder__Hamming__None,rec,0.0,0.7565±0.0070
chestxray_resnet,LGBM,PartialAbstention,PreOrder__Subset__2,rec,0.0,0.7614±0.0062
chestxray_resnet,LGBM,PartialAbstention,PreOrder__Subset__None,rec,0.0,0.7577±0.0066
chestxray_resnet,LGBM,PartialAbstention,PartialOrder__Hamming__2,rec,0.1,0.8326±0.0054
chestxray_resnet,LGBM,PartialAbstention,PartialOrder__Hamming__None,rec,0.1,0.8322±0.0055
chestxray_resnet,LGBM,PartialAbstention,PartialOrder__Subset__2,rec,0.1,0.8326±0.0053
chestxray_resnet,LGBM,PartialAbstention,PartialOrder__Subset__None,rec,0.1,0.8321±0.0055
chestxray_resnet,LGBM,PartialAbstention,PreOrder__Hamming__2,rec,0.1,0.7512±0.0107
chestxray_resnet,LGBM,PartialAbstention,PreOrder__Hamming__None,rec,0.1,0.7485±0.0115
chestxray_resnet,LGBM,PartialAbstention,PreOrder__Subset__2,rec,0.1,0.7525±0.0111
chestxray_resnet,LGBM,PartialAbstention,PreOrder__Subset__None,rec,0.1,0.7492±0.0115
chestxray_resnet,LGBM,PartialAbstention,PartialOrder__Hamming__2,rec,0.2,0.8445±0.0073
chestxray_resnet,LGBM,PartialAbstention,PartialOrder__Hamming__None,rec,0.2,0.8438±0.0075
chestxray_resnet,LGBM,PartialAbstention,PartialOrder__Subset__2,rec,0.2,0.8447±0.0074
chestxray_resnet,LGBM,PartialAbstention,PartialOrder__Subset__None,rec,0.2,0.8438±0.0075
chestxray_resnet,LGBM,PartialAbstention,PreOrder__Hamming__2,rec,0.2,0.6748±0.0070
chestxray_resnet,LGBM,PartialAbstention,PreOrder__Hamming__None,rec,0.2,0.6719±0.0076
chestxray_resnet,LGBM,PartialAbstention,PreOrder__Subset__2,rec,0.2,0.6753±0.0072
chestxray_resnet,LGBM,PartialAbstention,PreOrder__Subset__None,rec,0.2,0.6721±0.0079
chestxray_resnet,LGBM,PartialAbstention,PartialOrder__Hamming__2,rec,0.3,0.8029±0.0068
chestxray_resnet,LGBM,PartialAbstention,PartialOrder__Hamming__None,rec,0.3,0.8027±0.0068
chestxray_resnet,LGBM,PartialAbstention,PartialOrder__Subset__2,rec,0.3,0.8029±0.0069
chestxray_resnet,LGBM,PartialAbstention,PartialOrder__Subset__None,rec,0.3,0.8026±0.0068
chestxray_resnet,LGBM,PartialAbstention,PreOrder__Hamming__2,rec,0.3,0.4354±0.0073
chestxray_resnet,LGBM,PartialAbstention,PreOrder__Hamming__None,rec,0.3,0.4275±0.0082
chestxray_resnet,LGBM,PartialAbstention,PreOrder__Subset__2,rec,0.3,0.4362±0.0072
chestxray_resnet,LGBM,PartialAbstention,PreOrder__Subset__None,rec,0.3,0.4278±0.0082
chestxray_resnet,LGBM,PartialAbstention,PartialOrder__Hamming__2,subset0_1_pa,0.0,0.3776±0.0118
chestxray_resnet,LGBM,PartialAbstention,PartialOrder__Hamming__None,subset0_1_pa,0.0,0.3770±0.0117
chestxray_resnet,LGBM,PartialAbstention,PartialOrder__Subset__2,subset0_1_pa,0.0,0.3776±0.0121
chestxray_resnet,LGBM,PartialAbstention,PartialOrder__Subset__None,subset0_1_pa,0.0,0.3773±0.0119
chestxray_resnet,LGBM,PartialAbstention,PreOrder__Hamming__2,subset0_1_pa,0.0,0.3327±0.0105
chestxray_resnet,LGBM,PartialAbstention,PreOrder__Hamming__None,subset0_1_pa,0.0,0.3274±0.0124
chestxray_resnet,LGBM,PartialAbstention,PreOrder__Subset__2,subset0_1_pa,0.0,0.3346±0.0103
chestxray_resnet,LGBM,PartialAbstention,PreOrder__Subset__None,subset0_1_pa,0.0,0.3280±0.0118
chestxray_resnet,LGBM,PartialAbstention,PartialOrder__Hamming__2,subset0_1_pa,0.1,0.3976±0.0108
chestxray_resnet,LGBM,PartialAbstention,PartialOrder__Hamming__None,subset0_1_pa,0.1,0.3961±0.0116
chestxray_resnet,LGBM,PartialAbstention,PartialOrder__Subset__2,subset0_1_pa,0.1,0.3975±0.0108
chestxray_resnet,LGBM,PartialAbstention,PartialOrder__Subset__None,subset0_1_pa,0.1,0.3959±0.0115
chestxray_resnet,LGBM,PartialAbstention,PreOrder__Hamming__2,subset0_1_pa,0.1,0.3328±0.0125
chestxray_resnet,LGBM,PartialAbstention,PreOrder__Hamming__None,subset0_1_pa,0.1,0.3272±0.0128
chestxray_resnet,LGBM,PartialAbstention,PreOrder__Subset__2,subset0_1_pa,0.1,0.3350±0.0128
chestxray_resnet,LGBM,PartialAbstention,PreOrder__Subset__None,subset0_1_pa,0.1,0.3282±0.0129
chestxray_resnet,LGBM,PartialAbstention,PartialOrder__Hamming__2,subset0_1_pa,0.2,0.3532±0.0144
chestxray_resnet,LGBM,PartialAbstention,PartialOrder__Hamming__None,subset0_1_pa,0.2,0.3504±0.0159
chestxray_resnet,LGBM,PartialAbstention,PartialOrder__Subset__2,subset0_1_pa,0.2,0.3540±0.0144
chestxray_resnet,LGBM,PartialAbstention,PartialOrder__Subset__None,subset0_1_pa,0.2,0.3504±0.0159
chestxray_resnet,LGBM,PartialAbstention,PreOrder__Hamming__2,subset0_1_pa,0.2,0.2794±0.0076
chestxray_resnet,LGBM,PartialAbstention,PreOrder__Hamming__None,subset0_1_pa,0.2,0.2739±0.0075
chestxray_resnet,LGBM,PartialAbstention,PreOrder__Subset__2,subset0_1_pa,0.2,0.2799±0.0074
chestxray_resnet,LGBM,PartialAbstention,PreOrder__Subset__None,subset0_1_pa,0.2,0.2740±0.0079
chestxray_resnet,LGBM,PartialAbstention,PartialOrder__Hamming__2,subset0_1_pa,0.3,0.2420±0.0149
chestxray_resnet,LGBM,PartialAbstention,PartialOrder__Hamming__None,subset0_1_pa,0.3,0.2411±0.0147
chestxray_resnet,LGBM,PartialAbstention,PartialOrder__Subset__2,subset0_1_pa,0.3,0.2419±0.0148
chestxray_resnet,LGBM,PartialAbstention,PartialOrder__Subset__None,subset0_1_pa,0.3,0.2408±0.0144
chestxray_resnet,LGBM,PartialAbstention,PreOrder__Hamming__2,subset0_1_pa,0.3,0.1657±0.0031
chestxray_resnet,LGBM,PartialAbstention,PreOrder__Hamming__None,subset0_1_pa,0.3,0.1548±0.0026
chestxray_resnet,LGBM,PartialAbstention,PreOrder__Subset__2,subset0_1_pa,0.3,0.1664±0.0034
chestxray_resnet,LGBM,PartialAbstention,PreOrder__Subset__None,subset0_1_pa,0.3,0.1549±0.0027
chestxray_resnet,LGBM,PartialAbstention,PartialOrder__Hamming__2,aabs,0.0,0.8304±0.0025
chestxray_resnet,LGBM,PartialAbstention,PartialOrder__Hamming__None,aabs,0.0,0.8303±0.0024
chestxray_resnet,LGBM,PartialAbstention,PartialOrder__Subset__2,aabs,0.0,0.8304±0.0025
chestxray_resnet,LGBM,PartialAbstention,PartialOrder__Subset__None,aabs,0.0,0.8304±0.0025
chestxray_resnet,LGBM,PartialAbstention,PreOrder__Hamming__2,aabs,0.0,0.7991±0.0045
chestxray_resnet,LGBM,PartialAbstention,PreOrder__Hamming__None,aabs,0.0,0.7973±0.0046
chestxray_resnet,LGBM,PartialAbstention,PreOrder__Subset__2,aabs,0.0,0.8008±0.0044
chestxray_resnet,LGBM,PartialAbstention,PreOrder__Subset__None,aabs,0.0,0.7986±0.0044
chestxray_resnet,LGBM,PartialAbstention,PartialOrder__Hamming__2,aabs,0.1,0.8745±0.0058
chestxray_resnet,LGBM,PartialAbstention,PartialOrder__Hamming__None,aabs,0.1,0.8745±0.0058
chestxray_resnet,LGBM,PartialAbstention,PartialOrder__Subset__2,aabs,0.1,0.8745±0.0058
chestxray_resnet,LGBM,PartialAbstention,PartialOrder__Subset__None,aabs,0.1,0.8745±0.0058
chestxray_resnet,LGBM,PartialAbstention,PreOrder__Hamming__2,aabs,0.1,0.8041±0.0092
chestxray_resnet,LGBM,PartialAbstention,PreOrder__Hamming__None,aabs,0.1,0.8035±0.0093
chestxray_resnet,LGBM,PartialAbstention,PreOrder__Subset__2,aabs,0.1,0.8047±0.0093
chestxray_resnet,LGBM,PartialAbstention,PreOrder__Subset__None,aabs,0.1,0.8040±0.0092
chestxray_resnet,LGBM,PartialAbstention,PartialOrder__Hamming__2,aabs,0.2,0.9071±0.0053
chestxray_resnet,LGBM,PartialAbstention,PartialOrder__Hamming__None,aabs,0.2,0.9071±0.0053
chestxray_resnet,LGBM,PartialAbstention,PartialOrder__Subset__2,aabs,0.2,0.9071±0.0053
chestxray_resnet,LGBM,PartialAbstention,PartialOrder__Subset__None,aabs,0.2,0.9071±0.0053
chestxray_resnet,LGBM,PartialAbstention,PreOrder__Hamming__2,aabs,0.2,0.7801±0.0088
chestxray_resnet,LGBM,PartialAbstention,PreOrder__Hamming__None,aabs,0.2,0.7799±0.0089
chestxray_resnet,LGBM,PartialAbstention,PreOrder__Subset__2,aabs,0.2,0.7806±0.0089
chestxray_resnet,LGBM,PartialAbstention,PreOrder__Subset__None,aabs,0.2,0.7802±0.0088
chestxray_resnet,LGBM,PartialAbstention,PartialOrder__Hamming__2,aabs,0.3,0.9062±0.0024
chestxray_resnet,LGBM,PartialAbstention,PartialOrder__Hamming__None,aabs,0.3,0.9062±0.0024
chestxray_resnet,LGBM,PartialAbstention,PartialOrder__Subset__2,aabs,0.3,0.9062±0.0023
chestxray_resnet,LGBM,PartialAbstention,PartialOrder__Subset__None,aabs,0.3,0.9062±0.0023
chestxray_resnet,LGBM,PartialAbstention,PreOrder__Hamming__2,aabs,0.3,0.6492±0.0053
chestxray_resnet,LGBM,PartialAbstention,PreOrder__Hamming__None,aabs,0.3,0.6482±0.0052
chestxray_resnet,LGBM,PartialAbstention,PreOrder__Subset__2,aabs,0.3,0.6500±0.0053
chestxray_resnet,LGBM,PartialAbstention,PreOrder__Subset__None,aabs,0.3,0.6490±0.0052
chestxray_resnet,LGBM,PartialAbstention,PartialOrder__Hamming__2,abs,0.0,0.9704±0.0015
chestxray_resnet,LGBM,PartialAbstention,PartialOrder__Hamming__None,abs,0.0,0.9705±0.0014
chestxray_resnet,LGBM,PartialAbstention,PartialOrder__Subset__2,abs,0.0,0.9704±0.0015
chestxray_resnet,LGBM,PartialAbstention,PartialOrder__Subset__None,abs,0.0,0.9705±0.0015
chestxray_resnet,LGBM,PartialAbstention,PreOrder__Hamming__2,abs,0.0,0.9456±0.0043
chestxray_resnet,LGBM,PartialAbstention,PreOrder__Hamming__None,abs,0.0,0.9446±0.0043
chestxray_resnet,LGBM,PartialAbstention,PreOrder__Subset__2,abs,0.0,0.9466±0.0041
chestxray_resnet,LGBM,PartialAbstention,PreOrder__Subset__None,abs,0.0,0.9453±0.0040
chestxray_resnet,LGBM,PartialAbstention,PartialOrder__Hamming__2,abs,0.1,0.9896±0.0017
chestxray_resnet,LGBM,PartialAbstention,PartialOrder__Hamming__None,abs,0.1,0.9895±0.0018
chestxray_resnet,LGBM,PartialAbstention,PartialOrder__Subset__2,abs,0.1,0.9896±0.0017
chestxray_resnet,LGBM,PartialAbstention,PartialOrder__Subset__None,abs,0.1,0.9896±0.0018
chestxray_resnet,LGBM,PartialAbstention,PreOrder__Hamming__2,abs,0.1,0.9594±0.0050
chestxray_resnet,LGBM,PartialAbstention,PreOrder__Hamming__None,abs,0.1,0.9596±0.0050
chestxray_resnet,LGBM,PartialAbstention,PreOrder__Subset__2,abs,0.1,0.9597±0.0049
chestxray_resnet,LGBM,PartialAbstention,PreOrder__Subset__None,abs,0.1,0.9601±0.0050
chestxray_resnet,LGBM,PartialAbstention,PartialOrder__Hamming__2,abs,0.2,0.9963±0.0008
chestxray_resnet,LGBM,PartialAbstention,PartialOrder__Hamming__None,abs,0.2,0.9963±0.0008
chestxray_resnet,LGBM,PartialAbstention,PartialOrder__Subset__2,abs,0.2,0.9964±0.0008
chestxray_resnet,LGBM,PartialAbstention,PartialOrder__Subset__None,abs,0.2,0.9964±0.0008
chestxray_resnet,LGBM,PartialAbstention,PreOrder__Hamming__2,abs,0.2,0.9734±0.0042
chestxray_resnet,LGBM,PartialAbstention,PreOrder__Hamming__None,abs,0.2,0.9734±0.0039
chestxray_resnet,LGBM,PartialAbstention,PreOrder__Subset__2,abs,0.2,0.9737±0.0042
chestxray_resnet,LGBM,PartialAbstention,PreOrder__Subset__None,abs,0.2,0.9736±0.0039
chestxray_resnet,LGBM,PartialAbstention,PartialOrder__Hamming__2,abs,0.3,0.9977±0.0011
chestxray_resnet,LGBM,PartialAbstention,PartialOrder__Hamming__None,abs,0.3,0.9977±0.0010
chestxray_resnet,LGBM,PartialAbstention,PartialOrder__Subset__2,abs,0.3,0.9977±0.0011
chestxray_resnet,LGBM,PartialAbstention,PartialOrder__Subset__None,abs,0.3,0.9977±0.0011
chestxray_resnet,LGBM,PartialAbstention,PreOrder__Hamming__2,abs,0.3,0.9599±0.0036
chestxray_resnet,LGBM,PartialAbstention,PreOrder__Hamming__None,abs,0.3,0.9610±0.0033
chestxray_resnet,LGBM,PartialAbstention,PreOrder__Subset__2,abs,0.3,0.9600±0.0035
chestxray_resnet,LGBM,PartialAbstention,PreOrder__Subset__None,abs,0.3,0.9615±0.0031
chestxray_resnet,LGBM,PartialAbstention,PartialOrder__Hamming__2,arec,0.0,0.9691±0.0008
chestxray_resnet,LGBM,PartialAbstention,PartialOrder__Hamming__None,arec,0.0,0.9690±0.0008
chestxray_resnet,LGBM,PartialAbstention,PartialOrder__Subset__2,arec,0.0,0.9692±0.0008
chestxray_resnet,LGBM,PartialAbstention,PartialOrder__Subset__None,arec,0.0,0.9691±0.0008
chestxray_resnet,LGBM,PartialAbstention,PreOrder__Hamming__2,arec,0.0,0.9615±0.0013
chestxray_resnet,LGBM,PartialAbstention,PreOrder__Hamming__None,arec,0.0,0.9607±0.0016
chestxray_resnet,LGBM,PartialAbstention,PreOrder__Subset__2,arec,0.0,0.9619±0.0012
chestxray_resnet,LGBM,PartialAbstention,PreOrder__Subset__None,arec,0.0,0.9609±0.0015
chestxray_resnet,LGBM,PartialAbstention,PartialOrder__Hamming__2,arec,0.1,0.9750±0.0008
chestxray_resnet,LGBM,PartialAbstention,PartialOrder__Hamming__None,arec,0.1,0.9749±0.0008
chestxray_resnet,LGBM,PartialAbstention,PartialOrder__Subset__2,arec,0.1,0.9751±0.0008
chestxray_resnet,LGBM,PartialAbstention,PartialOrder__Subset__None,arec,0.1,0.9749±0.0008
chestxray_resnet,LGBM,PartialAbstention,PreOrder__Hamming__2,arec,0.1,0.9606±0.0020
chestxray_resnet,LGBM,PartialAbstention,PreOrder__Hamming__None,arec,0.1,0.9598±0.0022
chestxray_resnet,LGBM,PartialAbstention,PreOrder__Subset__2,arec,0.1,0.9609±0.0020
chestxray_resnet,LGBM,PartialAbstention,PreOrder__Subset__None,arec,0.1,0.9599±0.0022
chestxray_resnet,LGBM,PartialAbstention,PartialOrder__Hamming__2,arec,0.2,0.9764±0.0012
chestxray_resnet,LGBM,PartialAbstention,PartialOrder__Hamming__None,arec,0.2,0.9761±0.0013
chestxray_resnet,LGBM,PartialAbstention,PartialOrder__Subset__2,arec,0.2,0.9764±0.0012
chestxray_resnet,LGBM,PartialAbstention,PartialOrder__Subset__None,arec,0.2,0.9761±0.0013
chestxray_resnet,LGBM,PartialAbstention,PreOrder__Hamming__2,arec,0.2,0.9460±0.0016
chestxray_resnet,LGBM,PartialAbstention,PreOrder__Hamming__None,arec,0.2,0.9445±0.0019
chestxray_resnet,LGBM,PartialAbstention,PreOrder__Subset__2,arec,0.2,0.9461±0.0016
chestxray_resnet,LGBM,PartialAbstention,PreOrder__Subset__None,arec,0.2,0.9445±0.0019
chestxray_resnet,LGBM,PartialAbstention,PartialOrder__Hamming__2,arec,0.3,0.9669±0.0013
chestxray_resnet,LGBM,PartialAbstention,PartialOrder__Hamming__None,arec,0.3,0.9666±0.0014
chestxray_resnet,LGBM,PartialAbstention,PartialOrder__Subset__2,arec,0.3,0.9669±0.0013
chestxray_resnet,LGBM,PartialAbstention,PartialOrder__Subset__None,arec,0.3,0.9666±0.0014
chestxray_resnet,LGBM,PartialAbstention,PreOrder__Hamming__2,arec,0.3,0.8885±0.0017
chestxray_resnet,LGBM,PartialAbstention,PreOrder__Hamming__None,arec,0.3,0.8828±0.0017
chestxray_resnet,LGBM,PartialAbstention,PreOrder__Subset__2,arec,0.3,0.8891±0.0016
chestxray_resnet,LGBM,PartialAbstention,PreOrder__Subset__None,arec,0.3,0.8830±0.0018
chestxray_resnet,LGBM,PartialAbstention,PartialOrder__Hamming__2,f1_pa,0.0,0.4684±0.0103
chestxray_resnet,LGBM,PartialAbstention,PartialOrder__Hamming__None,f1_pa,0.0,0.4692±0.0104
chestxray_resnet,LGBM,PartialAbstention,PartialOrder__Subset__2,f1_pa,0.0,0.4685±0.0106
chestxray_resnet,LGBM,PartialAbstention,PartialOrder__Subset__None,f1_pa,0.0,0.4695±0.0106
chestxray_resnet,LGBM,PartialAbstention,PreOrder__Hamming__2,f1_pa,0.0,0.4449±0.0116
chestxray_resnet,LGBM,PartialAbstention,PreOrder__Hamming__None,f1_pa,0.0,0.4457±0.0135
chestxray_resnet,LGBM,PartialAbstention,PreOrder__Subset__2,f1_pa,0.0,0.4451±0.0113
chestxray_resnet,LGBM,PartialAbstention,PreOrder__Subset__None,f1_pa,0.0,0.4461±0.0129
chestxray_resnet,LGBM,PartialAbstention,PartialOrder__Hamming__2,f1_pa,0.1,0.4784±0.0086
chestxray_resnet,LGBM,PartialAbstention,PartialOrder__Hamming__None,f1_pa,0.1,0.4785±0.0087
chestxray_resnet,LGBM,PartialAbstention,PartialOrder__Subset__2,f1_pa,0.1,0.4784±0.0086
chestxray_resnet,LGBM,PartialAbstention,PartialOrder__Subset__None,f1_pa,0.1,0.4784±0.0088
chestxray_resnet,LGBM,PartialAbstention,PreOrder__Hamming__2,f1_pa,0.1,0.4420±0.0120
chestxray_resnet,LGBM,PartialAbstention,PreOrder__Hamming__None,f1_pa,0.1,0.4429±0.0124
chestxray_resnet,LGBM,PartialAbstention,PreOrder__Subset__2,f1_pa,0.1,0.4420±0.0122
chestxray_resnet,LGBM,PartialAbstention,PreOrder__Subset__None,f1_pa,0.1,0.4433±0.0125
chestxray_resnet,LGBM,PartialAbstention,PartialOrder__Hamming__2,f1_pa,0.2,0.4352±0.0131
chestxray_resnet,LGBM,PartialAbstention,PartialOrder__Hamming__None,f1_pa,0.2,0.4343±0.0133
chestxray_resnet,LGBM,PartialAbstention,PartialOrder__Subset__2,f1_pa,0.2,0.4354±0.0130
chestxray_resnet,LGBM,PartialAbstention,PartialOrder__Subset__None,f1_pa,0.2,0.4342±0.0133
chestxray_resnet,LGBM,PartialAbstention,PreOrder__Hamming__2,f1_pa,0.2,0.3929±0.0081
chestxray_resnet,LGBM,PartialAbstention,PreOrder__Hamming__None,f1_pa,0.2,0.3935±0.0073
chestxray_resnet,LGBM,PartialAbstention,PreOrder__Subset__2,f1_pa,0.2,0.3919±0.0082
chestxray_resnet,LGBM,PartialAbstention,PreOrder__Subset__None,f1_pa,0.2,0.3932±0.0076
chestxray_resnet,LGBM,PartialAbstention,PartialOrder__Hamming__2,f1_pa,0.3,0.3225±0.0121
chestxray_resnet,LGBM,PartialAbstention,PartialOrder__Hamming__None,f1_pa,0.3,0.3224±0.0122
chestxray_resnet,LGBM,PartialAbstention,PartialOrder__Subset__2,f1_pa,0.3,0.3223±0.0120
chestxray_resnet,LGBM,PartialAbstention,PartialOrder__Subset__None,f1_pa,0.3,0.3223±0.0120
chestxray_resnet,LGBM,PartialAbstention,PreOrder__Hamming__2,f1_pa,0.3,0.3035±0.0029
chestxray_resnet,LGBM,PartialAbstention,PreOrder__Hamming__None,f1_pa,0.3,0.3033±0.0036
chestxray_resnet,LGBM,PartialAbstention,PreOrder__Subset__2,f1_pa,0.3,0.3027±0.0031
chestxray_resnet,LGBM,PartialAbstention,PreOrder__Subset__None,f1_pa,0.3,0.3028±0.0037
chestxray_resnet,LGBM,PartialAbstention,PartialOrder__Hamming__2,hamming_accuracy_pa,0.0,0.8181±0.0022
chestxray_resnet,LGBM,PartialAbstention,PartialOrder__Hamming__None,hamming_accuracy_pa,0.0,0.8175±0.0023
chestxray_resnet,LGBM,PartialAbstention,PartialOrder__Subset__2,hamming_accuracy_pa,0.0,0.8182±0.0023
chestxray_resnet,LGBM,PartialAbstention,PartialOrder__Subset__None,hamming_accuracy_pa,0.0,0.8176±0.0023
chestxray_resnet,LGBM,PartialAbstention,PreOrder__Hamming__2,hamming_accuracy_pa,0.0,0.8083±0.0031
chestxray_resnet,LGBM,PartialAbstention,PreOrder__Hamming__None,hamming_accuracy_pa,0.0,0.8060±0.0046
chestxray_resnet,LGBM,PartialAbstention,PreOrder__Subset__2,hamming_accuracy_pa,0.0,0.8089±0.0028
chestxray_resnet,LGBM,PartialAbstention,PreOrder__Subset__None,hamming_accuracy_pa,0.0,0.8057±0.0043
chestxray_resnet,LGBM,PartialAbstention,PartialOrder__Hamming__2,hamming_accuracy_pa,0.1,0.8011±0.0046
chestxray_resnet,LGBM,PartialAbstention,PartialOrder__Hamming__None,hamming_accuracy_pa,0.1,0.8000±0.0051
chestxray_resnet,LGBM,PartialAbstention,PartialOrder__Subset__2,hamming_accuracy_pa,0.1,0.8012±0.0047
chestxray_resnet,LGBM,PartialAbstention,PartialOrder__Subset__None,hamming_accuracy_pa,0.1,0.8000±0.0051
chestxray_resnet,LGBM,PartialAbstention,PreOrder__Hamming__2,hamming_accuracy_pa,0.1,0.7990±0.0051
chestxray_resnet,LGBM,PartialAbstention,PreOrder__Hamming__None,hamming_accuracy_pa,0.1,0.7954±0.0053
chestxray_resnet,LGBM,PartialAbstention,PreOrder__Subset__2,hamming_accuracy_pa,0.1,0.7998±0.0053
chestxray_resnet,LGBM,PartialAbstention,PreOrder__Subset__None,hamming_accuracy_pa,0.1,0.7955±0.0053
chestxray_resnet,LGBM,PartialAbstention,PartialOrder__Hamming__2,hamming_accuracy_pa,0.2,0.7453±0.0076
chestxray_resnet,LGBM,PartialAbstention,PartialOrder__Hamming__None,hamming_accuracy_pa,0.2,0.7429±0.0082
chestxray_resnet,LGBM,PartialAbstention,PartialOrder__Subset__2,hamming_accuracy_pa,0.2,0.7455±0.0075
chestxray_resnet,LGBM,PartialAbstention,PartialOrder__Subset__None,hamming_accuracy_pa,0.2,0.7429±0.0082
chestxray_resnet,LGBM,PartialAbstention,PreOrder__Hamming__2,hamming_accuracy_pa,0.2,0.7542±0.0064
chestxray_resnet,LGBM,PartialAbstention,PreOrder__Hamming__None,hamming_accuracy_pa,0.2,0.7478±0.0068
chestxray_resnet,LGBM,PartialAbstention,PreOrder__Subset__2,hamming_accuracy_pa,0.2,0.7542±0.0062
chestxray_resnet,LGBM,PartialAbstention,PreOrder__Subset__None,hamming_accuracy_pa,0.2,0.7474±0.0065
chestxray_resnet,LGBM,PartialAbstention,PartialOrder__Hamming__2,hamming_accuracy_pa,0.3,0.6473±0.0071
chestxray_resnet,LGBM,PartialAbstention,PartialOrder__Hamming__None,hamming_accuracy_pa,0.3,0.6441±0.0084
chestxray_resnet,LGBM,PartialAbstention,PartialOrder__Subset__2,hamming_accuracy_pa,0.3,0.6473±0.0071
chestxray_resnet,LGBM,PartialAbstention,PartialOrder__Subset__None,hamming_accuracy_pa,0.3,0.6440±0.0081
chestxray_resnet,LGBM,PartialAbstention,PreOrder__Hamming__2,hamming_accuracy_pa,0.3,0.6821±0.0027
chestxray_resnet,LGBM,PartialAbstention,PreOrder__Hamming__None,hamming_accuracy_pa,0.3,0.6669±0.0032
chestxray_resnet,LGBM,PartialAbstention,PreOrder__Subset__2,hamming_accuracy_pa,0.3,0.6831±0.0024
chestxray_resnet,LGBM,PartialAbstention,PreOrder__Subset__None,hamming_accuracy_pa,0.3,0.6667±0.0033
chestxray_resnet,LGBM,PartialAbstention,PartialOrder__Hamming__2,rec,0.0,0.7977±0.0049
chestxray_resnet,LGBM,PartialAbstention,PartialOrder__Hamming__None,rec,0.0,0.7975±0.0051
chestxray_resnet,LGBM,PartialAbstention,PartialOrder__Subset__2,rec,0.0,0.7977±0.0050
chestxray_resnet,LGBM,PartialAbstention,PartialOrder__Subset__None,rec,0.0,0.7976±0.0052
chestxray_resnet,LGBM,PartialAbstention,PreOrder__Hamming__2,rec,0.0,0.7595±0.0065
chestxray_resnet,LGBM,PartialAbstention,PreOrder__Hamming__None,rec,0.0,0.7565±0.0070
chestxray_resnet,LGBM,PartialAbstention,PreOrder__Subset__2,rec,0.0,0.7614±0.0062
chestxray_resnet,LGBM,PartialAbstention,PreOrder__Subset__None,rec,0.0,0.7577±0.0066
chestxray_resnet,LGBM,PartialAbstention,PartialOrder__Hamming__2,rec,0.1,0.8326±0.0054
chestxray_resnet,LGBM,PartialAbstention,PartialOrder__Hamming__None,rec,0.1,0.8322±0.0055
chestxray_resnet,LGBM,PartialAbstention,PartialOrder__Subset__2,rec,0.1,0.8326±0.0053
chestxray_resnet,LGBM,PartialAbstention,PartialOrder__Subset__None,rec,0.1,0.8321±0.0055
chestxray_resnet,LGBM,PartialAbstention,PreOrder__Hamming__2,rec,0.1,0.7512±0.0107
chestxray_resnet,LGBM,PartialAbstention,PreOrder__Hamming__None,rec,0.1,0.7485±0.0115
chestxray_resnet,LGBM,PartialAbstention,PreOrder__Subset__2,rec,0.1,0.7525±0.0111
chestxray_resnet,LGBM,PartialAbstention,PreOrder__Subset__None,rec,0.1,0.7492±0.0115
chestxray_resnet,LGBM,PartialAbstention,PartialOrder__Hamming__2,rec,0.2,0.8445±0.0073
chestxray_resnet,LGBM,PartialAbstention,PartialOrder__Hamming__None,rec,0.2,0.8438±0.0075
chestxray_resnet,LGBM,PartialAbstention,PartialOrder__Subset__2,rec,0.2,0.8447±0.0074
chestxray_resnet,LGBM,PartialAbstention,PartialOrder__Subset__None,rec,0.2,0.8438±0.0075
chestxray_resnet,LGBM,PartialAbstention,PreOrder__Hamming__2,rec,0.2,0.6748±0.0070
chestxray_resnet,LGBM,PartialAbstention,PreOrder__Hamming__None,rec,0.2,0.6719±0.0076
chestxray_resnet,LGBM,PartialAbstention,PreOrder__Subset__2,rec,0.2,0.6753±0.0072
chestxray_resnet,LGBM,PartialAbstention,PreOrder__Subset__None,rec,0.2,0.6721±0.0079
chestxray_resnet,LGBM,PartialAbstention,PartialOrder__Hamming__2,rec,0.3,0.8029±0.0068
chestxray_resnet,LGBM,PartialAbstention,PartialOrder__Hamming__None,rec,0.3,0.8027±0.0068
chestxray_resnet,LGBM,PartialAbstention,PartialOrder__Subset__2,rec,0.3,0.8029±0.0069
chestxray_resnet,LGBM,PartialAbstention,PartialOrder__Subset__None,rec,0.3,0.8026±0.0068
chestxray_resnet,LGBM,PartialAbstention,PreOrder__Hamming__2,rec,0.3,0.4354±0.0073
chestxray_resnet,LGBM,PartialAbstention,PreOrder__Hamming__None,rec,0.3,0.4275±0.0082
chestxray_resnet,LGBM,PartialAbstention,PreOrder__Subset__2,rec,0.3,0.4362±0.0072
chestxray_resnet,LGBM,PartialAbstention,PreOrder__Subset__None,rec,0.3,0.4278±0.0082
chestxray_resnet,LGBM,PartialAbstention,PartialOrder__Hamming__2,subset0_1_pa,0.0,0.3776±0.0118
chestxray_resnet,LGBM,PartialAbstention,PartialOrder__Hamming__None,subset0_1_pa,0.0,0.3770±0.0117
chestxray_resnet,LGBM,PartialAbstention,PartialOrder__Subset__2,subset0_1_pa,0.0,0.3776±0.0121
chestxray_resnet,LGBM,PartialAbstention,PartialOrder__Subset__None,subset0_1_pa,0.0,0.3773±0.0119
chestxray_resnet,LGBM,PartialAbstention,PreOrder__Hamming__2,subset0_1_pa,0.0,0.3327±0.0105
chestxray_resnet,LGBM,PartialAbstention,PreOrder__Hamming__None,subset0_1_pa,0.0,0.3274±0.0124
chestxray_resnet,LGBM,PartialAbstention,PreOrder__Subset__2,subset0_1_pa,0.0,0.3346±0.0103
chestxray_resnet,LGBM,PartialAbstention,PreOrder__Subset__None,subset0_1_pa,0.0,0.3280±0.0118
chestxray_resnet,LGBM,PartialAbstention,PartialOrder__Hamming__2,subset0_1_pa,0.1,0.3976±0.0108
chestxray_resnet,LGBM,PartialAbstention,PartialOrder__Hamming__None,subset0_1_pa,0.1,0.3961±0.0116
chestxray_resnet,LGBM,PartialAbstention,PartialOrder__Subset__2,subset0_1_pa,0.1,0.3975±0.0108
chestxray_resnet,LGBM,PartialAbstention,PartialOrder__Subset__None,subset0_1_pa,0.1,0.3959±0.0115
chestxray_resnet,LGBM,PartialAbstention,PreOrder__Hamming__2,subset0_1_pa,0.1,0.3328±0.0125
chestxray_resnet,LGBM,PartialAbstention,PreOrder__Hamming__None,subset0_1_pa,0.1,0.3272±0.0128
chestxray_resnet,LGBM,PartialAbstention,PreOrder__Subset__2,subset0_1_pa,0.1,0.3350±0.0128
chestxray_resnet,LGBM,PartialAbstention,PreOrder__Subset__None,subset0_1_pa,0.1,0.3282±0.0129
chestxray_resnet,LGBM,PartialAbstention,PartialOrder__Hamming__2,subset0_1_pa,0.2,0.3532±0.0144
chestxray_resnet,LGBM,PartialAbstention,PartialOrder__Hamming__None,subset0_1_pa,0.2,0.3504±0.0159
chestxray_resnet,LGBM,PartialAbstention,PartialOrder__Subset__2,subset0_1_pa,0.2,0.3540±0.0144
chestxray_resnet,LGBM,PartialAbstention,PartialOrder__Subset__None,subset0_1_pa,0.2,0.3504±0.0159
chestxray_resnet,LGBM,PartialAbstention,PreOrder__Hamming__2,subset0_1_pa,0.2,0.2794±0.0076
chestxray_resnet,LGBM,PartialAbstention,PreOrder__Hamming__None,subset0_1_pa,0.2,0.2739±0.0075
chestxray_resnet,LGBM,PartialAbstention,PreOrder__Subset__2,subset0_1_pa,0.2,0.2799±0.0074
chestxray_resnet,LGBM,PartialAbstention,PreOrder__Subset__None,subset0_1_pa,0.2,0.2740±0.0079
chestxray_resnet,LGBM,PartialAbstention,PartialOrder__Hamming__2,subset0_1_pa,0.3,0.2420±0.0149
chestxray_resnet,LGBM,PartialAbstention,PartialOrder__Hamming__None,subset0_1_pa,0.3,0.2411±0.0147
chestxray_resnet,LGBM,PartialAbstention,PartialOrder__Subset__2,subset0_1_pa,0.3,0.2419±0.0148
chestxray_resnet,LGBM,PartialAbstention,PartialOrder__Subset__None,subset0_1_pa,0.3,0.2408±0.0144
chestxray_resnet,LGBM,PartialAbstention,PreOrder__Hamming__2,subset0_1_pa,0.3,0.1657±0.0031
chestxray_resnet,LGBM,PartialAbstention,PreOrder__Hamming__None,subset0_1_pa,0.3,0.1548±0.0026
chestxray_resnet,LGBM,PartialAbstention,PreOrder__Subset__2,subset0_1_pa,0.3,0.1664±0.0034
chestxray_resnet,LGBM,PartialAbstention,PreOrder__Subset__None,subset0_1_pa,0.3,0.1549±0.0027
chestxray_resnet,LGBM,ScoreVector,PartialOrder__Hamming__2,auc_macro,0.0,0.7702±0.0075
chestxray_resnet,LGBM,ScoreVector,PartialOrder__Hamming__None,auc_macro,0.0,0.7702±0.0075
chestxray_resnet,LGBM,ScoreVector,PartialOrder__Subset__2,auc_macro,0.0,0.7702±0.0075
chestxray_resnet,LGBM,ScoreVector,PartialOrder__Subset__None,auc_macro,0.0,0.7702±0.0075
chestxray_resnet,LGBM,ScoreVector,PreOrder__Hamming__2,auc_macro,0.0,0.7702±0.0075
chestxray_resnet,LGBM,ScoreVector,PreOrder__Hamming__None,auc_macro,0.0,0.7702±0.0075
chestxray_resnet,LGBM,ScoreVector,PreOrder__Subset__2,auc_macro,0.0,0.7702±0.0075
chestxray_resnet,LGBM,ScoreVector,PreOrder__Subset__None,auc_macro,0.0,0.7702±0.0075
chestxray_resnet,LGBM,ScoreVector,br,auc_macro,0.0,0.7702±0.0075
chestxray_resnet,LGBM,ScoreVector,cc,auc_macro,0.0,0.7683±0.0064
chestxray_resnet,LGBM,ScoreVector,clr,auc_macro,0.0,0.7508±0.0057
chestxray_resnet,LGBM,ScoreVector,ecc,auc_macro,0.0,0.7825±0.0063
chestxray_resnet,LGBM,ScoreVector,PartialOrder__Hamming__2,auc_macro,0.1,0.7353±0.0104
chestxray_resnet,LGBM,ScoreVector,PartialOrder__Hamming__None,auc_macro,0.1,0.7353±0.0104
chestxray_resnet,LGBM,ScoreVector,PartialOrder__Subset__2,auc_macro,0.1,0.7353±0.0104
chestxray_resnet,LGBM,ScoreVector,PartialOrder__Subset__None,auc_macro,0.1,0.7353±0.0104
chestxray_resnet,LGBM,ScoreVector,PreOrder__Hamming__2,auc_macro,0.1,0.7353±0.0104
chestxray_resnet,LGBM,ScoreVector,PreOrder__Hamming__None,auc_macro,0.1,0.7353±0.0104
chestxray_resnet,LGBM,ScoreVector,PreOrder__Subset__2,auc_macro,0.1,0.7353±0.0104
chestxray_resnet,LGBM,ScoreVector,PreOrder__Subset__None,auc_macro,0.1,0.7353±0.0104
chestxray_resnet,LGBM,ScoreVector,br,auc_macro,0.1,0.7316±0.0071
chestxray_resnet,LGBM,ScoreVector,cc,auc_macro,0.1,0.7316±0.0057
chestxray_resnet,LGBM,ScoreVector,clr,auc_macro,0.1,0.7266±0.0054
chestxray_resnet,LGBM,ScoreVector,ecc,auc_macro,0.1,0.7506±0.0068
chestxray_resnet,LGBM,ScoreVector,PartialOrder__Hamming__2,auc_macro,0.2,0.7012±0.0031
chestxray_resnet,LGBM,ScoreVector,PartialOrder__Hamming__None,auc_macro,0.2,0.7012±0.0031
chestxray_resnet,LGBM,ScoreVector,PartialOrder__Subset__2,auc_macro,0.2,0.7012±0.0031
chestxray_resnet,LGBM,ScoreVector,PartialOrder__Subset__None,auc_macro,0.2,0.7012±0.0031
chestxray_resnet,LGBM,ScoreVector,PreOrder__Hamming__2,auc_macro,0.2,0.7012±0.0031
chestxray_resnet,LGBM,ScoreVector,PreOrder__Hamming__None,auc_macro,0.2,0.7012±0.0031
chestxray_resnet,LGBM,ScoreVector,PreOrder__Subset__2,auc_macro,0.2,0.7012±0.0031
chestxray_resnet,LGBM,ScoreVector,PreOrder__Subset__None,auc_macro,0.2,0.7012±0.0031
chestxray_resnet,LGBM,ScoreVector,br,auc_macro,0.2,0.7005±0.0058
chestxray_resnet,LGBM,ScoreVector,cc,auc_macro,0.2,0.7013±0.0089
chestxray_resnet,LGBM,ScoreVector,clr,auc_macro,0.2,0.7095±0.0061
chestxray_resnet,LGBM,ScoreVector,ecc,auc_macro,0.2,0.7232±0.0069
chestxray_resnet,LGBM,ScoreVector,PartialOrder__Hamming__2,auc_macro,0.3,0.6590±0.0041
chestxray_resnet,LGBM,ScoreVector,PartialOrder__Hamming__None,auc_macro,0.3,0.6590±0.0041
chestxray_resnet,LGBM,ScoreVector,PartialOrder__Subset__2,auc_macro,0.3,0.6590±0.0041
chestxray_resnet,LGBM,ScoreVector,PartialOrder__Subset__None,auc_macro,0.3,0.6590±0.0041
chestxray_resnet,LGBM,ScoreVector,PreOrder__Hamming__2,auc_macro,0.3,0.6590±0.0041
chestxray_resnet,LGBM,ScoreVector,PreOrder__Hamming__None,auc_macro,0.3,0.6590±0.0041
chestxray_resnet,LGBM,ScoreVector,PreOrder__Subset__2,auc_macro,0.3,0.6590±0.0041
chestxray_resnet,LGBM,ScoreVector,PreOrder__Subset__None,auc_macro,0.3,0.6590±0.0041
chestxray_resnet,LGBM,ScoreVector,br,auc_macro,0.3,0.6618±0.0026
chestxray_resnet,LGBM,ScoreVector,cc,auc_macro,0.3,0.6620±0.0022
chestxray_resnet,LGBM,ScoreVector,clr,auc_macro,0.3,0.6820±0.0020
chestxray_resnet,LGBM,ScoreVector,ecc,auc_macro,0.3,0.7034±0.0065
chestxray_resnet,LGBM,ScoreVector,PartialOrder__Hamming__2,auc_micro,0.0,0.8195±0.0045
chestxray_resnet,LGBM,ScoreVector,PartialOrder__Hamming__None,auc_micro,0.0,0.8195±0.0045
chestxray_resnet,LGBM,ScoreVector,PartialOrder__Subset__2,auc_micro,0.0,0.8195±0.0045
chestxray_resnet,LGBM,ScoreVector,PartialOrder__Subset__None,auc_micro,0.0,0.8195±0.0045
chestxray_resnet,LGBM,ScoreVector,PreOrder__Hamming__2,auc_micro,0.0,0.8195±0.0045
chestxray_resnet,LGBM,ScoreVector,PreOrder__Hamming__None,auc_micro,0.0,0.8195±0.0045
chestxray_resnet,LGBM,ScoreVector,PreOrder__Subset__2,auc_micro,0.0,0.8195±0.0045
chestxray_resnet,LGBM,ScoreVector,PreOrder__Subset__None,auc_micro,0.0,0.8195±0.0045
chestxray_resnet,LGBM,ScoreVector,br,auc_micro,0.0,0.8195±0.0045
chestxray_resnet,LGBM,ScoreVector,cc,auc_micro,0.0,0.8185±0.0048
chestxray_resnet,LGBM,ScoreVector,clr,auc_micro,0.0,0.8079±0.0037
chestxray_resnet,LGBM,ScoreVector,ecc,auc_micro,0.0,0.8343±0.0048
chestxray_resnet,LGBM,ScoreVector,PartialOrder__Hamming__2,auc_micro,0.1,0.7623±0.0047
chestxray_resnet,LGBM,ScoreVector,PartialOrder__Hamming__None,auc_micro,0.1,0.7623±0.0047
chestxray_resnet,LGBM,ScoreVector,PartialOrder__Subset__2,auc_micro,0.1,0.7623±0.0047
chestxray_resnet,LGBM,ScoreVector,PartialOrder__Subset__None,auc_micro,0.1,0.7623±0.0047
chestxray_resnet,LGBM,ScoreVector,PreOrder__Hamming__2,auc_micro,0.1,0.7623±0.0047
chestxray_resnet,LGBM,ScoreVector,PreOrder__Hamming__None,auc_micro,0.1,0.7623±0.0047
chestxray_resnet,LGBM,ScoreVector,PreOrder__Subset__2,auc_micro,0.1,0.7623±0.0047
chestxray_resnet,LGBM,ScoreVector,PreOrder__Subset__None,auc_micro,0.1,0.7623±0.0047
chestxray_resnet,LGBM,ScoreVector,br,auc_micro,0.1,0.7617±0.0057
chestxray_resnet,LGBM,ScoreVector,cc,auc_micro,0.1,0.7676±0.0028
chestxray_resnet,LGBM,ScoreVector,clr,auc_micro,0.1,0.7715±0.0030
chestxray_resnet,LGBM,ScoreVector,ecc,auc_micro,0.1,0.7938±0.0037
chestxray_resnet,LGBM,ScoreVector,PartialOrder__Hamming__2,auc_micro,0.2,0.7250±0.0033
chestxray_resnet,LGBM,ScoreVector,PartialOrder__Hamming__None,auc_micro,0.2,0.7250±0.0033
chestxray_resnet,LGBM,ScoreVector,PartialOrder__Subset__2,auc_micro,0.2,0.7250±0.0033
chestxray_resnet,LGBM,ScoreVector,PartialOrder__Subset__None,auc_micro,0.2,0.7250±0.0033
chestxray_resnet,LGBM,ScoreVector,PreOrder__Hamming__2,auc_micro,0.2,0.7250±0.0033
chestxray_resnet,LGBM,ScoreVector,PreOrder__Hamming__None,auc_micro,0.2,0.7250±0.0033
chestxray_resnet,LGBM,ScoreVector,PreOrder__Subset__2,auc_micro,0.2,0.7250±0.0033
chestxray_resnet,LGBM,ScoreVector,PreOrder__Subset__None,auc_micro,0.2,0.7250±0.0033
chestxray_resnet,LGBM,ScoreVector,br,auc_micro,0.2,0.7238±0.0056
chestxray_resnet,LGBM,ScoreVector,cc,auc_micro,0.2,0.7295±0.0044
chestxray_resnet,LGBM,ScoreVector,clr,auc_micro,0.2,0.7427±0.0045
chestxray_resnet,LGBM,ScoreVector,ecc,auc_micro,0.2,0.7603±0.0039
chestxray_resnet,LGBM,ScoreVector,PartialOrder__Hamming__2,auc_micro,0.3,0.6799±0.0033
chestxray_resnet,LGBM,ScoreVector,PartialOrder__Hamming__None,auc_micro,0.3,0.6799±0.0033
chestxray_resnet,LGBM,ScoreVector,PartialOrder__Subset__2,auc_micro,0.3,0.6799±0.0033
chestxray_resnet,LGBM,ScoreVector,PartialOrder__Subset__None,auc_micro,0.3,0.6799±0.0033
chestxray_resnet,LGBM,ScoreVector,PreOrder__Hamming__2,auc_micro,0.3,0.6799±0.0033
chestxray_resnet,LGBM,ScoreVector,PreOrder__Hamming__None,auc_micro,0.3,0.6799±0.0033
chestxray_resnet,LGBM,ScoreVector,PreOrder__Subset__2,auc_micro,0.3,0.6799±0.0033
chestxray_resnet,LGBM,ScoreVector,PreOrder__Subset__None,auc_micro,0.3,0.6799±0.0033
chestxray_resnet,LGBM,ScoreVector,br,auc_micro,0.3,0.6805±0.0056
chestxray_resnet,LGBM,ScoreVector,cc,auc_micro,0.3,0.6799±0.0047
chestxray_resnet,LGBM,ScoreVector,clr,auc_micro,0.3,0.7071±0.0033
chestxray_resnet,LGBM,ScoreVector,ecc,auc_micro,0.3,0.7301±0.0035
chestxray_resnet,LGBM,ScoreVector,PartialOrder__Hamming__2,auprc_macro,0.0,0.3070±0.0089
chestxray_resnet,LGBM,ScoreVector,PartialOrder__Hamming__None,auprc_macro,0.0,0.3070±0.0089
chestxray_resnet,LGBM,ScoreVector,PartialOrder__Subset__2,auprc_macro,0.0,0.3070±0.0089
chestxray_resnet,LGBM,ScoreVector,PartialOrder__Subset__None,auprc_macro,0.0,0.3070±0.0089
chestxray_resnet,LGBM,ScoreVector,PreOrder__Hamming__2,auprc_macro,0.0,0.3070±0.0089
chestxray_resnet,LGBM,ScoreVector,PreOrder__Hamming__None,auprc_macro,0.0,0.3070±0.0089
chestxray_resnet,LGBM,ScoreVector,PreOrder__Subset__2,auprc_macro,0.0,0.3070±0.0089
chestxray_resnet,LGBM,ScoreVector,PreOrder__Subset__None,auprc_macro,0.0,0.3070±0.0089
chestxray_resnet,LGBM,ScoreVector,br,auprc_macro,0.0,0.3070±0.0089
chestxray_resnet,LGBM,ScoreVector,cc,auprc_macro,0.0,0.3007±0.0104
chestxray_resnet,LGBM,ScoreVector,clr,auprc_macro,0.0,0.2870±0.0067
chestxray_resnet,LGBM,ScoreVector,ecc,auprc_macro,0.0,0.3164±0.0087
chestxray_resnet,LGBM,ScoreVector,PartialOrder__Hamming__2,auprc_macro,0.1,0.2846±0.0050
chestxray_resnet,LGBM,ScoreVector,PartialOrder__Hamming__None,auprc_macro,0.1,0.2846±0.0050
chestxray_resnet,LGBM,ScoreVector,PartialOrder__Subset__2,auprc_macro,0.1,0.2846±0.0050
chestxray_resnet,LGBM,ScoreVector,PartialOrder__Subset__None,auprc_macro,0.1,0.2846±0.0050
chestxray_resnet,LGBM,ScoreVector,PreOrder__Hamming__2,auprc_macro,0.1,0.2846±0.0050
chestxray_resnet,LGBM,ScoreVector,PreOrder__Hamming__None,auprc_macro,0.1,0.2846±0.0050
chestxray_resnet,LGBM,ScoreVector,PreOrder__Subset__2,auprc_macro,0.1,0.2846±0.0050
chestxray_resnet,LGBM,ScoreVector,PreOrder__Subset__None,auprc_macro,0.1,0.2846±0.0050
chestxray_resnet,LGBM,ScoreVector,br,auprc_macro,0.1,0.2854±0.0071
chestxray_resnet,LGBM,ScoreVector,cc,auprc_macro,0.1,0.2834±0.0041
chestxray_resnet,LGBM,ScoreVector,clr,auprc_macro,0.1,0.2898±0.0047
chestxray_resnet,LGBM,ScoreVector,ecc,auprc_macro,0.1,0.3030±0.0061
chestxray_resnet,LGBM,ScoreVector,PartialOrder__Hamming__2,auprc_macro,0.2,0.2591±0.0042
chestxray_resnet,LGBM,ScoreVector,PartialOrder__Hamming__None,auprc_macro,0.2,0.2591±0.0042
chestxray_resnet,LGBM,ScoreVector,PartialOrder__Subset__2,auprc_macro,0.2,0.2591±0.0042
chestxray_resnet,LGBM,ScoreVector,PartialOrder__Subset__None,auprc_macro,0.2,0.2591±0.0042
chestxray_resnet,LGBM,ScoreVector,PreOrder__Hamming__2,auprc_macro,0.2,0.2591±0.0042
chestxray_resnet,LGBM,ScoreVector,PreOrder__Hamming__None,auprc_macro,0.2,0.2591±0.0042
chestxray_resnet,LGBM,ScoreVector,PreOrder__Subset__2,auprc_macro,0.2,0.2591±0.0042
chestxray_resnet,LGBM,ScoreVector,PreOrder__Subset__None,auprc_macro,0.2,0.2591±0.0042
chestxray_resnet,LGBM,ScoreVector,br,auprc_macro,0.2,0.2583±0.0048
chestxray_resnet,LGBM,ScoreVector,cc,auprc_macro,0.2,0.2578±0.0044
chestxray_resnet,LGBM,ScoreVector,clr,auprc_macro,0.2,0.2698±0.0073
chestxray_resnet,LGBM,ScoreVector,ecc,auprc_macro,0.2,0.2819±0.0038
chestxray_resnet,LGBM,ScoreVector,PartialOrder__Hamming__2,auprc_macro,0.3,0.2116±0.0025
chestxray_resnet,LGBM,ScoreVector,PartialOrder__Hamming__None,auprc_macro,0.3,0.2116±0.0025
chestxray_resnet,LGBM,ScoreVector,PartialOrder__Subset__2,auprc_macro,0.3,0.2116±0.0025
chestxray_resnet,LGBM,ScoreVector,PartialOrder__Subset__None,auprc_macro,0.3,0.2116±0.0025
chestxray_resnet,LGBM,ScoreVector,PreOrder__Hamming__2,auprc_macro,0.3,0.2116±0.0025
chestxray_resnet,LGBM,ScoreVector,PreOrder__Hamming__None,auprc_macro,0.3,0.2116±0.0025
chestxray_resnet,LGBM,ScoreVector,PreOrder__Subset__2,auprc_macro,0.3,0.2116±0.0025
chestxray_resnet,LGBM,ScoreVector,PreOrder__Subset__None,auprc_macro,0.3,0.2116±0.0025
chestxray_resnet,LGBM,ScoreVector,br,auprc_macro,0.3,0.2139±0.0024
chestxray_resnet,LGBM,ScoreVector,cc,auprc_macro,0.3,0.2108±0.0039
chestxray_resnet,LGBM,ScoreVector,clr,auprc_macro,0.3,0.2327±0.0054
chestxray_resnet,LGBM,ScoreVector,ecc,auprc_macro,0.3,0.2533±0.0081
chestxray_resnet,LGBM,ScoreVector,PartialOrder__Hamming__2,auprc_micro,0.0,0.3512±0.0081
chestxray_resnet,LGBM,ScoreVector,PartialOrder__Hamming__None,auprc_micro,0.0,0.3512±0.0081
chestxray_resnet,LGBM,ScoreVector,PartialOrder__Subset__2,auprc_micro,0.0,0.3512±0.0081
chestxray_resnet,LGBM,ScoreVector,PartialOrder__Subset__None,auprc_micro,0.0,0.3512±0.0081
chestxray_resnet,LGBM,ScoreVector,PreOrder__Hamming__2,auprc_micro,0.0,0.3512±0.0081
chestxray_resnet,LGBM,ScoreVector,PreOrder__Hamming__None,auprc_micro,0.0,0.3512±0.0081
chestxray_resnet,LGBM,ScoreVector,PreOrder__Subset__2,auprc_micro,0.0,0.3512±0.0081
chestxray_resnet,LGBM,ScoreVector,PreOrder__Subset__None,auprc_micro,0.0,0.3512±0.0081
chestxray_resnet,LGBM,ScoreVector,br,auprc_micro,0.0,0.3512±0.0081
chestxray_resnet,LGBM,ScoreVector,cc,auprc_micro,0.0,0.3493±0.0103
chestxray_resnet,LGBM,ScoreVector,clr,auprc_micro,0.0,0.3334±0.0067
chestxray_resnet,LGBM,ScoreVector,ecc,auprc_micro,0.0,0.3790±0.0092
chestxray_resnet,LGBM,ScoreVector,PartialOrder__Hamming__2,auprc_micro,0.1,0.3211±0.0063
chestxray_resnet,LGBM,ScoreVector,PartialOrder__Hamming__None,auprc_micro,0.1,0.3211±0.0063
chestxray_resnet,LGBM,ScoreVector,PartialOrder__Subset__2,auprc_micro,0.1,0.3211±0.0063
chestxray_resnet,LGBM,ScoreVector,PartialOrder__Subset__None,auprc_micro,0.1,0.3211±0.0063
chestxray_resnet,LGBM,ScoreVector,PreOrder__Hamming__2,auprc_micro,0.1,0.3211±0.0063
chestxray_resnet,LGBM,ScoreVector,PreOrder__Hamming__None,auprc_micro,0.1,0.3211±0.0063
chestxray_resnet,LGBM,ScoreVector,PreOrder__Subset__2,auprc_micro,0.1,0.3211±0.0063
chestxray_resnet,LGBM,ScoreVector,PreOrder__Subset__None,auprc_micro,0.1,0.3211±0.0063
chestxray_resnet,LGBM,ScoreVector,br,auprc_micro,0.1,0.3192±0.0084
chestxray_resnet,LGBM,ScoreVector,cc,auprc_micro,0.1,0.3260±0.0078
chestxray_resnet,LGBM,ScoreVector,clr,auprc_micro,0.1,0.3380±0.0059
chestxray_resnet,LGBM,ScoreVector,ecc,auprc_micro,0.1,0.3564±0.0067
chestxray_resnet,LGBM,ScoreVector,PartialOrder__Hamming__2,auprc_micro,0.2,0.2877±0.0050
chestxray_resnet,LGBM,ScoreVector,PartialOrder__Hamming__None,auprc_micro,0.2,0.2877±0.0050
chestxray_resnet,LGBM,ScoreVector,PartialOrder__Subset__2,auprc_micro,0.2,0.2877±0.0050
chestxray_resnet,LGBM,ScoreVector,PartialOrder__Subset__None,auprc_micro,0.2,0.2877±0.0050
chestxray_resnet,LGBM,ScoreVector,PreOrder__Hamming__2,auprc_micro,0.2,0.2877±0.0050
chestxray_resnet,LGBM,ScoreVector,PreOrder__Hamming__None,auprc_micro,0.2,0.2877±0.0050
chestxray_resnet,LGBM,ScoreVector,PreOrder__Subset__2,auprc_micro,0.2,0.2877±0.0050
chestxray_resnet,LGBM,ScoreVector,PreOrder__Subset__None,auprc_micro,0.2,0.2877±0.0050
chestxray_resnet,LGBM,ScoreVector,br,auprc_micro,0.2,0.2867±0.0061
chestxray_resnet,LGBM,ScoreVector,cc,auprc_micro,0.2,0.2887±0.0040
chestxray_resnet,LGBM,ScoreVector,clr,auprc_micro,0.2,0.3100±0.0081
chestxray_resnet,LGBM,ScoreVector,ecc,auprc_micro,0.2,0.3305±0.0041
chestxray_resnet,LGBM,ScoreVector,PartialOrder__Hamming__2,auprc_micro,0.3,0.2311±0.0059
chestxray_resnet,LGBM,ScoreVector,PartialOrder__Hamming__None,auprc_micro,0.3,0.2311±0.0059
chestxray_resnet,LGBM,ScoreVector,PartialOrder__Subset__2,auprc_micro,0.3,0.2311±0.0059
chestxray_resnet,LGBM,ScoreVector,PartialOrder__Subset__None,auprc_micro,0.3,0.2311±0.0059
chestxray_resnet,LGBM,ScoreVector,PreOrder__Hamming__2,auprc_micro,0.3,0.2311±0.0059
chestxray_resnet,LGBM,ScoreVector,PreOrder__Hamming__None,auprc_micro,0.3,0.2311±0.0059
chestxray_resnet,LGBM,ScoreVector,PreOrder__Subset__2,auprc_micro,0.3,0.2311±0.0059
chestxray_resnet,LGBM,ScoreVector,PreOrder__Subset__None,auprc_micro,0.3,0.2311±0.0059
chestxray_resnet,LGBM,ScoreVector,br,auprc_micro,0.3,0.2327±0.0045
chestxray_resnet,LGBM,ScoreVector,cc,auprc_micro,0.3,0.2307±0.0061
chestxray_resnet,LGBM,ScoreVector,clr,auprc_micro,0.3,0.2618±0.0028
chestxray_resnet,LGBM,ScoreVector,ecc,auprc_micro,0.3,0.2881±0.0070
chestxray_resnet,LGBM,ScoreVector,PartialOrder__Hamming__2,coverage,0.0,0.6069±0.0131
chestxray_resnet,LGBM,ScoreVector,PartialOrder__Hamming__None,coverage,0.0,0.6069±0.0131
chestxray_resnet,LGBM,ScoreVector,PartialOrder__Subset__2,coverage,0.0,0.6069±0.0131
chestxray_resnet,LGBM,ScoreVector,PartialOrder__Subset__None,coverage,0.0,0.6069±0.0131
chestxray_resnet,LGBM,ScoreVector,PreOrder__Hamming__2,coverage,0.0,0.6069±0.0131
chestxray_resnet,LGBM,ScoreVector,PreOrder__Hamming__None,coverage,0.0,0.6069±0.0131
chestxray_resnet,LGBM,ScoreVector,PreOrder__Subset__2,coverage,0.0,0.6069±0.0131
chestxray_resnet,LGBM,ScoreVector,PreOrder__Subset__None,coverage,0.0,0.6069±0.0131
chestxray_resnet,LGBM,ScoreVector,br,coverage,0.0,0.6069±0.0131
chestxray_resnet,LGBM,ScoreVector,cc,coverage,0.0,0.6003±0.0119
chestxray_resnet,LGBM,ScoreVector,clr,coverage,0.0,0.5438±0.0143
chestxray_resnet,LGBM,ScoreVector,ecc,coverage,0.0,0.5293±0.0134
chestxray_resnet,LGBM,ScoreVector,PartialOrder__Hamming__2,coverage,0.1,0.8874±0.0151
chestxray_resnet,LGBM,ScoreVector,PartialOrder__Hamming__None,coverage,0.1,0.8874±0.0151
chestxray_resnet,LGBM,ScoreVector,PartialOrder__Subset__2,coverage,0.1,0.8874±0.0151
chestxray_resnet,LGBM,ScoreVector,PartialOrder__Subset__None,coverage,0.1,0.8874±0.0151
chestxray_resnet,LGBM,ScoreVector,PreOrder__Hamming__2,coverage,0.1,0.8874±0.0151
chestxray_resnet,LGBM,ScoreVector,PreOrder__Hamming__None,coverage,0.1,0.8874±0.0151
chestxray_resnet,LGBM,ScoreVector,PreOrder__Subset__2,coverage,0.1,0.8874±0.0151
chestxray_resnet,LGBM,ScoreVector,PreOrder__Subset__None,coverage,0.1,0.8874±0.0151
chestxray_resnet,LGBM,ScoreVector,br,coverage,0.1,0.8842±0.0226
chestxray_resnet,LGBM,ScoreVector,cc,coverage,0.1,0.8488±0.0176
chestxray_resnet,LGBM,ScoreVector,clr,coverage,0.1,0.7465±0.0284
chestxray_resnet,LGBM,ScoreVector,ecc,coverage,0.1,0.7230±0.0220
chestxray_resnet,LGBM,ScoreVector,PartialOrder__Hamming__2,coverage,0.2,1.0306±0.0303
chestxray_resnet,LGBM,ScoreVector,PartialOrder__Hamming__None,coverage,0.2,1.0306±0.0303
chestxray_resnet,LGBM,ScoreVector,PartialOrder__Subset__2,coverage,0.2,1.0306±0.0303
chestxray_resnet,LGBM,ScoreVector,PartialOrder__Subset__None,coverage,0.2,1.0306±0.0303
chestxray_resnet,LGBM,ScoreVector,PreOrder__Hamming__2,coverage,0.2,1.0306±0.0303
chestxray_resnet,LGBM,ScoreVector,PreOrder__Hamming__None,coverage,0.2,1.0306±0.0303
chestxray_resnet,LGBM,ScoreVector,PreOrder__Subset__2,coverage,0.2,1.0306±0.0303
chestxray_resnet,LGBM,ScoreVector,PreOrder__Subset__None,coverage,0.2,1.0306±0.0303
chestxray_resnet,LGBM,ScoreVector,br,coverage,0.2,1.0506±0.0333
chestxray_resnet,LGBM,ScoreVector,cc,coverage,0.2,1.0166±0.0193
chestxray_resnet,LGBM,ScoreVector,clr,coverage,0.2,0.8758±0.0224
chestxray_resnet,LGBM,ScoreVector,ecc,coverage,0.2,0.8855±0.0300
chestxray_resnet,LGBM,ScoreVector,PartialOrder__Hamming__2,coverage,0.3,1.1914±0.0226
chestxray_resnet,LGBM,ScoreVector,PartialOrder__Hamming__None,coverage,0.3,1.1914±0.0226
chestxray_resnet,LGBM,ScoreVector,PartialOrder__Subset__2,coverage,0.3,1.1914±0.0226
chestxray_resnet,LGBM,ScoreVector,PartialOrder__Subset__None,coverage,0.3,1.1914±0.0226
chestxray_resnet,LGBM,ScoreVector,PreOrder__Hamming__2,coverage,0.3,1.1914±0.0226
chestxray_resnet,LGBM,ScoreVector,PreOrder__Hamming__None,coverage,0.3,1.1914±0.0226
chestxray_resnet,LGBM,ScoreVector,PreOrder__Subset__2,coverage,0.3,1.1914±0.0226
chestxray_resnet,LGBM,ScoreVector,PreOrder__Subset__None,coverage,0.3,1.1914±0.0226
chestxray_resnet,LGBM,ScoreVector,br,coverage,0.3,1.2103±0.0417
chestxray_resnet,LGBM,ScoreVector,cc,coverage,0.3,1.1986±0.0300
chestxray_resnet,LGBM,ScoreVector,clr,coverage,0.3,1.0193±0.0292
chestxray_resnet,LGBM,ScoreVector,ecc,coverage,0.3,1.0095±0.0276
chestxray_resnet,LGBM,ScoreVector,PartialOrder__Hamming__2,lr_ap,0.0,0.8346±0.0021
chestxray_resnet,LGBM,ScoreVector,PartialOrder__Hamming__None,lr_ap,0.0,0.8346±0.0021
chestxray_resnet,LGBM,ScoreVector,PartialOrder__Subset__2,lr_ap,0.0,0.8346±0.0021
chestxray_resnet,LGBM,ScoreVector,PartialOrder__Subset__None,lr_ap,0.0,0.8346±0.0021
chestxray_resnet,LGBM,ScoreVector,PreOrder__Hamming__2,lr_ap,0.0,0.8346±0.0021
chestxray_resnet,LGBM,ScoreVector,PreOrder__Hamming__None,lr_ap,0.0,0.8346±0.0021
chestxray_resnet,LGBM,ScoreVector,PreOrder__Subset__2,lr_ap,0.0,0.8346±0.0021
chestxray_resnet,LGBM,ScoreVector,PreOrder__Subset__None,lr_ap,0.0,0.8346±0.0021
chestxray_resnet,LGBM,ScoreVector,br,lr_ap,0.0,0.8346±0.0021
chestxray_resnet,LGBM,ScoreVector,cc,lr_ap,0.0,0.8354±0.0020
chestxray_resnet,LGBM,ScoreVector,clr,lr_ap,0.0,0.8472±0.0026
chestxray_resnet,LGBM,ScoreVector,ecc,lr_ap,0.0,0.8496±0.0016
chestxray_resnet,LGBM,ScoreVector,PartialOrder__Hamming__2,lr_ap,0.1,0.8081±0.0022
chestxray_resnet,LGBM,ScoreVector,PartialOrder__Hamming__None,lr_ap,0.1,0.8081±0.0022
chestxray_resnet,LGBM,ScoreVector,PartialOrder__Subset__2,lr_ap,0.1,0.8081±0.0022
chestxray_resnet,LGBM,ScoreVector,PartialOrder__Subset__None,lr_ap,0.1,0.8081±0.0022
chestxray_resnet,LGBM,ScoreVector,PreOrder__Hamming__2,lr_ap,0.1,0.8081±0.0022
chestxray_resnet,LGBM,ScoreVector,PreOrder__Hamming__None,lr_ap,0.1,0.8081±0.0022
chestxray_resnet,LGBM,ScoreVector,PreOrder__Subset__2,lr_ap,0.1,0.8081±0.0022
chestxray_resnet,LGBM,ScoreVector,PreOrder__Subset__None,lr_ap,0.1,0.8081±0.0022
chestxray_resnet,LGBM,ScoreVector,br,lr_ap,0.1,0.8074±0.0033
chestxray_resnet,LGBM,ScoreVector,cc,lr_ap,0.1,0.8114±0.0016
chestxray_resnet,LGBM,ScoreVector,clr,lr_ap,0.1,0.8285±0.0026
chestxray_resnet,LGBM,ScoreVector,ecc,lr_ap,0.1,0.8284±0.0024
chestxray_resnet,LGBM,ScoreVector,PartialOrder__Hamming__2,lr_ap,0.2,0.7887±0.0034
chestxray_resnet,LGBM,ScoreVector,PartialOrder__Hamming__None,lr_ap,0.2,0.7887±0.0034
chestxray_resnet,LGBM,ScoreVector,PartialOrder__Subset__2,lr_ap,0.2,0.7887±0.0034
chestxray_resnet,LGBM,ScoreVector,PartialOrder__Subset__None,lr_ap,0.2,0.7887±0.0034
chestxray_resnet,LGBM,ScoreVector,PreOrder__Hamming__2,lr_ap,0.2,0.7887±0.0034
chestxray_resnet,LGBM,ScoreVector,PreOrder__Hamming__None,lr_ap,0.2,0.7887±0.0034
chestxray_resnet,LGBM,ScoreVector,PreOrder__Subset__2,lr_ap,0.2,0.7887±0.0034
chestxray_resnet,LGBM,ScoreVector,PreOrder__Subset__None,lr_ap,0.2,0.7887±0.0034
chestxray_resnet,LGBM,ScoreVector,br,lr_ap,0.2,0.7874±0.0035
chestxray_resnet,LGBM,ScoreVector,cc,lr_ap,0.2,0.7901±0.0010
chestxray_resnet,LGBM,ScoreVector,clr,lr_ap,0.2,0.8142±0.0023
chestxray_resnet,LGBM,ScoreVector,ecc,lr_ap,0.2,0.8114±0.0027
chestxray_resnet,LGBM,ScoreVector,PartialOrder__Hamming__2,lr_ap,0.3,0.7627±0.0025
chestxray_resnet,LGBM,ScoreVector,PartialOrder__Hamming__None,lr_ap,0.3,0.7627±0.0025
chestxray_resnet,LGBM,ScoreVector,PartialOrder__Subset__2,lr_ap,0.3,0.7627±0.0025
chestxray_resnet,LGBM,ScoreVector,PartialOrder__Subset__None,lr_ap,0.3,0.7627±0.0025
chestxray_resnet,LGBM,ScoreVector,PreOrder__Hamming__2,lr_ap,0.3,0.7627±0.0025
chestxray_resnet,LGBM,ScoreVector,PreOrder__Hamming__None,lr_ap,0.3,0.7627±0.0025
chestxray_resnet,LGBM,ScoreVector,PreOrder__Subset__2,lr_ap,0.3,0.7627±0.0025
chestxray_resnet,LGBM,ScoreVector,PreOrder__Subset__None,lr_ap,0.3,0.7627±0.0025
chestxray_resnet,LGBM,ScoreVector,br,lr_ap,0.3,0.7598±0.0049
chestxray_resnet,LGBM,ScoreVector,cc,lr_ap,0.3,0.7633±0.0036
chestxray_resnet,LGBM,ScoreVector,clr,lr_ap,0.3,0.7907±0.0040
chestxray_resnet,LGBM,ScoreVector,ecc,lr_ap,0.3,0.7917±0.0017
chestxray_resnet,LGBM,ScoreVector,PartialOrder__Hamming__2,one_error,0.0,0.6888±0.0049
chestxray_resnet,LGBM,ScoreVector,PartialOrder__Hamming__None,one_error,0.0,0.6888±0.0049
chestxray_resnet,LGBM,ScoreVector,PartialOrder__Subset__2,one_error,0.0,0.6888±0.0049
chestxray_resnet,LGBM,ScoreVector,PartialOrder__Subset__None,one_error,0.0,0.6888±0.0049
chestxray_resnet,LGBM,ScoreVector,PreOrder__Hamming__2,one_error,0.0,0.6888±0.0049
chestxray_resnet,LGBM,ScoreVector,PreOrder__Hamming__None,one_error,0.0,0.6888±0.0049
chestxray_resnet,LGBM,ScoreVector,PreOrder__Subset__2,one_error,0.0,0.6888±0.0049
chestxray_resnet,LGBM,ScoreVector,PreOrder__Subset__None,one_error,0.0,0.6888±0.0049
chestxray_resnet,LGBM,ScoreVector,br,one_error,0.0,0.6888±0.0049
chestxray_resnet,LGBM,ScoreVector,cc,one_error,0.0,0.6884±0.0028
chestxray_resnet,LGBM,ScoreVector,clr,one_error,0.0,0.6700±0.0051
chestxray_resnet,LGBM,ScoreVector,ecc,one_error,0.0,0.6683±0.0034
chestxray_resnet,LGBM,ScoreVector,PartialOrder__Hamming__2,one_error,0.1,0.7093±0.0048
chestxray_resnet,LGBM,ScoreVector,PartialOrder__Hamming__None,one_error,0.1,0.7093±0.0048
chestxray_resnet,LGBM,ScoreVector,PartialOrder__Subset__2,one_error,0.1,0.7093±0.0048
chestxray_resnet,LGBM,ScoreVector,PartialOrder__Subset__None,one_error,0.1,0.7093±0.0048
chestxray_resnet,LGBM,ScoreVector,PreOrder__Hamming__2,one_error,0.1,0.7093±0.0048
chestxray_resnet,LGBM,ScoreVector,PreOrder__Hamming__None,one_error,0.1,0.7093±0.0048
chestxray_resnet,LGBM,ScoreVector,PreOrder__Subset__2,one_error,0.1,0.7093±0.0048
chestxray_resnet,LGBM,ScoreVector,PreOrder__Subset__None,one_error,0.1,0.7093±0.0048
chestxray_resnet,LGBM,ScoreVector,br,one_error,0.1,0.7107±0.0039
chestxray_resnet,LGBM,ScoreVector,cc,one_error,0.1,0.7073±0.0049
chestxray_resnet,LGBM,ScoreVector,clr,one_error,0.1,0.6841±0.0044
chestxray_resnet,LGBM,ScoreVector,ecc,one_error,0.1,0.6878±0.0020
chestxray_resnet,LGBM,ScoreVector,PartialOrder__Hamming__2,one_error,0.2,0.7328±0.0036
chestxray_resnet,LGBM,ScoreVector,PartialOrder__Hamming__None,one_error,0.2,0.7328±0.0036
chestxray_resnet,LGBM,ScoreVector,PartialOrder__Subset__2,one_error,0.2,0.7328±0.0036
chestxray_resnet,LGBM,ScoreVector,PartialOrder__Subset__None,one_error,0.2,0.7328±0.0036
chestxray_resnet,LGBM,ScoreVector,PreOrder__Hamming__2,one_error,0.2,0.7328±0.0036
chestxray_resnet,LGBM,ScoreVector,PreOrder__Hamming__None,one_error,0.2,0.7328±0.0036
chestxray_resnet,LGBM,ScoreVector,PreOrder__Subset__2,one_error,0.2,0.7328±0.0036
chestxray_resnet,LGBM,ScoreVector,PreOrder__Subset__None,one_error,0.2,0.7328±0.0036
chestxray_resnet,LGBM,ScoreVector,br,one_error,0.2,0.7317±0.0043
chestxray_resnet,LGBM,ScoreVector,cc,one_error,0.2,0.7303±0.0049
chestxray_resnet,LGBM,ScoreVector,clr,one_error,0.2,0.6976±0.0048
chestxray_resnet,LGBM,ScoreVector,ecc,one_error,0.2,0.7025±0.0030
chestxray_resnet,LGBM,ScoreVector,PartialOrder__Hamming__2,one_error,0.3,0.7682±0.0032
chestxray_resnet,LGBM,ScoreVector,PartialOrder__Hamming__None,one_error,0.3,0.7682±0.0032
chestxray_resnet,LGBM,ScoreVector,PartialOrder__Subset__2,one_error,0.3,0.7682±0.0032
chestxray_resnet,LGBM,ScoreVector,PartialOrder__Subset__None,one_error,0.3,0.7682±0.0032
chestxray_resnet,LGBM,ScoreVector,PreOrder__Hamming__2,one_error,0.3,0.7682±0.0032
chestxray_resnet,LGBM,ScoreVector,PreOrder__Hamming__None,one_error,0.3,0.7682±0.0032
chestxray_resnet,LGBM,ScoreVector,PreOrder__Subset__2,one_error,0.3,0.7682±0.0032
chestxray_resnet,LGBM,ScoreVector,PreOrder__Subset__None,one_error,0.3,0.7682±0.0032
chestxray_resnet,LGBM,ScoreVector,br,one_error,0.3,0.7710±0.0034
chestxray_resnet,LGBM,ScoreVector,cc,one_error,0.3,0.7655±0.0064
chestxray_resnet,LGBM,ScoreVector,clr,one_error,0.3,0.7291±0.0076
chestxray_resnet,LGBM,ScoreVector,ecc,one_error,0.3,0.7275±0.0040
chestxray_resnet,LGBM,ScoreVector,PartialOrder__Hamming__2,ranking_loss,0.0,0.0962±0.0015
chestxray_resnet,LGBM,ScoreVector,PartialOrder__Hamming__None,ranking_loss,0.0,0.0962±0.0015
chestxray_resnet,LGBM,ScoreVector,PartialOrder__Subset__2,ranking_loss,0.0,0.0962±0.0015
chestxray_resnet,LGBM,ScoreVector,PartialOrder__Subset__None,ranking_loss,0.0,0.0962±0.0015
chestxray_resnet,LGBM,ScoreVector,PreOrder__Hamming__2,ranking_loss,0.0,0.0962±0.0015
chestxray_resnet,LGBM,ScoreVector,PreOrder__Hamming__None,ranking_loss,0.0,0.0962±0.0015
chestxray_resnet,LGBM,ScoreVector,PreOrder__Subset__2,ranking_loss,0.0,0.0962±0.0015
chestxray_resnet,LGBM,ScoreVector,PreOrder__Subset__None,ranking_loss,0.0,0.0962±0.0015
chestxray_resnet,LGBM,ScoreVector,br,ranking_loss,0.0,0.0962±0.0015
chestxray_resnet,LGBM,ScoreVector,cc,ranking_loss,0.0,0.0957±0.0012
chestxray_resnet,LGBM,ScoreVector,clr,ranking_loss,0.0,0.0874±0.0017
chestxray_resnet,LGBM,ScoreVector,ecc,ranking_loss,0.0,0.0858±0.0014
chestxray_resnet,LGBM,ScoreVector,PartialOrder__Hamming__2,ranking_loss,0.1,0.1312±0.0012
chestxray_resnet,LGBM,ScoreVector,PartialOrder__Hamming__None,ranking_loss,0.1,0.1312±0.0012
chestxray_resnet,LGBM,ScoreVector,PartialOrder__Subset__2,ranking_loss,0.1,0.1312±0.0012
chestxray_resnet,LGBM,ScoreVector,PartialOrder__Subset__None,ranking_loss,0.1,0.1312±0.0012
chestxray_resnet,LGBM,ScoreVector,PreOrder__Hamming__2,ranking_loss,0.1,0.1312±0.0012
chestxray_resnet,LGBM,ScoreVector,PreOrder__Hamming__None,ranking_loss,0.1,0.1312±0.0012
chestxray_resnet,LGBM,ScoreVector,PreOrder__Subset__2,ranking_loss,0.1,0.1312±0.0012
chestxray_resnet,LGBM,ScoreVector,PreOrder__Subset__None,ranking_loss,0.1,0.1312±0.0012
chestxray_resnet,LGBM,ScoreVector,br,ranking_loss,0.1,0.1308±0.0028
chestxray_resnet,LGBM,ScoreVector,cc,ranking_loss,0.1,0.1267±0.0012
chestxray_resnet,LGBM,ScoreVector,clr,ranking_loss,0.1,0.1119±0.0025
chestxray_resnet,LGBM,ScoreVector,ecc,ranking_loss,0.1,0.1097±0.0021
chestxray_resnet,LGBM,ScoreVector,PartialOrder__Hamming__2,ranking_loss,0.2,0.1508±0.0036
chestxray_resnet,LGBM,ScoreVector,PartialOrder__Hamming__None,ranking_loss,0.2,0.1508±0.0036
chestxray_resnet,LGBM,ScoreVector,PartialOrder__Subset__2,ranking_loss,0.2,0.1508±0.0036
chestxray_resnet,LGBM,ScoreVector,PartialOrder__Subset__None,ranking_loss,0.2,0.1508±0.0036
chestxray_resnet,LGBM,ScoreVector,PreOrder__Hamming__2,ranking_loss,0.2,0.1508±0.0036
chestxray_resnet,LGBM,ScoreVector,PreOrder__Hamming__None,ranking_loss,0.2,0.1508±0.0036
chestxray_resnet,LGBM,ScoreVector,PreOrder__Subset__2,ranking_loss,0.2,0.1508±0.0036
chestxray_resnet,LGBM,ScoreVector,PreOrder__Subset__None,ranking_loss,0.2,0.1508±0.0036
chestxray_resnet,LGBM,ScoreVector,br,ranking_loss,0.2,0.1525±0.0041
chestxray_resnet,LGBM,ScoreVector,cc,ranking_loss,0.2,0.1488±0.0021
chestxray_resnet,LGBM,ScoreVector,clr,ranking_loss,0.2,0.1287±0.0027
chestxray_resnet,LGBM,ScoreVector,ecc,ranking_loss,0.2,0.1304±0.0026
chestxray_resnet,LGBM,ScoreVector,PartialOrder__Hamming__2,ranking_loss,0.3,0.1730±0.0016
chestxray_resnet,LGBM,ScoreVector,PartialOrder__Hamming__None,ranking_loss,0.3,0.1730±0.0016
chestxray_resnet,LGBM,ScoreVector,PartialOrder__Subset__2,ranking_loss,0.3,0.1730±0.0016
chestxray_resnet,LGBM,ScoreVector,PartialOrder__Subset__None,ranking_loss,0.3,0.1730±0.0016
chestxray_resnet,LGBM,ScoreVector,PreOrder__Hamming__2,ranking_loss,0.3,0.1730±0.0016
chestxray_resnet,LGBM,ScoreVector,PreOrder__Hamming__None,ranking_loss,0.3,0.1730±0.0016
chestxray_resnet,LGBM,ScoreVector,PreOrder__Subset__2,ranking_loss,0.3,0.1730±0.0016
chestxray_resnet,LGBM,ScoreVector,PreOrder__Subset__None,ranking_loss,0.3,0.1730±0.0016
chestxray_resnet,LGBM,ScoreVector,br,ranking_loss,0.3,0.1761±0.0047
chestxray_resnet,LGBM,ScoreVector,cc,ranking_loss,0.3,0.1743±0.0033
chestxray_resnet,LGBM,ScoreVector,clr,ranking_loss,0.3,0.1492±0.0027
chestxray_resnet,LGBM,ScoreVector,ecc,ranking_loss,0.3,0.1471±0.0020
chestxray_resnet,LGBM,ScoreVector,PartialOrder__Hamming__2,auc_macro,0.0,0.7702±0.0075
chestxray_resnet,LGBM,ScoreVector,PartialOrder__Hamming__None,auc_macro,0.0,0.7702±0.0075
chestxray_resnet,LGBM,ScoreVector,PartialOrder__Subset__2,auc_macro,0.0,0.7702±0.0075
chestxray_resnet,LGBM,ScoreVector,PartialOrder__Subset__None,auc_macro,0.0,0.7702±0.0075
chestxray_resnet,LGBM,ScoreVector,PreOrder__Hamming__2,auc_macro,0.0,0.7702±0.0075
chestxray_resnet,LGBM,ScoreVector,PreOrder__Hamming__None,auc_macro,0.0,0.7702±0.0075
chestxray_resnet,LGBM,ScoreVector,PreOrder__Subset__2,auc_macro,0.0,0.7702±0.0075
chestxray_resnet,LGBM,ScoreVector,PreOrder__Subset__None,auc_macro,0.0,0.7702±0.0075
chestxray_resnet,LGBM,ScoreVector,br,auc_macro,0.0,0.7702±0.0075
chestxray_resnet,LGBM,ScoreVector,cc,auc_macro,0.0,0.7683±0.0064
chestxray_resnet,LGBM,ScoreVector,clr,auc_macro,0.0,0.7508±0.0057
chestxray_resnet,LGBM,ScoreVector,ecc,auc_macro,0.0,0.7825±0.0063
chestxray_resnet,LGBM,ScoreVector,PartialOrder__Hamming__2,auc_macro,0.1,0.7353±0.0104
chestxray_resnet,LGBM,ScoreVector,PartialOrder__Hamming__None,auc_macro,0.1,0.7353±0.0104
chestxray_resnet,LGBM,ScoreVector,PartialOrder__Subset__2,auc_macro,0.1,0.7353±0.0104
chestxray_resnet,LGBM,ScoreVector,PartialOrder__Subset__None,auc_macro,0.1,0.7353±0.0104
chestxray_resnet,LGBM,ScoreVector,PreOrder__Hamming__2,auc_macro,0.1,0.7353±0.0104
chestxray_resnet,LGBM,ScoreVector,PreOrder__Hamming__None,auc_macro,0.1,0.7353±0.0104
chestxray_resnet,LGBM,ScoreVector,PreOrder__Subset__2,auc_macro,0.1,0.7353±0.0104
chestxray_resnet,LGBM,ScoreVector,PreOrder__Subset__None,auc_macro,0.1,0.7353±0.0104
chestxray_resnet,LGBM,ScoreVector,br,auc_macro,0.1,0.7316±0.0071
chestxray_resnet,LGBM,ScoreVector,cc,auc_macro,0.1,0.7316±0.0057
chestxray_resnet,LGBM,ScoreVector,clr,auc_macro,0.1,0.7266±0.0054
chestxray_resnet,LGBM,ScoreVector,ecc,auc_macro,0.1,0.7506±0.0068
chestxray_resnet,LGBM,ScoreVector,PartialOrder__Hamming__2,auc_macro,0.2,0.7012±0.0031
chestxray_resnet,LGBM,ScoreVector,PartialOrder__Hamming__None,auc_macro,0.2,0.7012±0.0031
chestxray_resnet,LGBM,ScoreVector,PartialOrder__Subset__2,auc_macro,0.2,0.7012±0.0031
chestxray_resnet,LGBM,ScoreVector,PartialOrder__Subset__None,auc_macro,0.2,0.7012±0.0031
chestxray_resnet,LGBM,ScoreVector,PreOrder__Hamming__2,auc_macro,0.2,0.7012±0.0031
chestxray_resnet,LGBM,ScoreVector,PreOrder__Hamming__None,auc_macro,0.2,0.7012±0.0031
chestxray_resnet,LGBM,ScoreVector,PreOrder__Subset__2,auc_macro,0.2,0.7012±0.0031
chestxray_resnet,LGBM,ScoreVector,PreOrder__Subset__None,auc_macro,0.2,0.7012±0.0031
chestxray_resnet,LGBM,ScoreVector,br,auc_macro,0.2,0.7005±0.0058
chestxray_resnet,LGBM,ScoreVector,cc,auc_macro,0.2,0.7013±0.0089
chestxray_resnet,LGBM,ScoreVector,clr,auc_macro,0.2,0.7095±0.0061
chestxray_resnet,LGBM,ScoreVector,ecc,auc_macro,0.2,0.7232±0.0069
chestxray_resnet,LGBM,ScoreVector,PartialOrder__Hamming__2,auc_macro,0.3,0.6590±0.0041
chestxray_resnet,LGBM,ScoreVector,PartialOrder__Hamming__None,auc_macro,0.3,0.6590±0.0041
chestxray_resnet,LGBM,ScoreVector,PartialOrder__Subset__2,auc_macro,0.3,0.6590±0.0041
chestxray_resnet,LGBM,ScoreVector,PartialOrder__Subset__None,auc_macro,0.3,0.6590±0.0041
chestxray_resnet,LGBM,ScoreVector,PreOrder__Hamming__2,auc_macro,0.3,0.6590±0.0041
chestxray_resnet,LGBM,ScoreVector,PreOrder__Hamming__None,auc_macro,0.3,0.6590±0.0041
chestxray_resnet,LGBM,ScoreVector,PreOrder__Subset__2,auc_macro,0.3,0.6590±0.0041
chestxray_resnet,LGBM,ScoreVector,PreOrder__Subset__None,auc_macro,0.3,0.6590±0.0041
chestxray_resnet,LGBM,ScoreVector,br,auc_macro,0.3,0.6618±0.0026
chestxray_resnet,LGBM,ScoreVector,cc,auc_macro,0.3,0.6620±0.0022
chestxray_resnet,LGBM,ScoreVector,clr,auc_macro,0.3,0.6820±0.0020
chestxray_resnet,LGBM,ScoreVector,ecc,auc_macro,0.3,0.7034±0.0065
chestxray_resnet,LGBM,ScoreVector,PartialOrder__Hamming__2,auc_micro,0.0,0.8195±0.0045
chestxray_resnet,LGBM,ScoreVector,PartialOrder__Hamming__None,auc_micro,0.0,0.8195±0.0045
chestxray_resnet,LGBM,ScoreVector,PartialOrder__Subset__2,auc_micro,0.0,0.8195±0.0045
chestxray_resnet,LGBM,ScoreVector,PartialOrder__Subset__None,auc_micro,0.0,0.8195±0.0045
chestxray_resnet,LGBM,ScoreVector,PreOrder__Hamming__2,auc_micro,0.0,0.8195±0.0045
chestxray_resnet,LGBM,ScoreVector,PreOrder__Hamming__None,auc_micro,0.0,0.8195±0.0045
chestxray_resnet,LGBM,ScoreVector,PreOrder__Subset__2,auc_micro,0.0,0.8195±0.0045
chestxray_resnet,LGBM,ScoreVector,PreOrder__Subset__None,auc_micro,0.0,0.8195±0.0045
chestxray_resnet,LGBM,ScoreVector,br,auc_micro,0.0,0.8195±0.0045
chestxray_resnet,LGBM,ScoreVector,cc,auc_micro,0.0,0.8185±0.0048
chestxray_resnet,LGBM,ScoreVector,clr,auc_micro,0.0,0.8079±0.0037
chestxray_resnet,LGBM,ScoreVector,ecc,auc_micro,0.0,0.8343±0.0048
chestxray_resnet,LGBM,ScoreVector,PartialOrder__Hamming__2,auc_micro,0.1,0.7623±0.0047
chestxray_resnet,LGBM,ScoreVector,PartialOrder__Hamming__None,auc_micro,0.1,0.7623±0.0047
chestxray_resnet,LGBM,ScoreVector,PartialOrder__Subset__2,auc_micro,0.1,0.7623±0.0047
chestxray_resnet,LGBM,ScoreVector,PartialOrder__Subset__None,auc_micro,0.1,0.7623±0.0047
chestxray_resnet,LGBM,ScoreVector,PreOrder__Hamming__2,auc_micro,0.1,0.7623±0.0047
chestxray_resnet,LGBM,ScoreVector,PreOrder__Hamming__None,auc_micro,0.1,0.7623±0.0047
chestxray_resnet,LGBM,ScoreVector,PreOrder__Subset__2,auc_micro,0.1,0.7623±0.0047
chestxray_resnet,LGBM,ScoreVector,PreOrder__Subset__None,auc_micro,0.1,0.7623±0.0047
chestxray_resnet,LGBM,ScoreVector,br,auc_micro,0.1,0.7617±0.0057
chestxray_resnet,LGBM,ScoreVector,cc,auc_micro,0.1,0.7676±0.0028
chestxray_resnet,LGBM,ScoreVector,clr,auc_micro,0.1,0.7715±0.0030
chestxray_resnet,LGBM,ScoreVector,ecc,auc_micro,0.1,0.7938±0.0037
chestxray_resnet,LGBM,ScoreVector,PartialOrder__Hamming__2,auc_micro,0.2,0.7250±0.0033
chestxray_resnet,LGBM,ScoreVector,PartialOrder__Hamming__None,auc_micro,0.2,0.7250±0.0033
chestxray_resnet,LGBM,ScoreVector,PartialOrder__Subset__2,auc_micro,0.2,0.7250±0.0033
chestxray_resnet,LGBM,ScoreVector,PartialOrder__Subset__None,auc_micro,0.2,0.7250±0.0033
chestxray_resnet,LGBM,ScoreVector,PreOrder__Hamming__2,auc_micro,0.2,0.7250±0.0033
chestxray_resnet,LGBM,ScoreVector,PreOrder__Hamming__None,auc_micro,0.2,0.7250±0.0033
chestxray_resnet,LGBM,ScoreVector,PreOrder__Subset__2,auc_micro,0.2,0.7250±0.0033
chestxray_resnet,LGBM,ScoreVector,PreOrder__Subset__None,auc_micro,0.2,0.7250±0.0033
chestxray_resnet,LGBM,ScoreVector,br,auc_micro,0.2,0.7238±0.0056
chestxray_resnet,LGBM,ScoreVector,cc,auc_micro,0.2,0.7295±0.0044
chestxray_resnet,LGBM,ScoreVector,clr,auc_micro,0.2,0.7427±0.0045
chestxray_resnet,LGBM,ScoreVector,ecc,auc_micro,0.2,0.7603±0.0039
chestxray_resnet,LGBM,ScoreVector,PartialOrder__Hamming__2,auc_micro,0.3,0.6799±0.0033
chestxray_resnet,LGBM,ScoreVector,PartialOrder__Hamming__None,auc_micro,0.3,0.6799±0.0033
chestxray_resnet,LGBM,ScoreVector,PartialOrder__Subset__2,auc_micro,0.3,0.6799±0.0033
chestxray_resnet,LGBM,ScoreVector,PartialOrder__Subset__None,auc_micro,0.3,0.6799±0.0033
chestxray_resnet,LGBM,ScoreVector,PreOrder__Hamming__2,auc_micro,0.3,0.6799±0.0033
chestxray_resnet,LGBM,ScoreVector,PreOrder__Hamming__None,auc_micro,0.3,0.6799±0.0033
chestxray_resnet,LGBM,ScoreVector,PreOrder__Subset__2,auc_micro,0.3,0.6799±0.0033
chestxray_resnet,LGBM,ScoreVector,PreOrder__Subset__None,auc_micro,0.3,0.6799±0.0033
chestxray_resnet,LGBM,ScoreVector,br,auc_micro,0.3,0.6805±0.0056
chestxray_resnet,LGBM,ScoreVector,cc,auc_micro,0.3,0.6799±0.0047
chestxray_resnet,LGBM,ScoreVector,clr,auc_micro,0.3,0.7071±0.0033
chestxray_resnet,LGBM,ScoreVector,ecc,auc_micro,0.3,0.7301±0.0035
chestxray_resnet,LGBM,ScoreVector,PartialOrder__Hamming__2,auprc_macro,0.0,0.3070±0.0089
chestxray_resnet,LGBM,ScoreVector,PartialOrder__Hamming__None,auprc_macro,0.0,0.3070±0.0089
chestxray_resnet,LGBM,ScoreVector,PartialOrder__Subset__2,auprc_macro,0.0,0.3070±0.0089
chestxray_resnet,LGBM,ScoreVector,PartialOrder__Subset__None,auprc_macro,0.0,0.3070±0.0089
chestxray_resnet,LGBM,ScoreVector,PreOrder__Hamming__2,auprc_macro,0.0,0.3070±0.0089
chestxray_resnet,LGBM,ScoreVector,PreOrder__Hamming__None,auprc_macro,0.0,0.3070±0.0089
chestxray_resnet,LGBM,ScoreVector,PreOrder__Subset__2,auprc_macro,0.0,0.3070±0.0089
chestxray_resnet,LGBM,ScoreVector,PreOrder__Subset__None,auprc_macro,0.0,0.3070±0.0089
chestxray_resnet,LGBM,ScoreVector,br,auprc_macro,0.0,0.3070±0.0089
chestxray_resnet,LGBM,ScoreVector,cc,auprc_macro,0.0,0.3007±0.0104
chestxray_resnet,LGBM,ScoreVector,clr,auprc_macro,0.0,0.2870±0.0067
chestxray_resnet,LGBM,ScoreVector,ecc,auprc_macro,0.0,0.3164±0.0087
chestxray_resnet,LGBM,ScoreVector,PartialOrder__Hamming__2,auprc_macro,0.1,0.2846±0.0050
chestxray_resnet,LGBM,ScoreVector,PartialOrder__Hamming__None,auprc_macro,0.1,0.2846±0.0050
chestxray_resnet,LGBM,ScoreVector,PartialOrder__Subset__2,auprc_macro,0.1,0.2846±0.0050
chestxray_resnet,LGBM,ScoreVector,PartialOrder__Subset__None,auprc_macro,0.1,0.2846±0.0050
chestxray_resnet,LGBM,ScoreVector,PreOrder__Hamming__2,auprc_macro,0.1,0.2846±0.0050
chestxray_resnet,LGBM,ScoreVector,PreOrder__Hamming__None,auprc_macro,0.1,0.2846±0.0050
chestxray_resnet,LGBM,ScoreVector,PreOrder__Subset__2,auprc_macro,0.1,0.2846±0.0050
chestxray_resnet,LGBM,ScoreVector,PreOrder__Subset__None,auprc_macro,0.1,0.2846±0.0050
chestxray_resnet,LGBM,ScoreVector,br,auprc_macro,0.1,0.2854±0.0071
chestxray_resnet,LGBM,ScoreVector,cc,auprc_macro,0.1,0.2834±0.0041
chestxray_resnet,LGBM,ScoreVector,clr,auprc_macro,0.1,0.2898±0.0047
chestxray_resnet,LGBM,ScoreVector,ecc,auprc_macro,0.1,0.3030±0.0061
chestxray_resnet,LGBM,ScoreVector,PartialOrder__Hamming__2,auprc_macro,0.2,0.2591±0.0042
chestxray_resnet,LGBM,ScoreVector,PartialOrder__Hamming__None,auprc_macro,0.2,0.2591±0.0042
chestxray_resnet,LGBM,ScoreVector,PartialOrder__Subset__2,auprc_macro,0.2,0.2591±0.0042
chestxray_resnet,LGBM,ScoreVector,PartialOrder__Subset__None,auprc_macro,0.2,0.2591±0.0042
chestxray_resnet,LGBM,ScoreVector,PreOrder__Hamming__2,auprc_macro,0.2,0.2591±0.0042
chestxray_resnet,LGBM,ScoreVector,PreOrder__Hamming__None,auprc_macro,0.2,0.2591±0.0042
chestxray_resnet,LGBM,ScoreVector,PreOrder__Subset__2,auprc_macro,0.2,0.2591±0.0042
chestxray_resnet,LGBM,ScoreVector,PreOrder__Subset__None,auprc_macro,0.2,0.2591±0.0042
chestxray_resnet,LGBM,ScoreVector,br,auprc_macro,0.2,0.2583±0.0048
chestxray_resnet,LGBM,ScoreVector,cc,auprc_macro,0.2,0.2578±0.0044
chestxray_resnet,LGBM,ScoreVector,clr,auprc_macro,0.2,0.2698±0.0073
chestxray_resnet,LGBM,ScoreVector,ecc,auprc_macro,0.2,0.2819±0.0038
chestxray_resnet,LGBM,ScoreVector,PartialOrder__Hamming__2,auprc_macro,0.3,0.2116±0.0025
chestxray_resnet,LGBM,ScoreVector,PartialOrder__Hamming__None,auprc_macro,0.3,0.2116±0.0025
chestxray_resnet,LGBM,ScoreVector,PartialOrder__Subset__2,auprc_macro,0.3,0.2116±0.0025
chestxray_resnet,LGBM,ScoreVector,PartialOrder__Subset__None,auprc_macro,0.3,0.2116±0.0025
chestxray_resnet,LGBM,ScoreVector,PreOrder__Hamming__2,auprc_macro,0.3,0.2116±0.0025
chestxray_resnet,LGBM,ScoreVector,PreOrder__Hamming__None,auprc_macro,0.3,0.2116±0.0025
chestxray_resnet,LGBM,ScoreVector,PreOrder__Subset__2,auprc_macro,0.3,0.2116±0.0025
chestxray_resnet,LGBM,ScoreVector,PreOrder__Subset__None,auprc_macro,0.3,0.2116±0.0025
chestxray_resnet,LGBM,ScoreVector,br,auprc_macro,0.3,0.2139±0.0024
chestxray_resnet,LGBM,ScoreVector,cc,auprc_macro,0.3,0.2108±0.0039
chestxray_resnet,LGBM,ScoreVector,clr,auprc_macro,0.3,0.2327±0.0054
chestxray_resnet,LGBM,ScoreVector,ecc,auprc_macro,0.3,0.2533±0.0081
chestxray_resnet,LGBM,ScoreVector,PartialOrder__Hamming__2,auprc_micro,0.0,0.3512±0.0081
chestxray_resnet,LGBM,ScoreVector,PartialOrder__Hamming__None,auprc_micro,0.0,0.3512±0.0081
chestxray_resnet,LGBM,ScoreVector,PartialOrder__Subset__2,auprc_micro,0.0,0.3512±0.0081
chestxray_resnet,LGBM,ScoreVector,PartialOrder__Subset__None,auprc_micro,0.0,0.3512±0.0081
chestxray_resnet,LGBM,ScoreVector,PreOrder__Hamming__2,auprc_micro,0.0,0.3512±0.0081
chestxray_resnet,LGBM,ScoreVector,PreOrder__Hamming__None,auprc_micro,0.0,0.3512±0.0081
chestxray_resnet,LGBM,ScoreVector,PreOrder__Subset__2,auprc_micro,0.0,0.3512±0.0081
chestxray_resnet,LGBM,ScoreVector,PreOrder__Subset__None,auprc_micro,0.0,0.3512±0.0081
chestxray_resnet,LGBM,ScoreVector,br,auprc_micro,0.0,0.3512±0.0081
chestxray_resnet,LGBM,ScoreVector,cc,auprc_micro,0.0,0.3493±0.0103
chestxray_resnet,LGBM,ScoreVector,clr,auprc_micro,0.0,0.3334±0.0067
chestxray_resnet,LGBM,ScoreVector,ecc,auprc_micro,0.0,0.3790±0.0092
chestxray_resnet,LGBM,ScoreVector,PartialOrder__Hamming__2,auprc_micro,0.1,0.3211±0.0063
chestxray_resnet,LGBM,ScoreVector,PartialOrder__Hamming__None,auprc_micro,0.1,0.3211±0.0063
chestxray_resnet,LGBM,ScoreVector,PartialOrder__Subset__2,auprc_micro,0.1,0.3211±0.0063
chestxray_resnet,LGBM,ScoreVector,PartialOrder__Subset__None,auprc_micro,0.1,0.3211±0.0063
chestxray_resnet,LGBM,ScoreVector,PreOrder__Hamming__2,auprc_micro,0.1,0.3211±0.0063
chestxray_resnet,LGBM,ScoreVector,PreOrder__Hamming__None,auprc_micro,0.1,0.3211±0.0063
chestxray_resnet,LGBM,ScoreVector,PreOrder__Subset__2,auprc_micro,0.1,0.3211±0.0063
chestxray_resnet,LGBM,ScoreVector,PreOrder__Subset__None,auprc_micro,0.1,0.3211±0.0063
chestxray_resnet,LGBM,ScoreVector,br,auprc_micro,0.1,0.3192±0.0084
chestxray_resnet,LGBM,ScoreVector,cc,auprc_micro,0.1,0.3260±0.0078
chestxray_resnet,LGBM,ScoreVector,clr,auprc_micro,0.1,0.3380±0.0059
chestxray_resnet,LGBM,ScoreVector,ecc,auprc_micro,0.1,0.3564±0.0067
chestxray_resnet,LGBM,ScoreVector,PartialOrder__Hamming__2,auprc_micro,0.2,0.2877±0.0050
chestxray_resnet,LGBM,ScoreVector,PartialOrder__Hamming__None,auprc_micro,0.2,0.2877±0.0050
chestxray_resnet,LGBM,ScoreVector,PartialOrder__Subset__2,auprc_micro,0.2,0.2877±0.0050
chestxray_resnet,LGBM,ScoreVector,PartialOrder__Subset__None,auprc_micro,0.2,0.2877±0.0050
chestxray_resnet,LGBM,ScoreVector,PreOrder__Hamming__2,auprc_micro,0.2,0.2877±0.0050
chestxray_resnet,LGBM,ScoreVector,PreOrder__Hamming__None,auprc_micro,0.2,0.2877±0.0050
chestxray_resnet,LGBM,ScoreVector,PreOrder__Subset__2,auprc_micro,0.2,0.2877±0.0050
chestxray_resnet,LGBM,ScoreVector,PreOrder__Subset__None,auprc_micro,0.2,0.2877±0.0050
chestxray_resnet,LGBM,ScoreVector,br,auprc_micro,0.2,0.2867±0.0061
chestxray_resnet,LGBM,ScoreVector,cc,auprc_micro,0.2,0.2887±0.0040
chestxray_resnet,LGBM,ScoreVector,clr,auprc_micro,0.2,0.3100±0.0081
chestxray_resnet,LGBM,ScoreVector,ecc,auprc_micro,0.2,0.3305±0.0041
chestxray_resnet,LGBM,ScoreVector,PartialOrder__Hamming__2,auprc_micro,0.3,0.2311±0.0059
chestxray_resnet,LGBM,ScoreVector,PartialOrder__Hamming__None,auprc_micro,0.3,0.2311±0.0059
chestxray_resnet,LGBM,ScoreVector,PartialOrder__Subset__2,auprc_micro,0.3,0.2311±0.0059
chestxray_resnet,LGBM,ScoreVector,PartialOrder__Subset__None,auprc_micro,0.3,0.2311±0.0059
chestxray_resnet,LGBM,ScoreVector,PreOrder__Hamming__2,auprc_micro,0.3,0.2311±0.0059
chestxray_resnet,LGBM,ScoreVector,PreOrder__Hamming__None,auprc_micro,0.3,0.2311±0.0059
chestxray_resnet,LGBM,ScoreVector,PreOrder__Subset__2,auprc_micro,0.3,0.2311±0.0059
chestxray_resnet,LGBM,ScoreVector,PreOrder__Subset__None,auprc_micro,0.3,0.2311±0.0059
chestxray_resnet,LGBM,ScoreVector,br,auprc_micro,0.3,0.2327±0.0045
chestxray_resnet,LGBM,ScoreVector,cc,auprc_micro,0.3,0.2307±0.0061
chestxray_resnet,LGBM,ScoreVector,clr,auprc_micro,0.3,0.2618±0.0028
chestxray_resnet,LGBM,ScoreVector,ecc,auprc_micro,0.3,0.2881±0.0070
chestxray_resnet,LGBM,ScoreVector,PartialOrder__Hamming__2,coverage,0.0,0.6069±0.0131
chestxray_resnet,LGBM,ScoreVector,PartialOrder__Hamming__None,coverage,0.0,0.6069±0.0131
chestxray_resnet,LGBM,ScoreVector,PartialOrder__Subset__2,coverage,0.0,0.6069±0.0131
chestxray_resnet,LGBM,ScoreVector,PartialOrder__Subset__None,coverage,0.0,0.6069±0.0131
chestxray_resnet,LGBM,ScoreVector,PreOrder__Hamming__2,coverage,0.0,0.6069±0.0131
chestxray_resnet,LGBM,ScoreVector,PreOrder__Hamming__None,coverage,0.0,0.6069±0.0131
chestxray_resnet,LGBM,ScoreVector,PreOrder__Subset__2,coverage,0.0,0.6069±0.0131
chestxray_resnet,LGBM,ScoreVector,PreOrder__Subset__None,coverage,0.0,0.6069±0.0131
chestxray_resnet,LGBM,ScoreVector,br,coverage,0.0,0.6069±0.0131
chestxray_resnet,LGBM,ScoreVector,cc,coverage,0.0,0.6003±0.0119
chestxray_resnet,LGBM,ScoreVector,clr,coverage,0.0,0.5438±0.0143
chestxray_resnet,LGBM,ScoreVector,ecc,coverage,0.0,0.5293±0.0134
chestxray_resnet,LGBM,ScoreVector,PartialOrder__Hamming__2,coverage,0.1,0.8874±0.0151
chestxray_resnet,LGBM,ScoreVector,PartialOrder__Hamming__None,coverage,0.1,0.8874±0.0151
chestxray_resnet,LGBM,ScoreVector,PartialOrder__Subset__2,coverage,0.1,0.8874±0.0151
chestxray_resnet,LGBM,ScoreVector,PartialOrder__Subset__None,coverage,0.1,0.8874±0.0151
chestxray_resnet,LGBM,ScoreVector,PreOrder__Hamming__2,coverage,0.1,0.8874±0.0151
chestxray_resnet,LGBM,ScoreVector,PreOrder__Hamming__None,coverage,0.1,0.8874±0.0151
chestxray_resnet,LGBM,ScoreVector,PreOrder__Subset__2,coverage,0.1,0.8874±0.0151
chestxray_resnet,LGBM,ScoreVector,PreOrder__Subset__None,coverage,0.1,0.8874±0.0151
chestxray_resnet,LGBM,ScoreVector,br,coverage,0.1,0.8842±0.0226
chestxray_resnet,LGBM,ScoreVector,cc,coverage,0.1,0.8488±0.0176
chestxray_resnet,LGBM,ScoreVector,clr,coverage,0.1,0.7465±0.0284
chestxray_resnet,LGBM,ScoreVector,ecc,coverage,0.1,0.7230±0.0220
chestxray_resnet,LGBM,ScoreVector,PartialOrder__Hamming__2,coverage,0.2,1.0306±0.0303
chestxray_resnet,LGBM,ScoreVector,PartialOrder__Hamming__None,coverage,0.2,1.0306±0.0303
chestxray_resnet,LGBM,ScoreVector,PartialOrder__Subset__2,coverage,0.2,1.0306±0.0303
chestxray_resnet,LGBM,ScoreVector,PartialOrder__Subset__None,coverage,0.2,1.0306±0.0303
chestxray_resnet,LGBM,ScoreVector,PreOrder__Hamming__2,coverage,0.2,1.0306±0.0303
chestxray_resnet,LGBM,ScoreVector,PreOrder__Hamming__None,coverage,0.2,1.0306±0.0303
chestxray_resnet,LGBM,ScoreVector,PreOrder__Subset__2,coverage,0.2,1.0306±0.0303
chestxray_resnet,LGBM,ScoreVector,PreOrder__Subset__None,coverage,0.2,1.0306±0.0303
chestxray_resnet,LGBM,ScoreVector,br,coverage,0.2,1.0506±0.0333
chestxray_resnet,LGBM,ScoreVector,cc,coverage,0.2,1.0166±0.0193
chestxray_resnet,LGBM,ScoreVector,clr,coverage,0.2,0.8758±0.0224
chestxray_resnet,LGBM,ScoreVector,ecc,coverage,0.2,0.8855±0.0300
chestxray_resnet,LGBM,ScoreVector,PartialOrder__Hamming__2,coverage,0.3,1.1914±0.0226
chestxray_resnet,LGBM,ScoreVector,PartialOrder__Hamming__None,coverage,0.3,1.1914±0.0226
chestxray_resnet,LGBM,ScoreVector,PartialOrder__Subset__2,coverage,0.3,1.1914±0.0226
chestxray_resnet,LGBM,ScoreVector,PartialOrder__Subset__None,coverage,0.3,1.1914±0.0226
chestxray_resnet,LGBM,ScoreVector,PreOrder__Hamming__2,coverage,0.3,1.1914±0.0226
chestxray_resnet,LGBM,ScoreVector,PreOrder__Hamming__None,coverage,0.3,1.1914±0.0226
chestxray_resnet,LGBM,ScoreVector,PreOrder__Subset__2,coverage,0.3,1.1914±0.0226
chestxray_resnet,LGBM,ScoreVector,PreOrder__Subset__None,coverage,0.3,1.1914±0.0226
chestxray_resnet,LGBM,ScoreVector,br,coverage,0.3,1.2103±0.0417
chestxray_resnet,LGBM,ScoreVector,cc,coverage,0.3,1.1986±0.0300
chestxray_resnet,LGBM,ScoreVector,clr,coverage,0.3,1.0193±0.0292
chestxray_resnet,LGBM,ScoreVector,ecc,coverage,0.3,1.0095±0.0276
chestxray_resnet,LGBM,ScoreVector,PartialOrder__Hamming__2,lr_ap,0.0,0.8346±0.0021
chestxray_resnet,LGBM,ScoreVector,PartialOrder__Hamming__None,lr_ap,0.0,0.8346±0.0021
chestxray_resnet,LGBM,ScoreVector,PartialOrder__Subset__2,lr_ap,0.0,0.8346±0.0021
chestxray_resnet,LGBM,ScoreVector,PartialOrder__Subset__None,lr_ap,0.0,0.8346±0.0021
chestxray_resnet,LGBM,ScoreVector,PreOrder__Hamming__2,lr_ap,0.0,0.8346±0.0021
chestxray_resnet,LGBM,ScoreVector,PreOrder__Hamming__None,lr_ap,0.0,0.8346±0.0021
chestxray_resnet,LGBM,ScoreVector,PreOrder__Subset__2,lr_ap,0.0,0.8346±0.0021
chestxray_resnet,LGBM,ScoreVector,PreOrder__Subset__None,lr_ap,0.0,0.8346±0.0021
chestxray_resnet,LGBM,ScoreVector,br,lr_ap,0.0,0.8346±0.0021
chestxray_resnet,LGBM,ScoreVector,cc,lr_ap,0.0,0.8354±0.0020
chestxray_resnet,LGBM,ScoreVector,clr,lr_ap,0.0,0.8472±0.0026
chestxray_resnet,LGBM,ScoreVector,ecc,lr_ap,0.0,0.8496±0.0016
chestxray_resnet,LGBM,ScoreVector,PartialOrder__Hamming__2,lr_ap,0.1,0.8081±0.0022
chestxray_resnet,LGBM,ScoreVector,PartialOrder__Hamming__None,lr_ap,0.1,0.8081±0.0022
chestxray_resnet,LGBM,ScoreVector,PartialOrder__Subset__2,lr_ap,0.1,0.8081±0.0022
chestxray_resnet,LGBM,ScoreVector,PartialOrder__Subset__None,lr_ap,0.1,0.8081±0.0022
chestxray_resnet,LGBM,ScoreVector,PreOrder__Hamming__2,lr_ap,0.1,0.8081±0.0022
chestxray_resnet,LGBM,ScoreVector,PreOrder__Hamming__None,lr_ap,0.1,0.8081±0.0022
chestxray_resnet,LGBM,ScoreVector,PreOrder__Subset__2,lr_ap,0.1,0.8081±0.0022
chestxray_resnet,LGBM,ScoreVector,PreOrder__Subset__None,lr_ap,0.1,0.8081±0.0022
chestxray_resnet,LGBM,ScoreVector,br,lr_ap,0.1,0.8074±0.0033
chestxray_resnet,LGBM,ScoreVector,cc,lr_ap,0.1,0.8114±0.0016
chestxray_resnet,LGBM,ScoreVector,clr,lr_ap,0.1,0.8285±0.0026
chestxray_resnet,LGBM,ScoreVector,ecc,lr_ap,0.1,0.8284±0.0024
chestxray_resnet,LGBM,ScoreVector,PartialOrder__Hamming__2,lr_ap,0.2,0.7887±0.0034
chestxray_resnet,LGBM,ScoreVector,PartialOrder__Hamming__None,lr_ap,0.2,0.7887±0.0034
chestxray_resnet,LGBM,ScoreVector,PartialOrder__Subset__2,lr_ap,0.2,0.7887±0.0034
chestxray_resnet,LGBM,ScoreVector,PartialOrder__Subset__None,lr_ap,0.2,0.7887±0.0034
chestxray_resnet,LGBM,ScoreVector,PreOrder__Hamming__2,lr_ap,0.2,0.7887±0.0034
chestxray_resnet,LGBM,ScoreVector,PreOrder__Hamming__None,lr_ap,0.2,0.7887±0.0034
chestxray_resnet,LGBM,ScoreVector,PreOrder__Subset__2,lr_ap,0.2,0.7887±0.0034
chestxray_resnet,LGBM,ScoreVector,PreOrder__Subset__None,lr_ap,0.2,0.7887±0.0034
chestxray_resnet,LGBM,ScoreVector,br,lr_ap,0.2,0.7874±0.0035
chestxray_resnet,LGBM,ScoreVector,cc,lr_ap,0.2,0.7901±0.0010
chestxray_resnet,LGBM,ScoreVector,clr,lr_ap,0.2,0.8142±0.0023
chestxray_resnet,LGBM,ScoreVector,ecc,lr_ap,0.2,0.8114±0.0027
chestxray_resnet,LGBM,ScoreVector,PartialOrder__Hamming__2,lr_ap,0.3,0.7627±0.0025
chestxray_resnet,LGBM,ScoreVector,PartialOrder__Hamming__None,lr_ap,0.3,0.7627±0.0025
chestxray_resnet,LGBM,ScoreVector,PartialOrder__Subset__2,lr_ap,0.3,0.7627±0.0025
chestxray_resnet,LGBM,ScoreVector,PartialOrder__Subset__None,lr_ap,0.3,0.7627±0.0025
chestxray_resnet,LGBM,ScoreVector,PreOrder__Hamming__2,lr_ap,0.3,0.7627±0.0025
chestxray_resnet,LGBM,ScoreVector,PreOrder__Hamming__None,lr_ap,0.3,0.7627±0.0025
chestxray_resnet,LGBM,ScoreVector,PreOrder__Subset__2,lr_ap,0.3,0.7627±0.0025
chestxray_resnet,LGBM,ScoreVector,PreOrder__Subset__None,lr_ap,0.3,0.7627±0.0025
chestxray_resnet,LGBM,ScoreVector,br,lr_ap,0.3,0.7598±0.0049
chestxray_resnet,LGBM,ScoreVector,cc,lr_ap,0.3,0.7633±0.0036
chestxray_resnet,LGBM,ScoreVector,clr,lr_ap,0.3,0.7907±0.0040
chestxray_resnet,LGBM,ScoreVector,ecc,lr_ap,0.3,0.7917±0.0017
chestxray_resnet,LGBM,ScoreVector,PartialOrder__Hamming__2,one_error,0.0,0.6888±0.0049
chestxray_resnet,LGBM,ScoreVector,PartialOrder__Hamming__None,one_error,0.0,0.6888±0.0049
chestxray_resnet,LGBM,ScoreVector,PartialOrder__Subset__2,one_error,0.0,0.6888±0.0049
chestxray_resnet,LGBM,ScoreVector,PartialOrder__Subset__None,one_error,0.0,0.6888±0.0049
chestxray_resnet,LGBM,ScoreVector,PreOrder__Hamming__2,one_error,0.0,0.6888±0.0049
chestxray_resnet,LGBM,ScoreVector,PreOrder__Hamming__None,one_error,0.0,0.6888±0.0049
chestxray_resnet,LGBM,ScoreVector,PreOrder__Subset__2,one_error,0.0,0.6888±0.0049
chestxray_resnet,LGBM,ScoreVector,PreOrder__Subset__None,one_error,0.0,0.6888±0.0049
chestxray_resnet,LGBM,ScoreVector,br,one_error,0.0,0.6888±0.0049
chestxray_resnet,LGBM,ScoreVector,cc,one_error,0.0,0.6884±0.0028
chestxray_resnet,LGBM,ScoreVector,clr,one_error,0.0,0.6700±0.0051
chestxray_resnet,LGBM,ScoreVector,ecc,one_error,0.0,0.6683±0.0034
chestxray_resnet,LGBM,ScoreVector,PartialOrder__Hamming__2,one_error,0.1,0.7093±0.0048
chestxray_resnet,LGBM,ScoreVector,PartialOrder__Hamming__None,one_error,0.1,0.7093±0.0048
chestxray_resnet,LGBM,ScoreVector,PartialOrder__Subset__2,one_error,0.1,0.7093±0.0048
chestxray_resnet,LGBM,ScoreVector,PartialOrder__Subset__None,one_error,0.1,0.7093±0.0048
chestxray_resnet,LGBM,ScoreVector,PreOrder__Hamming__2,one_error,0.1,0.7093±0.0048
chestxray_resnet,LGBM,ScoreVector,PreOrder__Hamming__None,one_error,0.1,0.7093±0.0048
chestxray_resnet,LGBM,ScoreVector,PreOrder__Subset__2,one_error,0.1,0.7093±0.0048
chestxray_resnet,LGBM,ScoreVector,PreOrder__Subset__None,one_error,0.1,0.7093±0.0048
chestxray_resnet,LGBM,ScoreVector,br,one_error,0.1,0.7107±0.0039
chestxray_resnet,LGBM,ScoreVector,cc,one_error,0.1,0.7073±0.0049
chestxray_resnet,LGBM,ScoreVector,clr,one_error,0.1,0.6841±0.0044
chestxray_resnet,LGBM,ScoreVector,ecc,one_error,0.1,0.6878±0.0020
chestxray_resnet,LGBM,ScoreVector,PartialOrder__Hamming__2,one_error,0.2,0.7328±0.0036
chestxray_resnet,LGBM,ScoreVector,PartialOrder__Hamming__None,one_error,0.2,0.7328±0.0036
chestxray_resnet,LGBM,ScoreVector,PartialOrder__Subset__2,one_error,0.2,0.7328±0.0036
chestxray_resnet,LGBM,ScoreVector,PartialOrder__Subset__None,one_error,0.2,0.7328±0.0036
chestxray_resnet,LGBM,ScoreVector,PreOrder__Hamming__2,one_error,0.2,0.7328±0.0036
chestxray_resnet,LGBM,ScoreVector,PreOrder__Hamming__None,one_error,0.2,0.7328±0.0036
chestxray_resnet,LGBM,ScoreVector,PreOrder__Subset__2,one_error,0.2,0.7328±0.0036
chestxray_resnet,LGBM,ScoreVector,PreOrder__Subset__None,one_error,0.2,0.7328±0.0036
chestxray_resnet,LGBM,ScoreVector,br,one_error,0.2,0.7317±0.0043
chestxray_resnet,LGBM,ScoreVector,cc,one_error,0.2,0.7303±0.0049
chestxray_resnet,LGBM,ScoreVector,clr,one_error,0.2,0.6976±0.0048
chestxray_resnet,LGBM,ScoreVector,ecc,one_error,0.2,0.7025±0.0030
chestxray_resnet,LGBM,ScoreVector,PartialOrder__Hamming__2,one_error,0.3,0.7682±0.0032
chestxray_resnet,LGBM,ScoreVector,PartialOrder__Hamming__None,one_error,0.3,0.7682±0.0032
chestxray_resnet,LGBM,ScoreVector,PartialOrder__Subset__2,one_error,0.3,0.7682±0.0032
chestxray_resnet,LGBM,ScoreVector,PartialOrder__Subset__None,one_error,0.3,0.7682±0.0032
chestxray_resnet,LGBM,ScoreVector,PreOrder__Hamming__2,one_error,0.3,0.7682±0.0032
chestxray_resnet,LGBM,ScoreVector,PreOrder__Hamming__None,one_error,0.3,0.7682±0.0032
chestxray_resnet,LGBM,ScoreVector,PreOrder__Subset__2,one_error,0.3,0.7682±0.0032
chestxray_resnet,LGBM,ScoreVector,PreOrder__Subset__None,one_error,0.3,0.7682±0.0032
chestxray_resnet,LGBM,ScoreVector,br,one_error,0.3,0.7710±0.0034
chestxray_resnet,LGBM,ScoreVector,cc,one_error,0.3,0.7655±0.0064
chestxray_resnet,LGBM,ScoreVector,clr,one_error,0.3,0.7291±0.0076
chestxray_resnet,LGBM,ScoreVector,ecc,one_error,0.3,0.7275±0.0040
chestxray_resnet,LGBM,ScoreVector,PartialOrder__Hamming__2,ranking_loss,0.0,0.0962±0.0015
chestxray_resnet,LGBM,ScoreVector,PartialOrder__Hamming__None,ranking_loss,0.0,0.0962±0.0015
chestxray_resnet,LGBM,ScoreVector,PartialOrder__Subset__2,ranking_loss,0.0,0.0962±0.0015
chestxray_resnet,LGBM,ScoreVector,PartialOrder__Subset__None,ranking_loss,0.0,0.0962±0.0015
chestxray_resnet,LGBM,ScoreVector,PreOrder__Hamming__2,ranking_loss,0.0,0.0962±0.0015
chestxray_resnet,LGBM,ScoreVector,PreOrder__Hamming__None,ranking_loss,0.0,0.0962±0.0015
chestxray_resnet,LGBM,ScoreVector,PreOrder__Subset__2,ranking_loss,0.0,0.0962±0.0015
chestxray_resnet,LGBM,ScoreVector,PreOrder__Subset__None,ranking_loss,0.0,0.0962±0.0015
chestxray_resnet,LGBM,ScoreVector,br,ranking_loss,0.0,0.0962±0.0015
chestxray_resnet,LGBM,ScoreVector,cc,ranking_loss,0.0,0.0957±0.0012
chestxray_resnet,LGBM,ScoreVector,clr,ranking_loss,0.0,0.0874±0.0017
chestxray_resnet,LGBM,ScoreVector,ecc,ranking_loss,0.0,0.0858±0.0014
chestxray_resnet,LGBM,ScoreVector,PartialOrder__Hamming__2,ranking_loss,0.1,0.1312±0.0012
chestxray_resnet,LGBM,ScoreVector,PartialOrder__Hamming__None,ranking_loss,0.1,0.1312±0.0012
chestxray_resnet,LGBM,ScoreVector,PartialOrder__Subset__2,ranking_loss,0.1,0.1312±0.0012
chestxray_resnet,LGBM,ScoreVector,PartialOrder__Subset__None,ranking_loss,0.1,0.1312±0.0012
chestxray_resnet,LGBM,ScoreVector,PreOrder__Hamming__2,ranking_loss,0.1,0.1312±0.0012
chestxray_resnet,LGBM,ScoreVector,PreOrder__Hamming__None,ranking_loss,0.1,0.1312±0.0012
chestxray_resnet,LGBM,ScoreVector,PreOrder__Subset__2,ranking_loss,0.1,0.1312±0.0012
chestxray_resnet,LGBM,ScoreVector,PreOrder__Subset__None,ranking_loss,0.1,0.1312±0.0012
chestxray_resnet,LGBM,ScoreVector,br,ranking_loss,0.1,0.1308±0.0028
chestxray_resnet,LGBM,ScoreVector,cc,ranking_loss,0.1,0.1267±0.0012
chestxray_resnet,LGBM,ScoreVector,clr,ranking_loss,0.1,0.1119±0.0025
chestxray_resnet,LGBM,ScoreVector,ecc,ranking_loss,0.1,0.1097±0.0021
chestxray_resnet,LGBM,ScoreVector,PartialOrder__Hamming__2,ranking_loss,0.2,0.1508±0.0036
chestxray_resnet,LGBM,ScoreVector,PartialOrder__Hamming__None,ranking_loss,0.2,0.1508±0.0036
chestxray_resnet,LGBM,ScoreVector,PartialOrder__Subset__2,ranking_loss,0.2,0.1508±0.0036
chestxray_resnet,LGBM,ScoreVector,PartialOrder__Subset__None,ranking_loss,0.2,0.1508±0.0036
chestxray_resnet,LGBM,ScoreVector,PreOrder__Hamming__2,ranking_loss,0.2,0.1508±0.0036
chestxray_resnet,LGBM,ScoreVector,PreOrder__Hamming__None,ranking_loss,0.2,0.1508±0.0036
chestxray_resnet,LGBM,ScoreVector,PreOrder__Subset__2,ranking_loss,0.2,0.1508±0.0036
chestxray_resnet,LGBM,ScoreVector,PreOrder__Subset__None,ranking_loss,0.2,0.1508±0.0036
chestxray_resnet,LGBM,ScoreVector,br,ranking_loss,0.2,0.1525±0.0041
chestxray_resnet,LGBM,ScoreVector,cc,ranking_loss,0.2,0.1488±0.0021
chestxray_resnet,LGBM,ScoreVector,clr,ranking_loss,0.2,0.1287±0.0027
chestxray_resnet,LGBM,ScoreVector,ecc,ranking_loss,0.2,0.1304±0.0026
chestxray_resnet,LGBM,ScoreVector,PartialOrder__Hamming__2,ranking_loss,0.3,0.1730±0.0016
chestxray_resnet,LGBM,ScoreVector,PartialOrder__Hamming__None,ranking_loss,0.3,0.1730±0.0016
chestxray_resnet,LGBM,ScoreVector,PartialOrder__Subset__2,ranking_loss,0.3,0.1730±0.0016
chestxray_resnet,LGBM,ScoreVector,PartialOrder__Subset__None,ranking_loss,0.3,0.1730±0.0016
chestxray_resnet,LGBM,ScoreVector,PreOrder__Hamming__2,ranking_loss,0.3,0.1730±0.0016
chestxray_resnet,LGBM,ScoreVector,PreOrder__Hamming__None,ranking_loss,0.3,0.1730±0.0016
chestxray_resnet,LGBM,ScoreVector,PreOrder__Subset__2,ranking_loss,0.3,0.1730±0.0016
chestxray_resnet,LGBM,ScoreVector,PreOrder__Subset__None,ranking_loss,0.3,0.1730±0.0016
chestxray_resnet,LGBM,ScoreVector,br,ranking_loss,0.3,0.1761±0.0047
chestxray_resnet,LGBM,ScoreVector,cc,ranking_loss,0.3,0.1743±0.0033
chestxray_resnet,LGBM,ScoreVector,clr,ranking_loss,0.3,0.1492±0.0027
chestxray_resnet,LGBM,ScoreVector,ecc,ranking_loss,0.3,0.1471±0.0020
chestxray_resnet,RF,BinaryVector,PartialOrder__Hamming__2,afrd,0.0,0.9029±0.0046
chestxray_resnet,RF,BinaryVector,PartialOrder__Hamming__None,afrd,0.0,0.8981±0.0062
chestxray_resnet,RF,BinaryVector,PartialOrder__Subset__2,afrd,0.0,0.9029±0.0046
chestxray_resnet,RF,BinaryVector,PartialOrder__Subset__None,afrd,0.0,0.8995±0.0049
chestxray_resnet,RF,BinaryVector,PreOrder__Hamming__2,afrd,0.0,0.8639±0.0060
chestxray_resnet,RF,BinaryVector,PreOrder__Hamming__None,afrd,0.0,0.8588±0.0064
chestxray_resnet,RF,BinaryVector,PreOrder__Subset__2,afrd,0.0,0.8634±0.0061
chestxray_resnet,RF,BinaryVector,PreOrder__Subset__None,afrd,0.0,0.8593±0.0064
chestxray_resnet,RF,BinaryVector,br,afrd,0.0,0.9475±0.0055
chestxray_resnet,RF,BinaryVector,cc,afrd,0.0,0.9493±0.0027
chestxray_resnet,RF,BinaryVector,clr,afrd,0.0,0.9914±0.0019
chestxray_resnet,RF,BinaryVector,ecc,afrd,0.0,0.9588±0.0034
chestxray_resnet,RF,BinaryVector,mlknn,afrd,0.0,0.7998±0.0070
chestxray_resnet,RF,BinaryVector,PartialOrder__Hamming__2,afrd,0.1,0.9072±0.0072
chestxray_resnet,RF,BinaryVector,PartialOrder__Hamming__None,afrd,0.1,0.9024±0.0073
chestxray_resnet,RF,BinaryVector,PartialOrder__Subset__2,afrd,0.1,0.9071±0.0071
chestxray_resnet,RF,BinaryVector,PartialOrder__Subset__None,afrd,0.1,0.9036±0.0070
chestxray_resnet,RF,BinaryVector,PreOrder__Hamming__2,afrd,0.1,0.8235±0.0103
chestxray_resnet,RF,BinaryVector,PreOrder__Hamming__None,afrd,0.1,0.8169±0.0100
chestxray_resnet,RF,BinaryVector,PreOrder__Subset__2,afrd,0.1,0.8230±0.0102
chestxray_resnet,RF,BinaryVector,PreOrder__Subset__None,afrd,0.1,0.8179±0.0100
chestxray_resnet,RF,BinaryVector,br,afrd,0.1,0.9369±0.0040
chestxray_resnet,RF,BinaryVector,cc,afrd,0.1,0.9372±0.0040
chestxray_resnet,RF,BinaryVector,clr,afrd,0.1,0.9887±0.0027
chestxray_resnet,RF,BinaryVector,ecc,afrd,0.1,0.9513±0.0042
chestxray_resnet,RF,BinaryVector,mlknn,afrd,0.1,0.7680±0.0084
chestxray_resnet,RF,BinaryVector,PartialOrder__Hamming__2,afrd,0.2,0.9124±0.0078
chestxray_resnet,RF,BinaryVector,PartialOrder__Hamming__None,afrd,0.2,0.9062±0.0084
chestxray_resnet,RF,BinaryVector,PartialOrder__Subset__2,afrd,0.2,0.9123±0.0078
chestxray_resnet,RF,BinaryVector,PartialOrder__Subset__None,afrd,0.2,0.9079±0.0079
chestxray_resnet,RF,BinaryVector,PreOrder__Hamming__2,afrd,0.2,0.7474±0.0110
chestxray_resnet,RF,BinaryVector,PreOrder__Hamming__None,afrd,0.2,0.7382±0.0117
chestxray_resnet,RF,BinaryVector,PreOrder__Subset__2,afrd,0.2,0.7464±0.0110
chestxray_resnet,RF,BinaryVector,PreOrder__Subset__None,afrd,0.2,0.7395±0.0107
chestxray_resnet,RF,BinaryVector,br,afrd,0.2,0.9175±0.0050
chestxray_resnet,RF,BinaryVector,cc,afrd,0.2,0.9179±0.0058
chestxray_resnet,RF,BinaryVector,clr,afrd,0.2,0.9893±0.0024
chestxray_resnet,RF,BinaryVector,ecc,afrd,0.2,0.9384±0.0042
chestxray_resnet,RF,BinaryVector,mlknn,afrd,0.2,0.6819±0.0257
chestxray_resnet,RF,BinaryVector,PartialOrder__Hamming__2,afrd,0.3,0.8999±0.0061
chestxray_resnet,RF,BinaryVector,PartialOrder__Hamming__None,afrd,0.3,0.8918±0.0057
chestxray_resnet,RF,BinaryVector,PartialOrder__Subset__2,afrd,0.3,0.8998±0.0060
chestxray_resnet,RF,BinaryVector,PartialOrder__Subset__None,afrd,0.3,0.8942±0.0060
chestxray_resnet,RF,BinaryVector,PreOrder__Hamming__2,afrd,0.3,0.5601±0.0168
chestxray_resnet,RF,BinaryVector,PreOrder__Hamming__None,afrd,0.3,0.5545±0.0167
chestxray_resnet,RF,BinaryVector,PreOrder__Subset__2,afrd,0.3,0.5586±0.0164
chestxray_resnet,RF,BinaryVector,PreOrder__Subset__None,afrd,0.3,0.5569±0.0166
chestxray_resnet,RF,BinaryVector,br,afrd,0.3,0.8682±0.0081
chestxray_resnet,RF,BinaryVector,cc,afrd,0.3,0.8682±0.0067
chestxray_resnet,RF,BinaryVector,clr,afrd,0.3,0.9898±0.0027
chestxray_resnet,RF,BinaryVector,ecc,afrd,0.3,0.9142±0.0079
chestxray_resnet,RF,BinaryVector,mlknn,afrd,0.3,0.5430±0.0471
chestxray_resnet,RF,BinaryVector,PartialOrder__Hamming__2,example_precision,0.0,0.1190±0.0019
chestxray_resnet,RF,BinaryVector,PartialOrder__Hamming__None,example_precision,0.0,0.1194±0.0018
chestxray_resnet,RF,BinaryVector,PartialOrder__Subset__2,example_precision,0.0,0.1190±0.0019
chestxray_resnet,RF,BinaryVector,PartialOrder__Subset__None,example_precision,0.0,0.1195±0.0019
chestxray_resnet,RF,BinaryVector,PreOrder__Hamming__2,example_precision,0.0,0.1225±0.0021
chestxray_resnet,RF,BinaryVector,PreOrder__Hamming__None,example_precision,0.0,0.1230±0.0020
chestxray_resnet,RF,BinaryVector,PreOrder__Subset__2,example_precision,0.0,0.1225±0.0022
chestxray_resnet,RF,BinaryVector,PreOrder__Subset__None,example_precision,0.0,0.1231±0.0022
chestxray_resnet,RF,BinaryVector,br,example_precision,0.0,0.4811±0.0027
chestxray_resnet,RF,BinaryVector,cc,example_precision,0.0,0.4800±0.0022
chestxray_resnet,RF,BinaryVector,clr,example_precision,0.0,0.4595±0.0035
chestxray_resnet,RF,BinaryVector,ecc,example_precision,0.0,0.4760±0.0038
chestxray_resnet,RF,BinaryVector,mlknn,example_precision,0.0,0.5142±0.0039
chestxray_resnet,RF,BinaryVector,PartialOrder__Hamming__2,example_precision,0.1,0.1157±0.0017
chestxray_resnet,RF,BinaryVector,PartialOrder__Hamming__None,example_precision,0.1,0.1162±0.0018
chestxray_resnet,RF,BinaryVector,PartialOrder__Subset__2,example_precision,0.1,0.1157±0.0017
chestxray_resnet,RF,BinaryVector,PartialOrder__Subset__None,example_precision,0.1,0.1162±0.0018
chestxray_resnet,RF,BinaryVector,PreOrder__Hamming__2,example_precision,0.1,0.1238±0.0023
chestxray_resnet,RF,BinaryVector,PreOrder__Hamming__None,example_precision,0.1,0.1243±0.0024
chestxray_resnet,RF,BinaryVector,PreOrder__Subset__2,example_precision,0.1,0.1238±0.0023
chestxray_resnet,RF,BinaryVector,PreOrder__Subset__None,example_precision,0.1,0.1243±0.0024
chestxray_resnet,RF,BinaryVector,br,example_precision,0.1,0.4815±0.0042
chestxray_resnet,RF,BinaryVector,cc,example_precision,0.1,0.4808±0.0040
chestxray_resnet,RF,BinaryVector,clr,example_precision,0.1,0.4604±0.0040
chestxray_resnet,RF,BinaryVector,ecc,example_precision,0.1,0.4778±0.0038
chestxray_resnet,RF,BinaryVector,mlknn,example_precision,0.1,0.4871±0.0071
chestxray_resnet,RF,BinaryVector,PartialOrder__Hamming__2,example_precision,0.2,0.1126±0.0017
chestxray_resnet,RF,BinaryVector,PartialOrder__Hamming__None,example_precision,0.2,0.1129±0.0017
chestxray_resnet,RF,BinaryVector,PartialOrder__Subset__2,example_precision,0.2,0.1126±0.0016
chestxray_resnet,RF,BinaryVector,PartialOrder__Subset__None,example_precision,0.2,0.1129±0.0017
chestxray_resnet,RF,BinaryVector,PreOrder__Hamming__2,example_precision,0.2,0.1259±0.0025
chestxray_resnet,RF,BinaryVector,PreOrder__Hamming__None,example_precision,0.2,0.1263±0.0026
chestxray_resnet,RF,BinaryVector,PreOrder__Subset__2,example_precision,0.2,0.1258±0.0025
chestxray_resnet,RF,BinaryVector,PreOrder__Subset__None,example_precision,0.2,0.1263±0.0024
chestxray_resnet,RF,BinaryVector,br,example_precision,0.2,0.4804±0.0038
chestxray_resnet,RF,BinaryVector,cc,example_precision,0.2,0.4790±0.0036
chestxray_resnet,RF,BinaryVector,clr,example_precision,0.2,0.4596±0.0036
chestxray_resnet,RF,BinaryVector,ecc,example_precision,0.2,0.4794±0.0040
chestxray_resnet,RF,BinaryVector,mlknn,example_precision,0.2,0.3935±0.0094
chestxray_resnet,RF,BinaryVector,PartialOrder__Hamming__2,example_precision,0.3,0.1103±0.0016
chestxray_resnet,RF,BinaryVector,PartialOrder__Hamming__None,example_precision,0.3,0.1107±0.0016
chestxray_resnet,RF,BinaryVector,PartialOrder__Subset__2,example_precision,0.3,0.1103±0.0016
chestxray_resnet,RF,BinaryVector,PartialOrder__Subset__None,example_precision,0.3,0.1107±0.0016
chestxray_resnet,RF,BinaryVector,PreOrder__Hamming__2,example_precision,0.3,0.1304±0.0023
chestxray_resnet,RF,BinaryVector,PreOrder__Hamming__None,example_precision,0.3,0.1307±0.0023
chestxray_resnet,RF,BinaryVector,PreOrder__Subset__2,example_precision,0.3,0.1301±0.0023
chestxray_resnet,RF,BinaryVector,PreOrder__Subset__None,example_precision,0.3,0.1300±0.0022
chestxray_resnet,RF,BinaryVector,br,example_precision,0.3,0.4577±0.0060
chestxray_resnet,RF,BinaryVector,cc,example_precision,0.3,0.4598±0.0069
chestxray_resnet,RF,BinaryVector,clr,example_precision,0.3,0.4586±0.0041
chestxray_resnet,RF,BinaryVector,ecc,example_precision,0.3,0.4764±0.0046
chestxray_resnet,RF,BinaryVector,mlknn,example_precision,0.3,0.2550±0.0165
chestxray_resnet,RF,BinaryVector,PartialOrder__Hamming__2,example_recall,0.0,0.5357±0.0045
chestxray_resnet,RF,BinaryVector,PartialOrder__Hamming__None,example_recall,0.0,0.5353±0.0046
chestxray_resnet,RF,BinaryVector,PartialOrder__Subset__2,example_recall,0.0,0.5357±0.0045
chestxray_resnet,RF,BinaryVector,PartialOrder__Subset__None,example_recall,0.0,0.5354±0.0044
chestxray_resnet,RF,BinaryVector,PreOrder__Hamming__2,example_recall,0.0,0.5248±0.0025
chestxray_resnet,RF,BinaryVector,PreOrder__Hamming__None,example_recall,0.0,0.5244±0.0026
chestxray_resnet,RF,BinaryVector,PreOrder__Subset__2,example_recall,0.0,0.5245±0.0025
chestxray_resnet,RF,BinaryVector,PreOrder__Subset__None,example_recall,0.0,0.5245±0.0030
chestxray_resnet,RF,BinaryVector,br,example_recall,0.0,0.4678±0.0023
chestxray_resnet,RF,BinaryVector,cc,example_recall,0.0,0.4670±0.0026
chestxray_resnet,RF,BinaryVector,clr,example_recall,0.0,0.4572±0.0035
chestxray_resnet,RF,BinaryVector,ecc,example_recall,0.0,0.4657±0.0035
chestxray_resnet,RF,BinaryVector,mlknn,example_recall,0.0,0.4854±0.0035
chestxray_resnet,RF,BinaryVector,PartialOrder__Hamming__2,example_recall,0.1,0.5358±0.0037
chestxray_resnet,RF,BinaryVector,PartialOrder__Hamming__None,example_recall,0.1,0.5354±0.0037
chestxray_resnet,RF,BinaryVector,PartialOrder__Subset__2,example_recall,0.1,0.5358±0.0037
chestxray_resnet,RF,BinaryVector,PartialOrder__Subset__None,example_recall,0.1,0.5354±0.0039
chestxray_resnet,RF,BinaryVector,PreOrder__Hamming__2,example_recall,0.1,0.5172±0.0044
chestxray_resnet,RF,BinaryVector,PreOrder__Hamming__None,example_recall,0.1,0.5168±0.0042
chestxray_resnet,RF,BinaryVector,PreOrder__Subset__2,example_recall,0.1,0.5169±0.0045
chestxray_resnet,RF,BinaryVector,PreOrder__Subset__None,example_recall,0.1,0.5163±0.0042
chestxray_resnet,RF,BinaryVector,br,example_recall,0.1,0.4667±0.0042
chestxray_resnet,RF,BinaryVector,cc,example_recall,0.1,0.4662±0.0037
chestxray_resnet,RF,BinaryVector,clr,example_recall,0.1,0.4574±0.0039
chestxray_resnet,RF,BinaryVector,ecc,example_recall,0.1,0.4660±0.0036
chestxray_resnet,RF,BinaryVector,mlknn,example_recall,0.1,0.4617±0.0053
chestxray_resnet,RF,BinaryVector,PartialOrder__Hamming__2,example_recall,0.2,0.5353±0.0039
chestxray_resnet,RF,BinaryVector,PartialOrder__Hamming__None,example_recall,0.2,0.5346±0.0041
chestxray_resnet,RF,BinaryVector,PartialOrder__Subset__2,example_recall,0.2,0.5353±0.0039
chestxray_resnet,RF,BinaryVector,PartialOrder__Subset__None,example_recall,0.2,0.5346±0.0039
chestxray_resnet,RF,BinaryVector,PreOrder__Hamming__2,example_recall,0.2,0.5018±0.0041
chestxray_resnet,RF,BinaryVector,PreOrder__Hamming__None,example_recall,0.2,0.5015±0.0045
chestxray_resnet,RF,BinaryVector,PreOrder__Subset__2,example_recall,0.2,0.5013±0.0041
chestxray_resnet,RF,BinaryVector,PreOrder__Subset__None,example_recall,0.2,0.5012±0.0042
chestxray_resnet,RF,BinaryVector,br,example_recall,0.2,0.4632±0.0040
chestxray_resnet,RF,BinaryVector,cc,example_recall,0.2,0.4620±0.0035
chestxray_resnet,RF,BinaryVector,clr,example_recall,0.2,0.4570±0.0035
chestxray_resnet,RF,BinaryVector,ecc,example_recall,0.2,0.4654±0.0034
chestxray_resnet,RF,BinaryVector,mlknn,example_recall,0.2,0.3872±0.0075
chestxray_resnet,RF,BinaryVector,PartialOrder__Hamming__2,example_recall,0.3,0.5308±0.0044
chestxray_resnet,RF,BinaryVector,PartialOrder__Hamming__None,example_recall,0.3,0.5297±0.0044
chestxray_resnet,RF,BinaryVector,PartialOrder__Subset__2,example_recall,0.3,0.5308±0.0044
chestxray_resnet,RF,BinaryVector,PartialOrder__Subset__None,example_recall,0.3,0.5299±0.0044
chestxray_resnet,RF,BinaryVector,PreOrder__Hamming__2,example_recall,0.3,0.4612±0.0056
chestxray_resnet,RF,BinaryVector,PreOrder__Hamming__None,example_recall,0.3,0.4636±0.0055
chestxray_resnet,RF,BinaryVector,PreOrder__Subset__2,example_recall,0.3,0.4600±0.0055
chestxray_resnet,RF,BinaryVector,PreOrder__Subset__None,example_recall,0.3,0.4629±0.0051
chestxray_resnet,RF,BinaryVector,br,example_recall,0.3,0.4396±0.0058
chestxray_resnet,RF,BinaryVector,cc,example_recall,0.3,0.4420±0.0058
chestxray_resnet,RF,BinaryVector,clr,example_recall,0.3,0.4563±0.0037
chestxray_resnet,RF,BinaryVector,ecc,example_recall,0.3,0.4602±0.0039
chestxray_resnet,RF,BinaryVector,mlknn,example_recall,0.3,0.2888±0.0130
chestxray_resnet,RF,BinaryVector,PartialOrder__Hamming__2,f1,0.0,0.1838±0.0027
chestxray_resnet,RF,BinaryVector,PartialOrder__Hamming__None,f1,0.0,0.1843±0.0026
chestxray_resnet,RF,BinaryVector,PartialOrder__Subset__2,f1,0.0,0.1838±0.0027
chestxray_resnet,RF,BinaryVector,PartialOrder__Subset__None,f1,0.0,0.1844±0.0027
chestxray_resnet,RF,BinaryVector,PreOrder__Hamming__2,f1,0.0,0.1839±0.0025
chestxray_resnet,RF,BinaryVector,PreOrder__Hamming__None,f1,0.0,0.1847±0.0024
chestxray_resnet,RF,BinaryVector,PreOrder__Subset__2,f1,0.0,0.1838±0.0025
chestxray_resnet,RF,BinaryVector,PreOrder__Subset__None,f1,0.0,0.1847±0.0026
chestxray_resnet,RF,BinaryVector,br,f1,0.0,0.4715±0.0025
chestxray_resnet,RF,BinaryVector,cc,f1,0.0,0.4707±0.0025
chestxray_resnet,RF,BinaryVector,clr,f1,0.0,0.4579±0.0035
chestxray_resnet,RF,BinaryVector,ecc,f1,0.0,0.4686±0.0036
chestxray_resnet,RF,BinaryVector,mlknn,f1,0.0,0.4911±0.0034
chestxray_resnet,RF,BinaryVector,PartialOrder__Hamming__2,f1,0.1,0.1815±0.0024
chestxray_resnet,RF,BinaryVector,PartialOrder__Hamming__None,f1,0.1,0.1819±0.0024
chestxray_resnet,RF,BinaryVector,PartialOrder__Subset__2,f1,0.1,0.1815±0.0024
chestxray_resnet,RF,BinaryVector,PartialOrder__Subset__None,f1,0.1,0.1820±0.0024
chestxray_resnet,RF,BinaryVector,PreOrder__Hamming__2,f1,0.1,0.1855±0.0026
chestxray_resnet,RF,BinaryVector,PreOrder__Hamming__None,f1,0.1,0.1864±0.0027
chestxray_resnet,RF,BinaryVector,PreOrder__Subset__2,f1,0.1,0.1854±0.0027
chestxray_resnet,RF,BinaryVector,PreOrder__Subset__None,f1,0.1,0.1862±0.0027
chestxray_resnet,RF,BinaryVector,br,f1,0.1,0.4707±0.0042
chestxray_resnet,RF,BinaryVector,cc,f1,0.1,0.4702±0.0038
chestxray_resnet,RF,BinaryVector,clr,f1,0.1,0.4583±0.0040
chestxray_resnet,RF,BinaryVector,ecc,f1,0.1,0.4693±0.0037
chestxray_resnet,RF,BinaryVector,mlknn,f1,0.1,0.4644±0.0060
chestxray_resnet,RF,BinaryVector,PartialOrder__Hamming__2,f1,0.2,0.1787±0.0023
chestxray_resnet,RF,BinaryVector,PartialOrder__Hamming__None,f1,0.2,0.1791±0.0024
chestxray_resnet,RF,BinaryVector,PartialOrder__Subset__2,f1,0.2,0.1787±0.0023
chestxray_resnet,RF,BinaryVector,PartialOrder__Subset__None,f1,0.2,0.1791±0.0023
chestxray_resnet,RF,BinaryVector,PreOrder__Hamming__2,f1,0.2,0.1873±0.0027
chestxray_resnet,RF,BinaryVector,PreOrder__Hamming__None,f1,0.2,0.1884±0.0029
chestxray_resnet,RF,BinaryVector,PreOrder__Subset__2,f1,0.2,0.1870±0.0027
chestxray_resnet,RF,BinaryVector,PreOrder__Subset__None,f1,0.2,0.1883±0.0028
chestxray_resnet,RF,BinaryVector,br,f1,0.2,0.4675±0.0039
chestxray_resnet,RF,BinaryVector,cc,f1,0.2,0.4662±0.0035
chestxray_resnet,RF,BinaryVector,clr,f1,0.2,0.4577±0.0036
chestxray_resnet,RF,BinaryVector,ecc,f1,0.2,0.4691±0.0036
chestxray_resnet,RF,BinaryVector,mlknn,f1,0.2,0.3785±0.0082
chestxray_resnet,RF,BinaryVector,PartialOrder__Hamming__2,f1,0.3,0.1762±0.0024
chestxray_resnet,RF,BinaryVector,PartialOrder__Hamming__None,f1,0.3,0.1766±0.0023
chestxray_resnet,RF,BinaryVector,PartialOrder__Subset__2,f1,0.3,0.1762±0.0023
chestxray_resnet,RF,BinaryVector,PartialOrder__Subset__None,f1,0.3,0.1766±0.0023
chestxray_resnet,RF,BinaryVector,PreOrder__Hamming__2,f1,0.3,0.1899±0.0027
chestxray_resnet,RF,BinaryVector,PreOrder__Hamming__None,f1,0.3,0.1915±0.0028
chestxray_resnet,RF,BinaryVector,PreOrder__Subset__2,f1,0.3,0.1893±0.0027
chestxray_resnet,RF,BinaryVector,PreOrder__Subset__None,f1,0.3,0.1908±0.0026
chestxray_resnet,RF,BinaryVector,br,f1,0.3,0.4425±0.0058
chestxray_resnet,RF,BinaryVector,cc,f1,0.3,0.4447±0.0062
chestxray_resnet,RF,BinaryVector,clr,f1,0.3,0.4569±0.0038
chestxray_resnet,RF,BinaryVector,ecc,f1,0.3,0.4638±0.0040
chestxray_resnet,RF,BinaryVector,mlknn,f1,0.3,0.2555±0.0140
chestxray_resnet,RF,BinaryVector,PartialOrder__Hamming__2,hamming_accuracy,0.0,0.1546±0.0019
chestxray_resnet,RF,BinaryVector,PartialOrder__Hamming__None,hamming_accuracy,0.0,0.1567±0.0020
chestxray_resnet,RF,BinaryVector,PartialOrder__Subset__2,hamming_accuracy,0.0,0.1546±0.0019
chestxray_resnet,RF,BinaryVector,PartialOrder__Subset__None,hamming_accuracy,0.0,0.1566±0.0021
chestxray_resnet,RF,BinaryVector,PreOrder__Hamming__2,hamming_accuracy,0.0,0.1648±0.0027
chestxray_resnet,RF,BinaryVector,PreOrder__Hamming__None,hamming_accuracy,0.0,0.1676±0.0030
chestxray_resnet,RF,BinaryVector,PreOrder__Subset__2,hamming_accuracy,0.0,0.1647±0.0027
chestxray_resnet,RF,BinaryVector,PreOrder__Subset__None,hamming_accuracy,0.0,0.1673±0.0027
chestxray_resnet,RF,BinaryVector,br,hamming_accuracy,0.0,0.8967±0.0015
chestxray_resnet,RF,BinaryVector,cc,hamming_accuracy,0.0,0.8965±0.0013
chestxray_resnet,RF,BinaryVector,clr,hamming_accuracy,0.0,0.8955±0.0014
chestxray_resnet,RF,BinaryVector,ecc,hamming_accuracy,0.0,0.8968±0.0014
chestxray_resnet,RF,BinaryVector,mlknn,hamming_accuracy,0.0,0.8934±0.0005
chestxray_resnet,RF,BinaryVector,PartialOrder__Hamming__2,hamming_accuracy,0.1,0.1526±0.0029
chestxray_resnet,RF,BinaryVector,PartialOrder__Hamming__None,hamming_accuracy,0.1,0.1549±0.0028
chestxray_resnet,RF,BinaryVector,PartialOrder__Subset__2,hamming_accuracy,0.1,0.1526±0.0029
chestxray_resnet,RF,BinaryVector,PartialOrder__Subset__None,hamming_accuracy,0.1,0.1548±0.0028
chestxray_resnet,RF,BinaryVector,PreOrder__Hamming__2,hamming_accuracy,0.1,0.1824±0.0040
chestxray_resnet,RF,BinaryVector,PreOrder__Hamming__None,hamming_accuracy,0.1,0.1864±0.0041
chestxray_resnet,RF,BinaryVector,PreOrder__Subset__2,hamming_accuracy,0.1,0.1824±0.0040
chestxray_resnet,RF,BinaryVector,PreOrder__Subset__None,hamming_accuracy,0.1,0.1859±0.0040
chestxray_resnet,RF,BinaryVector,br,hamming_accuracy,0.1,0.8958±0.0014
chestxray_resnet,RF,BinaryVector,cc,hamming_accuracy,0.1,0.8957±0.0014
chestxray_resnet,RF,BinaryVector,clr,hamming_accuracy,0.1,0.8955±0.0015
chestxray_resnet,RF,BinaryVector,ecc,hamming_accuracy,0.1,0.8964±0.0013
chestxray_resnet,RF,BinaryVector,mlknn,hamming_accuracy,0.1,0.8836±0.0011
chestxray_resnet,RF,BinaryVector,PartialOrder__Hamming__2,hamming_accuracy,0.2,0.1494±0.0030
chestxray_resnet,RF,BinaryVector,PartialOrder__Hamming__None,hamming_accuracy,0.2,0.1521±0.0032
chestxray_resnet,RF,BinaryVector,PartialOrder__Subset__2,hamming_accuracy,0.2,0.1493±0.0030
chestxray_resnet,RF,BinaryVector,PartialOrder__Subset__None,hamming_accuracy,0.2,0.1517±0.0030
chestxray_resnet,RF,BinaryVector,PreOrder__Hamming__2,hamming_accuracy,0.2,0.2145±0.0053
chestxray_resnet,RF,BinaryVector,PreOrder__Hamming__None,hamming_accuracy,0.2,0.2202±0.0053
chestxray_resnet,RF,BinaryVector,PreOrder__Subset__2,hamming_accuracy,0.2,0.2144±0.0053
chestxray_resnet,RF,BinaryVector,PreOrder__Subset__None,hamming_accuracy,0.2,0.2196±0.0052
chestxray_resnet,RF,BinaryVector,br,hamming_accuracy,0.2,0.8935±0.0015
chestxray_resnet,RF,BinaryVector,cc,hamming_accuracy,0.2,0.8932±0.0015
chestxray_resnet,RF,BinaryVector,clr,hamming_accuracy,0.2,0.8953±0.0015
chestxray_resnet,RF,BinaryVector,ecc,hamming_accuracy,0.2,0.8954±0.0015
chestxray_resnet,RF,BinaryVector,mlknn,hamming_accuracy,0.2,0.8497±0.0045
chestxray_resnet,RF,BinaryVector,PartialOrder__Hamming__2,hamming_accuracy,0.3,0.1529±0.0025
chestxray_resnet,RF,BinaryVector,PartialOrder__Hamming__None,hamming_accuracy,0.3,0.1565±0.0026
chestxray_resnet,RF,BinaryVector,PartialOrder__Subset__2,hamming_accuracy,0.3,0.1529±0.0025
chestxray_resnet,RF,BinaryVector,PartialOrder__Subset__None,hamming_accuracy,0.3,0.1558±0.0024
chestxray_resnet,RF,BinaryVector,PreOrder__Hamming__2,hamming_accuracy,0.3,0.2964±0.0064
chestxray_resnet,RF,BinaryVector,PreOrder__Hamming__None,hamming_accuracy,0.3,0.3030±0.0061
chestxray_resnet,RF,BinaryVector,PreOrder__Subset__2,hamming_accuracy,0.3,0.2959±0.0065
chestxray_resnet,RF,BinaryVector,PreOrder__Subset__None,hamming_accuracy,0.3,0.3013±0.0060
chestxray_resnet,RF,BinaryVector,br,hamming_accuracy,0.3,0.8825±0.0018
chestxray_resnet,RF,BinaryVector,cc,hamming_accuracy,0.3,0.8831±0.0017
chestxray_resnet,RF,BinaryVector,clr,hamming_accuracy,0.3,0.8951±0.0015
chestxray_resnet,RF,BinaryVector,ecc,hamming_accuracy,0.3,0.8918±0.0012
chestxray_resnet,RF,BinaryVector,mlknn,hamming_accuracy,0.3,0.7790±0.0140
chestxray_resnet,RF,BinaryVector,PartialOrder__Hamming__2,jaccard,0.0,0.1169±0.0020
chestxray_resnet,RF,BinaryVector,PartialOrder__Hamming__None,jaccard,0.0,0.1174±0.0019
chestxray_resnet,RF,BinaryVector,PartialOrder__Subset__2,jaccard,0.0,0.1170±0.0020
chestxray_resnet,RF,BinaryVector,PartialOrder__Subset__None,jaccard,0.0,0.1175±0.0020
chestxray_resnet,RF,BinaryVector,PreOrder__Hamming__2,jaccard,0.0,0.1179±0.0020
chestxray_resnet,RF,BinaryVector,PreOrder__Hamming__None,jaccard,0.0,0.1185±0.0019
chestxray_resnet,RF,BinaryVector,PreOrder__Subset__2,jaccard,0.0,0.1177±0.0020
chestxray_resnet,RF,BinaryVector,PreOrder__Subset__None,jaccard,0.0,0.1185±0.0021
chestxray_resnet,RF,BinaryVector,br,jaccard,0.0,0.4671±0.0026
chestxray_resnet,RF,BinaryVector,cc,jaccard,0.0,0.4665±0.0025
chestxray_resnet,RF,BinaryVector,clr,jaccard,0.0,0.4571±0.0035
chestxray_resnet,RF,BinaryVector,ecc,jaccard,0.0,0.4653±0.0035
chestxray_resnet,RF,BinaryVector,mlknn,jaccard,0.0,0.4760±0.0032
chestxray_resnet,RF,BinaryVector,PartialOrder__Hamming__2,jaccard,0.1,0.1144±0.0017
chestxray_resnet,RF,BinaryVector,PartialOrder__Hamming__None,jaccard,0.1,0.1148±0.0017
chestxray_resnet,RF,BinaryVector,PartialOrder__Subset__2,jaccard,0.1,0.1144±0.0017
chestxray_resnet,RF,BinaryVector,PartialOrder__Subset__None,jaccard,0.1,0.1148±0.0018
chestxray_resnet,RF,BinaryVector,PreOrder__Hamming__2,jaccard,0.1,0.1191±0.0020
chestxray_resnet,RF,BinaryVector,PreOrder__Hamming__None,jaccard,0.1,0.1198±0.0021
chestxray_resnet,RF,BinaryVector,PreOrder__Subset__2,jaccard,0.1,0.1190±0.0021
chestxray_resnet,RF,BinaryVector,PreOrder__Subset__None,jaccard,0.1,0.1197±0.0021
chestxray_resnet,RF,BinaryVector,br,jaccard,0.1,0.4654±0.0042
chestxray_resnet,RF,BinaryVector,cc,jaccard,0.1,0.4650±0.0038
chestxray_resnet,RF,BinaryVector,clr,jaccard,0.1,0.4574±0.0039
chestxray_resnet,RF,BinaryVector,ecc,jaccard,0.1,0.4652±0.0036
chestxray_resnet,RF,BinaryVector,mlknn,jaccard,0.1,0.4459±0.0061
chestxray_resnet,RF,BinaryVector,PartialOrder__Hamming__2,jaccard,0.2,0.1116±0.0016
chestxray_resnet,RF,BinaryVector,PartialOrder__Hamming__None,jaccard,0.2,0.1120±0.0017
chestxray_resnet,RF,BinaryVector,PartialOrder__Subset__2,jaccard,0.2,0.1116±0.0016
chestxray_resnet,RF,BinaryVector,PartialOrder__Subset__None,jaccard,0.2,0.1120±0.0017
chestxray_resnet,RF,BinaryVector,PreOrder__Hamming__2,jaccard,0.2,0.1208±0.0023
chestxray_resnet,RF,BinaryVector,PreOrder__Hamming__None,jaccard,0.2,0.1216±0.0024
chestxray_resnet,RF,BinaryVector,PreOrder__Subset__2,jaccard,0.2,0.1205±0.0023
chestxray_resnet,RF,BinaryVector,PreOrder__Subset__None,jaccard,0.2,0.1215±0.0022
chestxray_resnet,RF,BinaryVector,br,jaccard,0.2,0.4606±0.0040
chestxray_resnet,RF,BinaryVector,cc,jaccard,0.2,0.4592±0.0034
chestxray_resnet,RF,BinaryVector,clr,jaccard,0.2,0.4569±0.0036
chestxray_resnet,RF,BinaryVector,ecc,jaccard,0.2,0.4640±0.0035
chestxray_resnet,RF,BinaryVector,mlknn,jaccard,0.2,0.3541±0.0090
chestxray_resnet,RF,BinaryVector,PartialOrder__Hamming__2,jaccard,0.3,0.1095±0.0017
chestxray_resnet,RF,BinaryVector,PartialOrder__Hamming__None,jaccard,0.3,0.1099±0.0016
chestxray_resnet,RF,BinaryVector,PartialOrder__Subset__2,jaccard,0.3,0.1095±0.0016
chestxray_resnet,RF,BinaryVector,PartialOrder__Subset__None,jaccard,0.3,0.1098±0.0016
chestxray_resnet,RF,BinaryVector,PreOrder__Hamming__2,jaccard,0.3,0.1239±0.0020
chestxray_resnet,RF,BinaryVector,PreOrder__Hamming__None,jaccard,0.3,0.1249±0.0021
chestxray_resnet,RF,BinaryVector,PreOrder__Subset__2,jaccard,0.3,0.1234±0.0020
chestxray_resnet,RF,BinaryVector,PreOrder__Subset__None,jaccard,0.3,0.1243±0.0019
chestxray_resnet,RF,BinaryVector,br,jaccard,0.3,0.4319±0.0057
chestxray_resnet,RF,BinaryVector,cc,jaccard,0.3,0.4339±0.0059
chestxray_resnet,RF,BinaryVector,clr,jaccard,0.3,0.4561±0.0037
chestxray_resnet,RF,BinaryVector,ecc,jaccard,0.3,0.4565±0.0039
chestxray_resnet,RF,BinaryVector,mlknn,jaccard,0.3,0.2228±0.0153
chestxray_resnet,RF,BinaryVector,PartialOrder__Hamming__2,macro_f1,0.0,0.1856±0.0023
chestxray_resnet,RF,BinaryVector,PartialOrder__Hamming__None,macro_f1,0.0,0.1857±0.0023
chestxray_resnet,RF,BinaryVector,PartialOrder__Subset__2,macro_f1,0.0,0.1856±0.0023
chestxray_resnet,RF,BinaryVector,PartialOrder__Subset__None,macro_f1,0.0,0.1858±0.0022
chestxray_resnet,RF,BinaryVector,PreOrder__Hamming__2,macro_f1,0.0,0.1838±0.0018
chestxray_resnet,RF,BinaryVector,PreOrder__Hamming__None,macro_f1,0.0,0.1841±0.0017
chestxray_resnet,RF,BinaryVector,PreOrder__Subset__2,macro_f1,0.0,0.1837±0.0018
chestxray_resnet,RF,BinaryVector,PreOrder__Subset__None,macro_f1,0.0,0.1841±0.0019
chestxray_resnet,RF,BinaryVector,br,macro_f1,0.0,0.0835±0.0083
chestxray_resnet,RF,BinaryVector,cc,macro_f1,0.0,0.0807±0.0047
chestxray_resnet,RF,BinaryVector,clr,macro_f1,0.0,0.0158±0.0036
chestxray_resnet,RF,BinaryVector,ecc,macro_f1,0.0,0.0685±0.0057
chestxray_resnet,RF,BinaryVector,mlknn,macro_f1,0.0,0.2351±0.0084
chestxray_resnet,RF,BinaryVector,PartialOrder__Hamming__2,macro_f1,0.1,0.1856±0.0020
chestxray_resnet,RF,BinaryVector,PartialOrder__Hamming__None,macro_f1,0.1,0.1856±0.0020
chestxray_resnet,RF,BinaryVector,PartialOrder__Subset__2,macro_f1,0.1,0.1855±0.0020
chestxray_resnet,RF,BinaryVector,PartialOrder__Subset__None,macro_f1,0.1,0.1857±0.0021
chestxray_resnet,RF,BinaryVector,PreOrder__Hamming__2,macro_f1,0.1,0.1839±0.0023
chestxray_resnet,RF,BinaryVector,PreOrder__Hamming__None,macro_f1,0.1,0.1843±0.0023
chestxray_resnet,RF,BinaryVector,PreOrder__Subset__2,macro_f1,0.1,0.1838±0.0023
chestxray_resnet,RF,BinaryVector,PreOrder__Subset__None,macro_f1,0.1,0.1842±0.0022
chestxray_resnet,RF,BinaryVector,br,macro_f1,0.1,0.0953±0.0057
chestxray_resnet,RF,BinaryVector,cc,macro_f1,0.1,0.0946±0.0059
chestxray_resnet,RF,BinaryVector,clr,macro_f1,0.1,0.0204±0.0048
chestxray_resnet,RF,BinaryVector,ecc,macro_f1,0.1,0.0773±0.0064
chestxray_resnet,RF,BinaryVector,mlknn,macro_f1,0.1,0.2361±0.0069
chestxray_resnet,RF,BinaryVector,PartialOrder__Hamming__2,macro_f1,0.2,0.1852±0.0021
chestxray_resnet,RF,BinaryVector,PartialOrder__Hamming__None,macro_f1,0.2,0.1852±0.0021
chestxray_resnet,RF,BinaryVector,PartialOrder__Subset__2,macro_f1,0.2,0.1851±0.0021
chestxray_resnet,RF,BinaryVector,PartialOrder__Subset__None,macro_f1,0.2,0.1853±0.0021
chestxray_resnet,RF,BinaryVector,PreOrder__Hamming__2,macro_f1,0.2,0.1836±0.0022
chestxray_resnet,RF,BinaryVector,PreOrder__Hamming__None,macro_f1,0.2,0.1843±0.0024
chestxray_resnet,RF,BinaryVector,PreOrder__Subset__2,macro_f1,0.2,0.1834±0.0022
chestxray_resnet,RF,BinaryVector,PreOrder__Subset__None,macro_f1,0.2,0.1842±0.0023
chestxray_resnet,RF,BinaryVector,br,macro_f1,0.2,0.1142±0.0064
chestxray_resnet,RF,BinaryVector,cc,macro_f1,0.2,0.1134±0.0078
chestxray_resnet,RF,BinaryVector,clr,macro_f1,0.2,0.0189±0.0043
chestxray_resnet,RF,BinaryVector,ecc,macro_f1,0.2,0.0921±0.0055
chestxray_resnet,RF,BinaryVector,mlknn,macro_f1,0.2,0.2248±0.0111
chestxray_resnet,RF,BinaryVector,PartialOrder__Hamming__2,macro_f1,0.3,0.1848±0.0022
chestxray_resnet,RF,BinaryVector,PartialOrder__Hamming__None,macro_f1,0.3,0.1848±0.0022
chestxray_resnet,RF,BinaryVector,PartialOrder__Subset__2,macro_f1,0.3,0.1848±0.0022
chestxray_resnet,RF,BinaryVector,PartialOrder__Subset__None,macro_f1,0.3,0.1849±0.0022
chestxray_resnet,RF,BinaryVector,PreOrder__Hamming__2,macro_f1,0.3,0.1838±0.0025
chestxray_resnet,RF,BinaryVector,PreOrder__Hamming__None,macro_f1,0.3,0.1855±0.0025
chestxray_resnet,RF,BinaryVector,PreOrder__Subset__2,macro_f1,0.3,0.1834±0.0025
chestxray_resnet,RF,BinaryVector,PreOrder__Subset__None,macro_f1,0.3,0.1851±0.0023
chestxray_resnet,RF,BinaryVector,br,macro_f1,0.3,0.1457±0.0092
chestxray_resnet,RF,BinaryVector,cc,macro_f1,0.3,0.1465±0.0076
chestxray_resnet,RF,BinaryVector,clr,macro_f1,0.3,0.0175±0.0047
chestxray_resnet,RF,BinaryVector,ecc,macro_f1,0.3,0.1139±0.0095
chestxray_resnet,RF,BinaryVector,mlknn,macro_f1,0.3,0.1951±0.0090
chestxray_resnet,RF,BinaryVector,PartialOrder__Hamming__2,macro_precision,0.0,0.1069±0.0016
chestxray_resnet,RF,BinaryVector,PartialOrder__Hamming__None,macro_precision,0.0,0.1070±0.0016
chestxray_resnet,RF,BinaryVector,PartialOrder__Subset__2,macro_precision,0.0,0.1069±0.0016
chestxray_resnet,RF,BinaryVector,PartialOrder__Subset__None,macro_precision,0.0,0.1070±0.0016
chestxray_resnet,RF,BinaryVector,PreOrder__Hamming__2,macro_precision,0.0,0.1062±0.0014
chestxray_resnet,RF,BinaryVector,PreOrder__Hamming__None,macro_precision,0.0,0.1063±0.0013
chestxray_resnet,RF,BinaryVector,PreOrder__Subset__2,macro_precision,0.0,0.1061±0.0014
chestxray_resnet,RF,BinaryVector,PreOrder__Subset__None,macro_precision,0.0,0.1063±0.0014
chestxray_resnet,RF,BinaryVector,br,macro_precision,0.0,0.5171±0.0440
chestxray_resnet,RF,BinaryVector,cc,macro_precision,0.0,0.5049±0.0293
chestxray_resnet,RF,BinaryVector,clr,macro_precision,0.0,0.4358±0.1077
chestxray_resnet,RF,BinaryVector,ecc,macro_precision,0.0,0.5496±0.0546
chestxray_resnet,RF,BinaryVector,mlknn,macro_precision,0.0,0.4287±0.0103
chestxray_resnet,RF,BinaryVector,PartialOrder__Hamming__2,macro_precision,0.1,0.1068±0.0015
chestxray_resnet,RF,BinaryVector,PartialOrder__Hamming__None,macro_precision,0.1,0.1069±0.0015
chestxray_resnet,RF,BinaryVector,PartialOrder__Subset__2,macro_precision,0.1,0.1068±0.0015
chestxray_resnet,RF,BinaryVector,PartialOrder__Subset__None,macro_precision,0.1,0.1070±0.0015
chestxray_resnet,RF,BinaryVector,PreOrder__Hamming__2,macro_precision,0.1,0.1064±0.0016
chestxray_resnet,RF,BinaryVector,PreOrder__Hamming__None,macro_precision,0.1,0.1067±0.0016
chestxray_resnet,RF,BinaryVector,PreOrder__Subset__2,macro_precision,0.1,0.1064±0.0016
chestxray_resnet,RF,BinaryVector,PreOrder__Subset__None,macro_precision,0.1,0.1066±0.0016
chestxray_resnet,RF,BinaryVector,br,macro_precision,0.1,0.4544±0.0268
chestxray_resnet,RF,BinaryVector,cc,macro_precision,0.1,0.4512±0.0354
chestxray_resnet,RF,BinaryVector,clr,macro_precision,0.1,0.4765±0.0779
chestxray_resnet,RF,BinaryVector,ecc,macro_precision,0.1,0.4848±0.0406
chestxray_resnet,RF,BinaryVector,mlknn,macro_precision,0.1,0.3473±0.0147
chestxray_resnet,RF,BinaryVector,PartialOrder__Hamming__2,macro_precision,0.2,0.1066±0.0015
chestxray_resnet,RF,BinaryVector,PartialOrder__Hamming__None,macro_precision,0.2,0.1067±0.0015
chestxray_resnet,RF,BinaryVector,PartialOrder__Subset__2,macro_precision,0.2,0.1066±0.0015
chestxray_resnet,RF,BinaryVector,PartialOrder__Subset__None,macro_precision,0.2,0.1067±0.0015
chestxray_resnet,RF,BinaryVector,PreOrder__Hamming__2,macro_precision,0.2,0.1067±0.0016
chestxray_resnet,RF,BinaryVector,PreOrder__Hamming__None,macro_precision,0.2,0.1072±0.0017
chestxray_resnet,RF,BinaryVector,PreOrder__Subset__2,macro_precision,0.2,0.1066±0.0016
chestxray_resnet,RF,BinaryVector,PreOrder__Subset__None,macro_precision,0.2,0.1071±0.0016
chestxray_resnet,RF,BinaryVector,br,macro_precision,0.2,0.3862±0.0275
chestxray_resnet,RF,BinaryVector,cc,macro_precision,0.2,0.3769±0.0230
chestxray_resnet,RF,BinaryVector,clr,macro_precision,0.2,0.4571±0.0949
chestxray_resnet,RF,BinaryVector,ecc,macro_precision,0.2,0.4304±0.0342
chestxray_resnet,RF,BinaryVector,mlknn,macro_precision,0.2,0.2306±0.0088
chestxray_resnet,RF,BinaryVector,PartialOrder__Hamming__2,macro_precision,0.3,0.1065±0.0016
chestxray_resnet,RF,BinaryVector,PartialOrder__Hamming__None,macro_precision,0.3,0.1066±0.0016
chestxray_resnet,RF,BinaryVector,PartialOrder__Subset__2,macro_precision,0.3,0.1065±0.0016
chestxray_resnet,RF,BinaryVector,PartialOrder__Subset__None,macro_precision,0.3,0.1066±0.0016
chestxray_resnet,RF,BinaryVector,PreOrder__Hamming__2,macro_precision,0.3,0.1083±0.0018
chestxray_resnet,RF,BinaryVector,PreOrder__Hamming__None,macro_precision,0.3,0.1093±0.0019
chestxray_resnet,RF,BinaryVector,PreOrder__Subset__2,macro_precision,0.3,0.1081±0.0019
chestxray_resnet,RF,BinaryVector,PreOrder__Subset__None,macro_precision,0.3,0.1091±0.0017
chestxray_resnet,RF,BinaryVector,br,macro_precision,0.3,0.2724±0.0147
chestxray_resnet,RF,BinaryVector,cc,macro_precision,0.3,0.2751±0.0124
chestxray_resnet,RF,BinaryVector,clr,macro_precision,0.3,0.3915±0.0589
chestxray_resnet,RF,BinaryVector,ecc,macro_precision,0.3,0.3392±0.0209
chestxray_resnet,RF,BinaryVector,mlknn,macro_precision,0.3,0.1629±0.0068
chestxray_resnet,RF,BinaryVector,PartialOrder__Hamming__2,macro_recall,0.0,0.9595±0.0026
chestxray_resnet,RF,BinaryVector,PartialOrder__Hamming__None,macro_recall,0.0,0.9570±0.0040
chestxray_resnet,RF,BinaryVector,PartialOrder__Subset__2,macro_recall,0.0,0.9595±0.0026
chestxray_resnet,RF,BinaryVector,PartialOrder__Subset__None,macro_recall,0.0,0.9584±0.0027
chestxray_resnet,RF,BinaryVector,PreOrder__Hamming__2,macro_recall,0.0,0.9351±0.0040
chestxray_resnet,RF,BinaryVector,PreOrder__Hamming__None,macro_recall,0.0,0.9331±0.0045
chestxray_resnet,RF,BinaryVector,PreOrder__Subset__2,macro_recall,0.0,0.9346±0.0042
chestxray_resnet,RF,BinaryVector,PreOrder__Subset__None,macro_recall,0.0,0.9333±0.0043
chestxray_resnet,RF,BinaryVector,br,macro_recall,0.0,0.0467±0.0048
chestxray_resnet,RF,BinaryVector,cc,macro_recall,0.0,0.0450±0.0027
chestxray_resnet,RF,BinaryVector,clr,macro_recall,0.0,0.0082±0.0019
chestxray_resnet,RF,BinaryVector,ecc,macro_recall,0.0,0.0374±0.0032
chestxray_resnet,RF,BinaryVector,mlknn,macro_recall,0.0,0.1711±0.0068
chestxray_resnet,RF,BinaryVector,PartialOrder__Hamming__2,macro_recall,0.1,0.9616±0.0053
chestxray_resnet,RF,BinaryVector,PartialOrder__Hamming__None,macro_recall,0.1,0.9594±0.0056
chestxray_resnet,RF,BinaryVector,PartialOrder__Subset__2,macro_recall,0.1,0.9615±0.0053
chestxray_resnet,RF,BinaryVector,PartialOrder__Subset__None,macro_recall,0.1,0.9605±0.0051
chestxray_resnet,RF,BinaryVector,PreOrder__Hamming__2,macro_recall,0.1,0.9158±0.0068
chestxray_resnet,RF,BinaryVector,PreOrder__Hamming__None,macro_recall,0.1,0.9136±0.0066
chestxray_resnet,RF,BinaryVector,PreOrder__Subset__2,macro_recall,0.1,0.9154±0.0067
chestxray_resnet,RF,BinaryVector,PreOrder__Subset__None,macro_recall,0.1,0.9143±0.0068
chestxray_resnet,RF,BinaryVector,br,macro_recall,0.1,0.0547±0.0035
chestxray_resnet,RF,BinaryVector,cc,macro_recall,0.1,0.0543±0.0036
chestxray_resnet,RF,BinaryVector,clr,macro_recall,0.1,0.0106±0.0025
chestxray_resnet,RF,BinaryVector,ecc,macro_recall,0.1,0.0432±0.0037
chestxray_resnet,RF,BinaryVector,mlknn,macro_recall,0.1,0.1875±0.0065
chestxray_resnet,RF,BinaryVector,PartialOrder__Hamming__2,macro_recall,0.2,0.9634±0.0057
chestxray_resnet,RF,BinaryVector,PartialOrder__Hamming__None,macro_recall,0.2,0.9603±0.0063
chestxray_resnet,RF,BinaryVector,PartialOrder__Subset__2,macro_recall,0.2,0.9633±0.0058
chestxray_resnet,RF,BinaryVector,PartialOrder__Subset__None,macro_recall,0.2,0.9617±0.0060
chestxray_resnet,RF,BinaryVector,PreOrder__Hamming__2,macro_recall,0.2,0.8785±0.0071
chestxray_resnet,RF,BinaryVector,PreOrder__Hamming__None,macro_recall,0.2,0.8756±0.0080
chestxray_resnet,RF,BinaryVector,PreOrder__Subset__2,macro_recall,0.2,0.8775±0.0071
chestxray_resnet,RF,BinaryVector,PreOrder__Subset__None,macro_recall,0.2,0.8763±0.0071
chestxray_resnet,RF,BinaryVector,br,macro_recall,0.2,0.0689±0.0043
chestxray_resnet,RF,BinaryVector,cc,macro_recall,0.2,0.0684±0.0051
chestxray_resnet,RF,BinaryVector,clr,macro_recall,0.2,0.0098±0.0022
chestxray_resnet,RF,BinaryVector,ecc,macro_recall,0.2,0.0531±0.0035
chestxray_resnet,RF,BinaryVector,mlknn,macro_recall,0.2,0.2305±0.0181
chestxray_resnet,RF,BinaryVector,PartialOrder__Hamming__2,macro_recall,0.3,0.9559±0.0052
chestxray_resnet,RF,BinaryVector,PartialOrder__Hamming__None,macro_recall,0.3,0.9520±0.0047
chestxray_resnet,RF,BinaryVector,PartialOrder__Subset__2,macro_recall,0.3,0.9558±0.0051
chestxray_resnet,RF,BinaryVector,PartialOrder__Subset__None,macro_recall,0.3,0.9538±0.0052
chestxray_resnet,RF,BinaryVector,PreOrder__Hamming__2,macro_recall,0.3,0.7905±0.0114
chestxray_resnet,RF,BinaryVector,PreOrder__Hamming__None,macro_recall,0.3,0.7912±0.0114
chestxray_resnet,RF,BinaryVector,PreOrder__Subset__2,macro_recall,0.3,0.7889±0.0111
chestxray_resnet,RF,BinaryVector,PreOrder__Subset__None,macro_recall,0.3,0.7920±0.0115
chestxray_resnet,RF,BinaryVector,br,macro_recall,0.3,0.1007±0.0072
chestxray_resnet,RF,BinaryVector,cc,macro_recall,0.3,0.1012±0.0059
chestxray_resnet,RF,BinaryVector,clr,macro_recall,0.3,0.0090±0.0025
chestxray_resnet,RF,BinaryVector,ecc,macro_recall,0.3,0.0702±0.0066
chestxray_resnet,RF,BinaryVector,mlknn,macro_recall,0.3,0.2849±0.0281
chestxray_resnet,RF,BinaryVector,PartialOrder__Hamming__2,mfrd,0.0,0.9686±0.0032
chestxray_resnet,RF,BinaryVector,PartialOrder__Hamming__None,mfrd,0.0,0.9677±0.0034
chestxray_resnet,RF,BinaryVector,PartialOrder__Subset__2,mfrd,0.0,0.9686±0.0032
chestxray_resnet,RF,BinaryVector,PartialOrder__Subset__None,mfrd,0.0,0.9682±0.0033
chestxray_resnet,RF,BinaryVector,PreOrder__Hamming__2,mfrd,0.0,0.9330±0.0032
chestxray_resnet,RF,BinaryVector,PreOrder__Hamming__None,mfrd,0.0,0.9312±0.0033
chestxray_resnet,RF,BinaryVector,PreOrder__Subset__2,mfrd,0.0,0.9317±0.0031
chestxray_resnet,RF,BinaryVector,PreOrder__Subset__None,mfrd,0.0,0.9323±0.0030
chestxray_resnet,RF,BinaryVector,br,mfrd,0.0,1.0000±0.0001
chestxray_resnet,RF,BinaryVector,cc,mfrd,0.0,1.0000±0.0001
chestxray_resnet,RF,BinaryVector,clr,mfrd,0.0,1.0000±0.0000
chestxray_resnet,RF,BinaryVector,ecc,mfrd,0.0,1.0000±0.0001
chestxray_resnet,RF,BinaryVector,mlknn,mfrd,0.0,0.9998±0.0002
chestxray_resnet,RF,BinaryVector,PartialOrder__Hamming__2,mfrd,0.1,0.9686±0.0041
chestxray_resnet,RF,BinaryVector,PartialOrder__Hamming__None,mfrd,0.1,0.9670±0.0045
chestxray_resnet,RF,BinaryVector,PartialOrder__Subset__2,mfrd,0.1,0.9686±0.0041
chestxray_resnet,RF,BinaryVector,PartialOrder__Subset__None,mfrd,0.1,0.9682±0.0044
chestxray_resnet,RF,BinaryVector,PreOrder__Hamming__2,mfrd,0.1,0.9132±0.0080
chestxray_resnet,RF,BinaryVector,PreOrder__Hamming__None,mfrd,0.1,0.9103±0.0091
chestxray_resnet,RF,BinaryVector,PreOrder__Subset__2,mfrd,0.1,0.9124±0.0082
chestxray_resnet,RF,BinaryVector,PreOrder__Subset__None,mfrd,0.1,0.9115±0.0091
chestxray_resnet,RF,BinaryVector,br,mfrd,0.1,0.9995±0.0005
chestxray_resnet,RF,BinaryVector,cc,mfrd,0.1,0.9994±0.0004
chestxray_resnet,RF,BinaryVector,clr,mfrd,0.1,0.9999±0.0001
chestxray_resnet,RF,BinaryVector,ecc,mfrd,0.1,0.9996±0.0003
chestxray_resnet,RF,BinaryVector,mlknn,mfrd,0.1,0.9932±0.0073
chestxray_resnet,RF,BinaryVector,PartialOrder__Hamming__2,mfrd,0.2,0.9666±0.0045
chestxray_resnet,RF,BinaryVector,PartialOrder__Hamming__None,mfrd,0.2,0.9645±0.0049
chestxray_resnet,RF,BinaryVector,PartialOrder__Subset__2,mfrd,0.2,0.9665±0.0045
chestxray_resnet,RF,BinaryVector,PartialOrder__Subset__None,mfrd,0.2,0.9661±0.0046
chestxray_resnet,RF,BinaryVector,PreOrder__Hamming__2,mfrd,0.2,0.8727±0.0108
chestxray_resnet,RF,BinaryVector,PreOrder__Hamming__None,mfrd,0.2,0.8708±0.0109
chestxray_resnet,RF,BinaryVector,PreOrder__Subset__2,mfrd,0.2,0.8705±0.0110
chestxray_resnet,RF,BinaryVector,PreOrder__Subset__None,mfrd,0.2,0.8725±0.0106
chestxray_resnet,RF,BinaryVector,br,mfrd,0.2,0.9944±0.0059
chestxray_resnet,RF,BinaryVector,cc,mfrd,0.2,0.9964±0.0035
chestxray_resnet,RF,BinaryVector,clr,mfrd,0.2,1.0000±0.0001
chestxray_resnet,RF,BinaryVector,ecc,mfrd,0.2,0.9986±0.0020
chestxray_resnet,RF,BinaryVector,mlknn,mfrd,0.2,0.9413±0.0387
chestxray_resnet,RF,BinaryVector,PartialOrder__Hamming__2,mfrd,0.3,0.9516±0.0062
chestxray_resnet,RF,BinaryVector,PartialOrder__Hamming__None,mfrd,0.3,0.9484±0.0064
chestxray_resnet,RF,BinaryVector,PartialOrder__Subset__2,mfrd,0.3,0.9519±0.0062
chestxray_resnet,RF,BinaryVector,PartialOrder__Subset__None,mfrd,0.3,0.9505±0.0056
chestxray_resnet,RF,BinaryVector,PreOrder__Hamming__2,mfrd,0.3,0.7559±0.0158
chestxray_resnet,RF,BinaryVector,PreOrder__Hamming__None,mfrd,0.3,0.7626±0.0154
chestxray_resnet,RF,BinaryVector,PreOrder__Subset__2,mfrd,0.3,0.7512±0.0162
chestxray_resnet,RF,BinaryVector,PreOrder__Subset__None,mfrd,0.3,0.7623±0.0175
chestxray_resnet,RF,BinaryVector,br,mfrd,0.3,0.9773±0.0106
chestxray_resnet,RF,BinaryVector,cc,mfrd,0.3,0.9813±0.0096
chestxray_resnet,RF,BinaryVector,clr,mfrd,0.3,0.9999±0.0002
chestxray_resnet,RF,BinaryVector,ecc,mfrd,0.3,0.9935±0.0054
chestxray_resnet,RF,BinaryVector,mlknn,mfrd,0.3,0.8303±0.0724
chestxray_resnet,RF,BinaryVector,PartialOrder__Hamming__2,micro_f1,0.0,0.1952±0.0027
chestxray_resnet,RF,BinaryVector,PartialOrder__Hamming__None,micro_f1,0.0,0.1955±0.0027
chestxray_resnet,RF,BinaryVector,PartialOrder__Subset__2,micro_f1,0.0,0.1952±0.0027
chestxray_resnet,RF,BinaryVector,PartialOrder__Subset__None,micro_f1,0.0,0.1955±0.0027
chestxray_resnet,RF,BinaryVector,PreOrder__Hamming__2,micro_f1,0.0,0.1931±0.0023
chestxray_resnet,RF,BinaryVector,PreOrder__Hamming__None,micro_f1,0.0,0.1935±0.0022
chestxray_resnet,RF,BinaryVector,PreOrder__Subset__2,micro_f1,0.0,0.1930±0.0022
chestxray_resnet,RF,BinaryVector,PreOrder__Subset__None,micro_f1,0.0,0.1934±0.0023
chestxray_resnet,RF,BinaryVector,br,micro_f1,0.0,0.1115±0.0061
chestxray_resnet,RF,BinaryVector,cc,micro_f1,0.0,0.1074±0.0022
chestxray_resnet,RF,BinaryVector,clr,micro_f1,0.0,0.0179±0.0033
chestxray_resnet,RF,BinaryVector,ecc,micro_f1,0.0,0.0887±0.0051
chestxray_resnet,RF,BinaryVector,mlknn,micro_f1,0.0,0.2968±0.0069
chestxray_resnet,RF,BinaryVector,PartialOrder__Hamming__2,micro_f1,0.1,0.1950±0.0025
chestxray_resnet,RF,BinaryVector,PartialOrder__Hamming__None,micro_f1,0.1,0.1952±0.0025
chestxray_resnet,RF,BinaryVector,PartialOrder__Subset__2,micro_f1,0.1,0.1950±0.0025
chestxray_resnet,RF,BinaryVector,PartialOrder__Subset__None,micro_f1,0.1,0.1952±0.0025
chestxray_resnet,RF,BinaryVector,PreOrder__Hamming__2,micro_f1,0.1,0.1939±0.0027
chestxray_resnet,RF,BinaryVector,PreOrder__Hamming__None,micro_f1,0.1,0.1945±0.0027
chestxray_resnet,RF,BinaryVector,PreOrder__Subset__2,micro_f1,0.1,0.1938±0.0027
chestxray_resnet,RF,BinaryVector,PreOrder__Subset__None,micro_f1,0.1,0.1942±0.0027
chestxray_resnet,RF,BinaryVector,br,micro_f1,0.1,0.1287±0.0053
chestxray_resnet,RF,BinaryVector,cc,micro_f1,0.1,0.1282±0.0068
chestxray_resnet,RF,BinaryVector,clr,micro_f1,0.1,0.0233±0.0039
chestxray_resnet,RF,BinaryVector,ecc,micro_f1,0.1,0.1034±0.0061
chestxray_resnet,RF,BinaryVector,mlknn,micro_f1,0.1,0.3052±0.0097
chestxray_resnet,RF,BinaryVector,PartialOrder__Hamming__2,micro_f1,0.2,0.1943±0.0026
chestxray_resnet,RF,BinaryVector,PartialOrder__Hamming__None,micro_f1,0.2,0.1945±0.0026
chestxray_resnet,RF,BinaryVector,PartialOrder__Subset__2,micro_f1,0.2,0.1942±0.0025
chestxray_resnet,RF,BinaryVector,PartialOrder__Subset__None,micro_f1,0.2,0.1945±0.0026
chestxray_resnet,RF,BinaryVector,PreOrder__Hamming__2,micro_f1,0.2,0.1949±0.0027
chestxray_resnet,RF,BinaryVector,PreOrder__Hamming__None,micro_f1,0.2,0.1960±0.0029
chestxray_resnet,RF,BinaryVector,PreOrder__Subset__2,micro_f1,0.2,0.1947±0.0027
chestxray_resnet,RF,BinaryVector,PreOrder__Subset__None,micro_f1,0.2,0.1957±0.0028
chestxray_resnet,RF,BinaryVector,br,micro_f1,0.2,0.1544±0.0069
chestxray_resnet,RF,BinaryVector,cc,micro_f1,0.2,0.1526±0.0078
chestxray_resnet,RF,BinaryVector,clr,micro_f1,0.2,0.0227±0.0043
chestxray_resnet,RF,BinaryVector,ecc,micro_f1,0.2,0.1256±0.0073
chestxray_resnet,RF,BinaryVector,mlknn,micro_f1,0.2,0.2831±0.0158
chestxray_resnet,RF,BinaryVector,PartialOrder__Hamming__2,micro_f1,0.3,0.1937±0.0027
chestxray_resnet,RF,BinaryVector,PartialOrder__Hamming__None,micro_f1,0.3,0.1940±0.0027
chestxray_resnet,RF,BinaryVector,PartialOrder__Subset__2,micro_f1,0.3,0.1937±0.0027
chestxray_resnet,RF,BinaryVector,PartialOrder__Subset__None,micro_f1,0.3,0.1939±0.0027
chestxray_resnet,RF,BinaryVector,PreOrder__Hamming__2,micro_f1,0.3,0.1984±0.0031
chestxray_resnet,RF,BinaryVector,PreOrder__Hamming__None,micro_f1,0.3,0.2009±0.0031
chestxray_resnet,RF,BinaryVector,PreOrder__Subset__2,micro_f1,0.3,0.1978±0.0031
chestxray_resnet,RF,BinaryVector,PreOrder__Subset__None,micro_f1,0.3,0.2002±0.0028
chestxray_resnet,RF,BinaryVector,br,micro_f1,0.3,0.1898±0.0100
chestxray_resnet,RF,BinaryVector,cc,micro_f1,0.3,0.1929±0.0099
chestxray_resnet,RF,BinaryVector,clr,micro_f1,0.3,0.0216±0.0055
chestxray_resnet,RF,BinaryVector,ecc,micro_f1,0.3,0.1550±0.0133
chestxray_resnet,RF,BinaryVector,mlknn,micro_f1,0.3,0.2387±0.0157
chestxray_resnet,RF,BinaryVector,PartialOrder__Hamming__2,micro_precision,0.0,0.1085±0.0016
chestxray_resnet,RF,BinaryVector,PartialOrder__Hamming__None,micro_precision,0.0,0.1086±0.0017
chestxray_resnet,RF,BinaryVector,PartialOrder__Subset__2,micro_precision,0.0,0.1085±0.0016
chestxray_resnet,RF,BinaryVector,PartialOrder__Subset__None,micro_precision,0.0,0.1086±0.0016
chestxray_resnet,RF,BinaryVector,PreOrder__Hamming__2,micro_precision,0.0,0.1075±0.0014
chestxray_resnet,RF,BinaryVector,PreOrder__Hamming__None,micro_precision,0.0,0.1077±0.0014
chestxray_resnet,RF,BinaryVector,PreOrder__Subset__2,micro_precision,0.0,0.1074±0.0014
chestxray_resnet,RF,BinaryVector,PreOrder__Subset__None,micro_precision,0.0,0.1077±0.0015
chestxray_resnet,RF,BinaryVector,br,micro_precision,0.0,0.5805±0.0344
chestxray_resnet,RF,BinaryVector,cc,micro_precision,0.0,0.5743±0.0183
chestxray_resnet,RF,BinaryVector,clr,micro_precision,0.0,0.7128±0.0467
chestxray_resnet,RF,BinaryVector,ecc,micro_precision,0.0,0.6180±0.0331
chestxray_resnet,RF,BinaryVector,mlknn,micro_precision,0.0,0.4843±0.0121
chestxray_resnet,RF,BinaryVector,PartialOrder__Hamming__2,micro_precision,0.1,0.1083±0.0015
chestxray_resnet,RF,BinaryVector,PartialOrder__Hamming__None,micro_precision,0.1,0.1085±0.0015
chestxray_resnet,RF,BinaryVector,PartialOrder__Subset__2,micro_precision,0.1,0.1083±0.0015
chestxray_resnet,RF,BinaryVector,PartialOrder__Subset__None,micro_precision,0.1,0.1085±0.0016
chestxray_resnet,RF,BinaryVector,PreOrder__Hamming__2,micro_precision,0.1,0.1081±0.0017
chestxray_resnet,RF,BinaryVector,PreOrder__Hamming__None,micro_precision,0.1,0.1085±0.0017
chestxray_resnet,RF,BinaryVector,PreOrder__Subset__2,micro_precision,0.1,0.1081±0.0017
chestxray_resnet,RF,BinaryVector,PreOrder__Subset__None,micro_precision,0.1,0.1084±0.0017
chestxray_resnet,RF,BinaryVector,br,micro_precision,0.1,0.5311±0.0234
chestxray_resnet,RF,BinaryVector,cc,micro_precision,0.1,0.5280±0.0213
chestxray_resnet,RF,BinaryVector,clr,micro_precision,0.1,0.6532±0.0433
chestxray_resnet,RF,BinaryVector,ecc,micro_precision,0.1,0.5710±0.0268
chestxray_resnet,RF,BinaryVector,mlknn,micro_precision,0.1,0.4099±0.0120
chestxray_resnet,RF,BinaryVector,PartialOrder__Hamming__2,micro_precision,0.2,0.1079±0.0016
chestxray_resnet,RF,BinaryVector,PartialOrder__Hamming__None,micro_precision,0.2,0.1081±0.0016
chestxray_resnet,RF,BinaryVector,PartialOrder__Subset__2,micro_precision,0.2,0.1079±0.0016
chestxray_resnet,RF,BinaryVector,PartialOrder__Subset__None,micro_precision,0.2,0.1080±0.0016
chestxray_resnet,RF,BinaryVector,PreOrder__Hamming__2,micro_precision,0.2,0.1092±0.0017
chestxray_resnet,RF,BinaryVector,PreOrder__Hamming__None,micro_precision,0.2,0.1099±0.0018
chestxray_resnet,RF,BinaryVector,PreOrder__Subset__2,micro_precision,0.2,0.1091±0.0017
chestxray_resnet,RF,BinaryVector,PreOrder__Subset__None,micro_precision,0.2,0.1098±0.0017
chestxray_resnet,RF,BinaryVector,br,micro_precision,0.2,0.4667±0.0232
chestxray_resnet,RF,BinaryVector,cc,micro_precision,0.2,0.4606±0.0181
chestxray_resnet,RF,BinaryVector,clr,micro_precision,0.2,0.6160±0.0538
chestxray_resnet,RF,BinaryVector,ecc,micro_precision,0.2,0.5200±0.0310
chestxray_resnet,RF,BinaryVector,mlknn,micro_precision,0.2,0.2843±0.0095
chestxray_resnet,RF,BinaryVector,PartialOrder__Hamming__2,micro_precision,0.3,0.1076±0.0017
chestxray_resnet,RF,BinaryVector,PartialOrder__Hamming__None,micro_precision,0.3,0.1079±0.0016
chestxray_resnet,RF,BinaryVector,PartialOrder__Subset__2,micro_precision,0.3,0.1076±0.0017
chestxray_resnet,RF,BinaryVector,PartialOrder__Subset__None,micro_precision,0.3,0.1078±0.0016
chestxray_resnet,RF,BinaryVector,PreOrder__Hamming__2,micro_precision,0.3,0.1127±0.0020
chestxray_resnet,RF,BinaryVector,PreOrder__Hamming__None,micro_precision,0.3,0.1142±0.0020
chestxray_resnet,RF,BinaryVector,PreOrder__Subset__2,micro_precision,0.3,0.1124±0.0020
chestxray_resnet,RF,BinaryVector,PreOrder__Subset__None,micro_precision,0.3,0.1138±0.0018
chestxray_resnet,RF,BinaryVector,br,micro_precision,0.3,0.3452±0.0167
chestxray_resnet,RF,BinaryVector,cc,micro_precision,0.3,0.3514±0.0150
chestxray_resnet,RF,BinaryVector,clr,micro_precision,0.3,0.5513±0.0501
chestxray_resnet,RF,BinaryVector,ecc,micro_precision,0.3,0.4336±0.0224
chestxray_resnet,RF,BinaryVector,mlknn,micro_precision,0.3,0.1876±0.0106
chestxray_resnet,RF,BinaryVector,PartialOrder__Hamming__2,micro_recall,0.0,0.9756±0.0023
chestxray_resnet,RF,BinaryVector,PartialOrder__Hamming__None,micro_recall,0.0,0.9748±0.0026
chestxray_resnet,RF,BinaryVector,PartialOrder__Subset__2,micro_recall,0.0,0.9756±0.0023
chestxray_resnet,RF,BinaryVector,PartialOrder__Subset__None,micro_recall,0.0,0.9750±0.0022
chestxray_resnet,RF,BinaryVector,PreOrder__Hamming__2,micro_recall,0.0,0.9510±0.0030
chestxray_resnet,RF,BinaryVector,PreOrder__Hamming__None,micro_recall,0.0,0.9502±0.0031
chestxray_resnet,RF,BinaryVector,PreOrder__Subset__2,micro_recall,0.0,0.9503±0.0029
chestxray_resnet,RF,BinaryVector,PreOrder__Subset__None,micro_recall,0.0,0.9502±0.0026
chestxray_resnet,RF,BinaryVector,br,micro_recall,0.0,0.0617±0.0037
chestxray_resnet,RF,BinaryVector,cc,micro_recall,0.0,0.0592±0.0012
chestxray_resnet,RF,BinaryVector,clr,micro_recall,0.0,0.0091±0.0017
chestxray_resnet,RF,BinaryVector,ecc,micro_recall,0.0,0.0478±0.0029
chestxray_resnet,RF,BinaryVector,mlknn,micro_recall,0.0,0.2140±0.0060
chestxray_resnet,RF,BinaryVector,PartialOrder__Hamming__2,micro_recall,0.1,0.9763±0.0029
chestxray_resnet,RF,BinaryVector,PartialOrder__Hamming__None,micro_recall,0.1,0.9753±0.0028
chestxray_resnet,RF,BinaryVector,PartialOrder__Subset__2,micro_recall,0.1,0.9763±0.0029
chestxray_resnet,RF,BinaryVector,PartialOrder__Subset__None,micro_recall,0.1,0.9753±0.0028
chestxray_resnet,RF,BinaryVector,PreOrder__Hamming__2,micro_recall,0.1,0.9353±0.0045
chestxray_resnet,RF,BinaryVector,PreOrder__Hamming__None,micro_recall,0.1,0.9347±0.0043
chestxray_resnet,RF,BinaryVector,PreOrder__Subset__2,micro_recall,0.1,0.9348±0.0045
chestxray_resnet,RF,BinaryVector,PreOrder__Subset__None,micro_recall,0.1,0.9336±0.0046
chestxray_resnet,RF,BinaryVector,br,micro_recall,0.1,0.0732±0.0034
chestxray_resnet,RF,BinaryVector,cc,micro_recall,0.1,0.0730±0.0042
chestxray_resnet,RF,BinaryVector,clr,micro_recall,0.1,0.0119±0.0020
chestxray_resnet,RF,BinaryVector,ecc,micro_recall,0.1,0.0569±0.0037
chestxray_resnet,RF,BinaryVector,mlknn,micro_recall,0.1,0.2434±0.0110
chestxray_resnet,RF,BinaryVector,PartialOrder__Hamming__2,micro_recall,0.2,0.9757±0.0030
chestxray_resnet,RF,BinaryVector,PartialOrder__Hamming__None,micro_recall,0.2,0.9743±0.0031
chestxray_resnet,RF,BinaryVector,PartialOrder__Subset__2,micro_recall,0.2,0.9756±0.0030
chestxray_resnet,RF,BinaryVector,PartialOrder__Subset__None,micro_recall,0.2,0.9744±0.0030
chestxray_resnet,RF,BinaryVector,PreOrder__Hamming__2,micro_recall,0.2,0.9047±0.0051
chestxray_resnet,RF,BinaryVector,PreOrder__Hamming__None,micro_recall,0.2,0.9043±0.0057
chestxray_resnet,RF,BinaryVector,PreOrder__Subset__2,micro_recall,0.2,0.9035±0.0051
chestxray_resnet,RF,BinaryVector,PreOrder__Subset__None,micro_recall,0.2,0.9036±0.0049
chestxray_resnet,RF,BinaryVector,br,micro_recall,0.2,0.0926±0.0049
chestxray_resnet,RF,BinaryVector,cc,micro_recall,0.2,0.0915±0.0055
chestxray_resnet,RF,BinaryVector,clr,micro_recall,0.2,0.0116±0.0022
chestxray_resnet,RF,BinaryVector,ecc,micro_recall,0.2,0.0715±0.0046
chestxray_resnet,RF,BinaryVector,mlknn,micro_recall,0.2,0.2832±0.0275
chestxray_resnet,RF,BinaryVector,PartialOrder__Hamming__2,micro_recall,0.3,0.9683±0.0028
chestxray_resnet,RF,BinaryVector,PartialOrder__Hamming__None,micro_recall,0.3,0.9661±0.0026
chestxray_resnet,RF,BinaryVector,PartialOrder__Subset__2,micro_recall,0.3,0.9682±0.0027
chestxray_resnet,RF,BinaryVector,PartialOrder__Subset__None,micro_recall,0.3,0.9663±0.0027
chestxray_resnet,RF,BinaryVector,PreOrder__Hamming__2,micro_recall,0.3,0.8284±0.0069
chestxray_resnet,RF,BinaryVector,PreOrder__Hamming__None,micro_recall,0.3,0.8338±0.0065
chestxray_resnet,RF,BinaryVector,PreOrder__Subset__2,micro_recall,0.3,0.8258±0.0068
chestxray_resnet,RF,BinaryVector,PreOrder__Subset__None,micro_recall,0.3,0.8323±0.0065
chestxray_resnet,RF,BinaryVector,br,micro_recall,0.3,0.1310±0.0080
chestxray_resnet,RF,BinaryVector,cc,micro_recall,0.3,0.1330±0.0079
chestxray_resnet,RF,BinaryVector,clr,micro_recall,0.3,0.0110±0.0028
chestxray_resnet,RF,BinaryVector,ecc,micro_recall,0.3,0.0946±0.0095
chestxray_resnet,RF,BinaryVector,mlknn,micro_recall,0.3,0.3307±0.0384
chestxray_resnet,RF,BinaryVector,PartialOrder__Hamming__2,subset0_1,0.0,0.0041±0.0007
chestxray_resnet,RF,BinaryVector,PartialOrder__Hamming__None,subset0_1,0.0,0.0043±0.0003
chestxray_resnet,RF,BinaryVector,PartialOrder__Subset__2,subset0_1,0.0,0.0041±0.0007
chestxray_resnet,RF,BinaryVector,PartialOrder__Subset__None,subset0_1,0.0,0.0043±0.0006
chestxray_resnet,RF,BinaryVector,PreOrder__Hamming__2,subset0_1,0.0,0.0066±0.0008
chestxray_resnet,RF,BinaryVector,PreOrder__Hamming__None,subset0_1,0.0,0.0068±0.0009
chestxray_resnet,RF,BinaryVector,PreOrder__Subset__2,subset0_1,0.0,0.0066±0.0008
chestxray_resnet,RF,BinaryVector,PreOrder__Subset__None,subset0_1,0.0,0.0068±0.0009
chestxray_resnet,RF,BinaryVector,br,subset0_1,0.0,0.4551±0.0029
chestxray_resnet,RF,BinaryVector,cc,subset0_1,0.0,0.4551±0.0025
chestxray_resnet,RF,BinaryVector,clr,subset0_1,0.0,0.4551±0.0033
chestxray_resnet,RF,BinaryVector,ecc,subset0_1,0.0,0.4561±0.0032
chestxray_resnet,RF,BinaryVector,mlknn,subset0_1,0.0,0.4341±0.0036
chestxray_resnet,RF,BinaryVector,PartialOrder__Hamming__2,subset0_1,0.1,0.0020±0.0006
chestxray_resnet,RF,BinaryVector,PartialOrder__Hamming__None,subset0_1,0.1,0.0020±0.0006
chestxray_resnet,RF,BinaryVector,PartialOrder__Subset__2,subset0_1,0.1,0.0020±0.0006
chestxray_resnet,RF,BinaryVector,PartialOrder__Subset__None,subset0_1,0.1,0.0021±0.0006
chestxray_resnet,RF,BinaryVector,PreOrder__Hamming__2,subset0_1,0.1,0.0059±0.0010
chestxray_resnet,RF,BinaryVector,PreOrder__Hamming__None,subset0_1,0.1,0.0056±0.0011
chestxray_resnet,RF,BinaryVector,PreOrder__Subset__2,subset0_1,0.1,0.0060±0.0011
chestxray_resnet,RF,BinaryVector,PreOrder__Subset__None,subset0_1,0.1,0.0058±0.0011
chestxray_resnet,RF,BinaryVector,br,subset0_1,0.1,0.4512±0.0043
chestxray_resnet,RF,BinaryVector,cc,subset0_1,0.1,0.4508±0.0038
chestxray_resnet,RF,BinaryVector,clr,subset0_1,0.1,0.4549±0.0038
chestxray_resnet,RF,BinaryVector,ecc,subset0_1,0.1,0.4541±0.0035
chestxray_resnet,RF,BinaryVector,mlknn,subset0_1,0.1,0.3952±0.0071
chestxray_resnet,RF,BinaryVector,PartialOrder__Hamming__2,subset0_1,0.2,0.0007±0.0005
chestxray_resnet,RF,BinaryVector,PartialOrder__Hamming__None,subset0_1,0.2,0.0007±0.0004
chestxray_resnet,RF,BinaryVector,PartialOrder__Subset__2,subset0_1,0.2,0.0007±0.0005
chestxray_resnet,RF,BinaryVector,PartialOrder__Subset__None,subset0_1,0.2,0.0006±0.0004
chestxray_resnet,RF,BinaryVector,PreOrder__Hamming__2,subset0_1,0.2,0.0050±0.0014
chestxray_resnet,RF,BinaryVector,PreOrder__Hamming__None,subset0_1,0.2,0.0044±0.0011
chestxray_resnet,RF,BinaryVector,PreOrder__Subset__2,subset0_1,0.2,0.0049±0.0013
chestxray_resnet,RF,BinaryVector,PreOrder__Subset__None,subset0_1,0.2,0.0044±0.0010
chestxray_resnet,RF,BinaryVector,br,subset0_1,0.2,0.4419±0.0045
chestxray_resnet,RF,BinaryVector,cc,subset0_1,0.2,0.4404±0.0034
chestxray_resnet,RF,BinaryVector,clr,subset0_1,0.2,0.4547±0.0035
chestxray_resnet,RF,BinaryVector,ecc,subset0_1,0.2,0.4500±0.0035
chestxray_resnet,RF,BinaryVector,mlknn,subset0_1,0.2,0.2888±0.0133
chestxray_resnet,RF,BinaryVector,PartialOrder__Hamming__2,subset0_1,0.3,0.0001±0.0001
chestxray_resnet,RF,BinaryVector,PartialOrder__Hamming__None,subset0_1,0.3,0.0001±0.0001
chestxray_resnet,RF,BinaryVector,PartialOrder__Subset__2,subset0_1,0.3,0.0001±0.0001
chestxray_resnet,RF,BinaryVector,PartialOrder__Subset__None,subset0_1,0.3,0.0001±0.0001
chestxray_resnet,RF,BinaryVector,PreOrder__Hamming__2,subset0_1,0.3,0.0037±0.0008
chestxray_resnet,RF,BinaryVector,PreOrder__Hamming__None,subset0_1,0.3,0.0028±0.0007
chestxray_resnet,RF,BinaryVector,PreOrder__Subset__2,subset0_1,0.3,0.0037±0.0008
chestxray_resnet,RF,BinaryVector,PreOrder__Subset__None,subset0_1,0.3,0.0027±0.0007
chestxray_resnet,RF,BinaryVector,br,subset0_1,0.3,0.4039±0.0057
chestxray_resnet,RF,BinaryVector,cc,subset0_1,0.3,0.4053±0.0055
chestxray_resnet,RF,BinaryVector,clr,subset0_1,0.3,0.4540±0.0036
chestxray_resnet,RF,BinaryVector,ecc,subset0_1,0.3,0.4370±0.0041
chestxray_resnet,RF,BinaryVector,mlknn,subset0_1,0.3,0.1412±0.0204
chestxray_resnet,RF,PartialAbstention,PartialOrder__Hamming__2,aabs,0.0,0.9223±0.0032
chestxray_resnet,RF,PartialAbstention,PartialOrder__Hamming__None,aabs,0.0,0.9188±0.0033
chestxray_resnet,RF,PartialAbstention,PartialOrder__Subset__2,aabs,0.0,0.9223±0.0032
chestxray_resnet,RF,PartialAbstention,PartialOrder__Subset__None,aabs,0.0,0.9190±0.0033
chestxray_resnet,RF,PartialAbstention,PreOrder__Hamming__2,aabs,0.0,0.9037±0.0033
chestxray_resnet,RF,PartialAbstention,PreOrder__Hamming__None,aabs,0.0,0.8992±0.0037
chestxray_resnet,RF,PartialAbstention,PreOrder__Subset__2,aabs,0.0,0.9038±0.0032
chestxray_resnet,RF,PartialAbstention,PreOrder__Subset__None,aabs,0.0,0.8997±0.0034
chestxray_resnet,RF,PartialAbstention,PartialOrder__Hamming__2,aabs,0.1,0.9204±0.0042
chestxray_resnet,RF,PartialAbstention,PartialOrder__Hamming__None,aabs,0.1,0.9163±0.0042
chestxray_resnet,RF,PartialAbstention,PartialOrder__Subset__2,aabs,0.1,0.9204±0.0042
chestxray_resnet,RF,PartialAbstention,PartialOrder__Subset__None,aabs,0.1,0.9167±0.0042
chestxray_resnet,RF,PartialAbstention,PreOrder__Hamming__2,aabs,0.1,0.8705±0.0057
chestxray_resnet,RF,PartialAbstention,PreOrder__Hamming__None,aabs,0.1,0.8638±0.0058
chestxray_resnet,RF,PartialAbstention,PreOrder__Subset__2,aabs,0.1,0.8706±0.0057
chestxray_resnet,RF,PartialAbstention,PreOrder__Subset__None,aabs,0.1,0.8641±0.0057
chestxray_resnet,RF,PartialAbstention,PartialOrder__Hamming__2,aabs,0.2,0.9182±0.0048
chestxray_resnet,RF,PartialAbstention,PartialOrder__Hamming__None,aabs,0.2,0.9128±0.0051
chestxray_resnet,RF,PartialAbstention,PartialOrder__Subset__2,aabs,0.2,0.9182±0.0048
chestxray_resnet,RF,PartialAbstention,PartialOrder__Subset__None,aabs,0.2,0.9134±0.0048
chestxray_resnet,RF,PartialAbstention,PreOrder__Hamming__2,aabs,0.2,0.8062±0.0069
chestxray_resnet,RF,PartialAbstention,PreOrder__Hamming__None,aabs,0.2,0.7946±0.0070
chestxray_resnet,RF,PartialAbstention,PreOrder__Subset__2,aabs,0.2,0.8065±0.0068
chestxray_resnet,RF,PartialAbstention,PreOrder__Subset__None,aabs,0.2,0.7953±0.0068
chestxray_resnet,RF,PartialAbstention,PartialOrder__Hamming__2,aabs,0.3,0.9006±0.0043
chestxray_resnet,RF,PartialAbstention,PartialOrder__Hamming__None,aabs,0.3,0.8920±0.0045
chestxray_resnet,RF,PartialAbstention,PartialOrder__Subset__2,aabs,0.3,0.9007±0.0043
chestxray_resnet,RF,PartialAbstention,PartialOrder__Subset__None,aabs,0.3,0.8936±0.0043
chestxray_resnet,RF,PartialAbstention,PreOrder__Hamming__2,aabs,0.3,0.6312±0.0100
chestxray_resnet,RF,PartialAbstention,PreOrder__Hamming__None,aabs,0.3,0.6091±0.0100
chestxray_resnet,RF,PartialAbstention,PreOrder__Subset__2,aabs,0.3,0.6321±0.0100
chestxray_resnet,RF,PartialAbstention,PreOrder__Subset__None,aabs,0.3,0.6104±0.0102
chestxray_resnet,RF,PartialAbstention,PartialOrder__Hamming__2,abs,0.0,0.9925±0.0014
chestxray_resnet,RF,PartialAbstention,PartialOrder__Hamming__None,abs,0.0,0.9920±0.0013
chestxray_resnet,RF,PartialAbstention,PartialOrder__Subset__2,abs,0.0,0.9925±0.0014
chestxray_resnet,RF,PartialAbstention,PartialOrder__Subset__None,abs,0.0,0.9921±0.0015
chestxray_resnet,RF,PartialAbstention,PreOrder__Hamming__2,abs,0.0,0.9823±0.0017
chestxray_resnet,RF,PartialAbstention,PreOrder__Hamming__None,abs,0.0,0.9815±0.0020
chestxray_resnet,RF,PartialAbstention,PreOrder__Subset__2,abs,0.0,0.9823±0.0016
chestxray_resnet,RF,PartialAbstention,PreOrder__Subset__None,abs,0.0,0.9809±0.0016
chestxray_resnet,RF,PartialAbstention,PartialOrder__Hamming__2,abs,0.1,0.9949±0.0012
chestxray_resnet,RF,PartialAbstention,PartialOrder__Hamming__None,abs,0.1,0.9945±0.0013
chestxray_resnet,RF,PartialAbstention,PartialOrder__Subset__2,abs,0.1,0.9949±0.0012
chestxray_resnet,RF,PartialAbstention,PartialOrder__Subset__None,abs,0.1,0.9945±0.0013
chestxray_resnet,RF,PartialAbstention,PreOrder__Hamming__2,abs,0.1,0.9824±0.0028
chestxray_resnet,RF,PartialAbstention,PreOrder__Hamming__None,abs,0.1,0.9813±0.0028
chestxray_resnet,RF,PartialAbstention,PreOrder__Subset__2,abs,0.1,0.9824±0.0028
chestxray_resnet,RF,PartialAbstention,PreOrder__Subset__None,abs,0.1,0.9812±0.0030
chestxray_resnet,RF,PartialAbstention,PartialOrder__Hamming__2,abs,0.2,0.9962±0.0013
chestxray_resnet,RF,PartialAbstention,PartialOrder__Hamming__None,abs,0.2,0.9958±0.0014
chestxray_resnet,RF,PartialAbstention,PartialOrder__Subset__2,abs,0.2,0.9962±0.0013
chestxray_resnet,RF,PartialAbstention,PartialOrder__Subset__None,abs,0.2,0.9958±0.0015
chestxray_resnet,RF,PartialAbstention,PreOrder__Hamming__2,abs,0.2,0.9801±0.0033
chestxray_resnet,RF,PartialAbstention,PreOrder__Hamming__None,abs,0.2,0.9783±0.0033
chestxray_resnet,RF,PartialAbstention,PreOrder__Subset__2,abs,0.2,0.9804±0.0033
chestxray_resnet,RF,PartialAbstention,PreOrder__Subset__None,abs,0.2,0.9782±0.0033
chestxray_resnet,RF,PartialAbstention,PartialOrder__Hamming__2,abs,0.3,0.9955±0.0013
chestxray_resnet,RF,PartialAbstention,PartialOrder__Hamming__None,abs,0.3,0.9948±0.0013
chestxray_resnet,RF,PartialAbstention,PartialOrder__Subset__2,abs,0.3,0.9955±0.0013
chestxray_resnet,RF,PartialAbstention,PartialOrder__Subset__None,abs,0.3,0.9949±0.0013
chestxray_resnet,RF,PartialAbstention,PreOrder__Hamming__2,abs,0.3,0.9620±0.0048
chestxray_resnet,RF,PartialAbstention,PreOrder__Hamming__None,abs,0.3,0.9573±0.0054
chestxray_resnet,RF,PartialAbstention,PreOrder__Subset__2,abs,0.3,0.9627±0.0047
chestxray_resnet,RF,PartialAbstention,PreOrder__Subset__None,abs,0.3,0.9576±0.0054
chestxray_resnet,RF,PartialAbstention,PartialOrder__Hamming__2,arec,0.0,0.9866±0.0010
chestxray_resnet,RF,PartialAbstention,PartialOrder__Hamming__None,arec,0.0,0.9859±0.0010
chestxray_resnet,RF,PartialAbstention,PartialOrder__Subset__2,arec,0.0,0.9866±0.0010
chestxray_resnet,RF,PartialAbstention,PartialOrder__Subset__None,arec,0.0,0.9860±0.0010
chestxray_resnet,RF,PartialAbstention,PreOrder__Hamming__2,arec,0.0,0.9825±0.0008
chestxray_resnet,RF,PartialAbstention,PreOrder__Hamming__None,arec,0.0,0.9815±0.0008
chestxray_resnet,RF,PartialAbstention,PreOrder__Subset__2,arec,0.0,0.9825±0.0008
chestxray_resnet,RF,PartialAbstention,PreOrder__Subset__None,arec,0.0,0.9816±0.0008
chestxray_resnet,RF,PartialAbstention,PartialOrder__Hamming__2,arec,0.1,0.9839±0.0012
chestxray_resnet,RF,PartialAbstention,PartialOrder__Hamming__None,arec,0.1,0.9828±0.0012
chestxray_resnet,RF,PartialAbstention,PartialOrder__Subset__2,arec,0.1,0.9839±0.0012
chestxray_resnet,RF,PartialAbstention,PartialOrder__Subset__None,arec,0.1,0.9830±0.0012
chestxray_resnet,RF,PartialAbstention,PreOrder__Hamming__2,arec,0.1,0.9735±0.0014
chestxray_resnet,RF,PartialAbstention,PreOrder__Hamming__None,arec,0.1,0.9717±0.0014
chestxray_resnet,RF,PartialAbstention,PreOrder__Subset__2,arec,0.1,0.9735±0.0014
chestxray_resnet,RF,PartialAbstention,PreOrder__Subset__None,arec,0.1,0.9717±0.0014
chestxray_resnet,RF,PartialAbstention,PartialOrder__Hamming__2,arec,0.2,0.9787±0.0015
chestxray_resnet,RF,PartialAbstention,PartialOrder__Hamming__None,arec,0.2,0.9768±0.0016
chestxray_resnet,RF,PartialAbstention,PartialOrder__Subset__2,arec,0.2,0.9787±0.0015
chestxray_resnet,RF,PartialAbstention,PartialOrder__Subset__None,arec,0.2,0.9771±0.0015
chestxray_resnet,RF,PartialAbstention,PreOrder__Hamming__2,arec,0.2,0.9521±0.0015
chestxray_resnet,RF,PartialAbstention,PreOrder__Hamming__None,arec,0.2,0.9480±0.0016
chestxray_resnet,RF,PartialAbstention,PreOrder__Subset__2,arec,0.2,0.9522±0.0015
chestxray_resnet,RF,PartialAbstention,PreOrder__Subset__None,arec,0.2,0.9481±0.0015
chestxray_resnet,RF,PartialAbstention,PartialOrder__Hamming__2,arec,0.3,0.9651±0.0019
chestxray_resnet,RF,PartialAbstention,PartialOrder__Hamming__None,arec,0.3,0.9613±0.0021
chestxray_resnet,RF,PartialAbstention,PartialOrder__Subset__2,arec,0.3,0.9651±0.0019
chestxray_resnet,RF,PartialAbstention,PartialOrder__Subset__None,arec,0.3,0.9620±0.0020
chestxray_resnet,RF,PartialAbstention,PreOrder__Hamming__2,arec,0.3,0.8806±0.0031
chestxray_resnet,RF,PartialAbstention,PreOrder__Hamming__None,arec,0.3,0.8677±0.0036
chestxray_resnet,RF,PartialAbstention,PreOrder__Subset__2,arec,0.3,0.8810±0.0031
chestxray_resnet,RF,PartialAbstention,PreOrder__Subset__None,arec,0.3,0.8672±0.0036
chestxray_resnet,RF,PartialAbstention,PartialOrder__Hamming__2,f1_pa,0.0,0.5172±0.0133
chestxray_resnet,RF,PartialAbstention,PartialOrder__Hamming__None,f1_pa,0.0,0.5144±0.0134
chestxray_resnet,RF,PartialAbstention,PartialOrder__Subset__2,f1_pa,0.0,0.5173±0.0134
chestxray_resnet,RF,PartialAbstention,PartialOrder__Subset__None,f1_pa,0.0,0.5150±0.0126
chestxray_resnet,RF,PartialAbstention,PreOrder__Hamming__2,f1_pa,0.0,0.4950±0.0141
chestxray_resnet,RF,PartialAbstention,PreOrder__Hamming__None,f1_pa,0.0,0.4938±0.0133
chestxray_resnet,RF,PartialAbstention,PreOrder__Subset__2,f1_pa,0.0,0.4943±0.0137
chestxray_resnet,RF,PartialAbstention,PreOrder__Subset__None,f1_pa,0.0,0.4931±0.0151
chestxray_resnet,RF,PartialAbstention,PartialOrder__Hamming__2,f1_pa,0.1,0.4952±0.0163
chestxray_resnet,RF,PartialAbstention,PartialOrder__Hamming__None,f1_pa,0.1,0.4924±0.0158
chestxray_resnet,RF,PartialAbstention,PartialOrder__Subset__2,f1_pa,0.1,0.4952±0.0163
chestxray_resnet,RF,PartialAbstention,PartialOrder__Subset__None,f1_pa,0.1,0.4942±0.0159
chestxray_resnet,RF,PartialAbstention,PreOrder__Hamming__2,f1_pa,0.1,0.4670±0.0136
chestxray_resnet,RF,PartialAbstention,PreOrder__Hamming__None,f1_pa,0.1,0.4641±0.0136
chestxray_resnet,RF,PartialAbstention,PreOrder__Subset__2,f1_pa,0.1,0.4666±0.0135
chestxray_resnet,RF,PartialAbstention,PreOrder__Subset__None,f1_pa,0.1,0.4640±0.0126
chestxray_resnet,RF,PartialAbstention,PartialOrder__Hamming__2,f1_pa,0.2,0.4360±0.0141
chestxray_resnet,RF,PartialAbstention,PartialOrder__Hamming__None,f1_pa,0.2,0.4314±0.0128
chestxray_resnet,RF,PartialAbstention,PartialOrder__Subset__2,f1_pa,0.2,0.4359±0.0141
chestxray_resnet,RF,PartialAbstention,PartialOrder__Subset__None,f1_pa,0.2,0.4338±0.0140
chestxray_resnet,RF,PartialAbstention,PreOrder__Hamming__2,f1_pa,0.2,0.4067±0.0102
chestxray_resnet,RF,PartialAbstention,PreOrder__Hamming__None,f1_pa,0.2,0.4035±0.0096
chestxray_resnet,RF,PartialAbstention,PreOrder__Subset__2,f1_pa,0.2,0.4063±0.0101
chestxray_resnet,RF,PartialAbstention,PreOrder__Subset__None,f1_pa,0.2,0.4032±0.0093
chestxray_resnet,RF,PartialAbstention,PartialOrder__Hamming__2,f1_pa,0.3,0.3214±0.0147
chestxray_resnet,RF,PartialAbstention,PartialOrder__Hamming__None,f1_pa,0.3,0.3171±0.0133
chestxray_resnet,RF,PartialAbstention,PartialOrder__Subset__2,f1_pa,0.3,0.3211±0.0146
chestxray_resnet,RF,PartialAbstention,PartialOrder__Subset__None,f1_pa,0.3,0.3192±0.0134
chestxray_resnet,RF,PartialAbstention,PreOrder__Hamming__2,f1_pa,0.3,0.3022±0.0054
chestxray_resnet,RF,PartialAbstention,PreOrder__Hamming__None,f1_pa,0.3,0.2985±0.0052
chestxray_resnet,RF,PartialAbstention,PreOrder__Subset__2,f1_pa,0.3,0.3014±0.0052
chestxray_resnet,RF,PartialAbstention,PreOrder__Subset__None,f1_pa,0.3,0.2971±0.0048
chestxray_resnet,RF,PartialAbstention,PartialOrder__Hamming__2,hamming_accuracy_pa,0.0,0.8280±0.0056
chestxray_resnet,RF,PartialAbstention,PartialOrder__Hamming__None,hamming_accuracy_pa,0.0,0.8267±0.0054
chestxray_resnet,RF,PartialAbstention,PartialOrder__Subset__2,hamming_accuracy_pa,0.0,0.8281±0.0058
chestxray_resnet,RF,PartialAbstention,PartialOrder__Subset__None,hamming_accuracy_pa,0.0,0.8268±0.0052
chestxray_resnet,RF,PartialAbstention,PreOrder__Hamming__2,hamming_accuracy_pa,0.0,0.8180±0.0035
chestxray_resnet,RF,PartialAbstention,PreOrder__Hamming__None,hamming_accuracy_pa,0.0,0.8167±0.0031
chestxray_resnet,RF,PartialAbstention,PreOrder__Subset__2,hamming_accuracy_pa,0.0,0.8177±0.0030
chestxray_resnet,RF,PartialAbstention,PreOrder__Subset__None,hamming_accuracy_pa,0.0,0.8166±0.0033
chestxray_resnet,RF,PartialAbstention,PartialOrder__Hamming__2,hamming_accuracy_pa,0.1,0.7973±0.0065
chestxray_resnet,RF,PartialAbstention,PartialOrder__Hamming__None,hamming_accuracy_pa,0.1,0.7949±0.0068
chestxray_resnet,RF,PartialAbstention,PartialOrder__Subset__2,hamming_accuracy_pa,0.1,0.7973±0.0065
chestxray_resnet,RF,PartialAbstention,PartialOrder__Subset__None,hamming_accuracy_pa,0.1,0.7958±0.0070
chestxray_resnet,RF,PartialAbstention,PreOrder__Hamming__2,hamming_accuracy_pa,0.1,0.7950±0.0043
chestxray_resnet,RF,PartialAbstention,PreOrder__Hamming__None,hamming_accuracy_pa,0.1,0.7924±0.0052
chestxray_resnet,RF,PartialAbstention,PreOrder__Subset__2,hamming_accuracy_pa,0.1,0.7952±0.0043
chestxray_resnet,RF,PartialAbstention,PreOrder__Subset__None,hamming_accuracy_pa,0.1,0.7917±0.0048
chestxray_resnet,RF,PartialAbstention,PartialOrder__Hamming__2,hamming_accuracy_pa,0.2,0.7393±0.0078
chestxray_resnet,RF,PartialAbstention,PartialOrder__Hamming__None,hamming_accuracy_pa,0.2,0.7343±0.0079
chestxray_resnet,RF,PartialAbstention,PartialOrder__Subset__2,hamming_accuracy_pa,0.2,0.7392±0.0078
chestxray_resnet,RF,PartialAbstention,PartialOrder__Subset__None,hamming_accuracy_pa,0.2,0.7353±0.0086
chestxray_resnet,RF,PartialAbstention,PreOrder__Hamming__2,hamming_accuracy_pa,0.2,0.7526±0.0060
chestxray_resnet,RF,PartialAbstention,PreOrder__Hamming__None,hamming_accuracy_pa,0.2,0.7466±0.0058
chestxray_resnet,RF,PartialAbstention,PreOrder__Subset__2,hamming_accuracy_pa,0.2,0.7529±0.0061
chestxray_resnet,RF,PartialAbstention,PreOrder__Subset__None,hamming_accuracy_pa,0.2,0.7461±0.0058
chestxray_resnet,RF,PartialAbstention,PartialOrder__Hamming__2,hamming_accuracy_pa,0.3,0.6487±0.0077
chestxray_resnet,RF,PartialAbstention,PartialOrder__Hamming__None,hamming_accuracy_pa,0.3,0.6421±0.0071
chestxray_resnet,RF,PartialAbstention,PartialOrder__Subset__2,hamming_accuracy_pa,0.3,0.6484±0.0076
chestxray_resnet,RF,PartialAbstention,PartialOrder__Subset__None,hamming_accuracy_pa,0.3,0.6434±0.0072
chestxray_resnet,RF,PartialAbstention,PreOrder__Hamming__2,hamming_accuracy_pa,0.3,0.6761±0.0039
chestxray_resnet,RF,PartialAbstention,PreOrder__Hamming__None,hamming_accuracy_pa,0.3,0.6616±0.0044
chestxray_resnet,RF,PartialAbstention,PreOrder__Subset__2,hamming_accuracy_pa,0.3,0.6764±0.0041
chestxray_resnet,RF,PartialAbstention,PreOrder__Subset__None,hamming_accuracy_pa,0.3,0.6591±0.0041
chestxray_resnet,RF,PartialAbstention,PartialOrder__Hamming__2,rec,0.0,0.9061±0.0055
chestxray_resnet,RF,PartialAbstention,PartialOrder__Hamming__None,rec,0.0,0.9017±0.0055
chestxray_resnet,RF,PartialAbstention,PartialOrder__Subset__2,rec,0.0,0.9061±0.0056
chestxray_resnet,RF,PartialAbstention,PartialOrder__Subset__None,rec,0.0,0.9021±0.0051
chestxray_resnet,RF,PartialAbstention,PreOrder__Hamming__2,rec,0.0,0.8835±0.0035
chestxray_resnet,RF,PartialAbstention,PreOrder__Hamming__None,rec,0.0,0.8778±0.0031
chestxray_resnet,RF,PartialAbstention,PreOrder__Subset__2,rec,0.0,0.8835±0.0034
chestxray_resnet,RF,PartialAbstention,PreOrder__Subset__None,rec,0.0,0.8784±0.0037
chestxray_resnet,RF,PartialAbstention,PartialOrder__Hamming__2,rec,0.1,0.8901±0.0068
chestxray_resnet,RF,PartialAbstention,PartialOrder__Hamming__None,rec,0.1,0.8843±0.0070
chestxray_resnet,RF,PartialAbstention,PartialOrder__Subset__2,rec,0.1,0.8902±0.0068
chestxray_resnet,RF,PartialAbstention,PartialOrder__Subset__None,rec,0.1,0.8853±0.0069
chestxray_resnet,RF,PartialAbstention,PreOrder__Hamming__2,rec,0.1,0.8279±0.0077
chestxray_resnet,RF,PartialAbstention,PreOrder__Hamming__None,rec,0.1,0.8185±0.0078
chestxray_resnet,RF,PartialAbstention,PreOrder__Subset__2,rec,0.1,0.8281±0.0076
chestxray_resnet,RF,PartialAbstention,PreOrder__Subset__None,rec,0.1,0.8184±0.0072
chestxray_resnet,RF,PartialAbstention,PartialOrder__Hamming__2,rec,0.2,0.8635±0.0077
chestxray_resnet,RF,PartialAbstention,PartialOrder__Hamming__None,rec,0.2,0.8543±0.0078
chestxray_resnet,RF,PartialAbstention,PartialOrder__Subset__2,rec,0.2,0.8635±0.0077
chestxray_resnet,RF,PartialAbstention,PartialOrder__Subset__None,rec,0.2,0.8557±0.0076
chestxray_resnet,RF,PartialAbstention,PreOrder__Hamming__2,rec,0.2,0.7086±0.0068
chestxray_resnet,RF,PartialAbstention,PreOrder__Hamming__None,rec,0.2,0.6906±0.0068
chestxray_resnet,RF,PartialAbstention,PreOrder__Subset__2,rec,0.2,0.7087±0.0068
chestxray_resnet,RF,PartialAbstention,PreOrder__Subset__None,rec,0.2,0.6912±0.0064
chestxray_resnet,RF,PartialAbstention,PartialOrder__Hamming__2,rec,0.3,0.7989±0.0094
chestxray_resnet,RF,PartialAbstention,PartialOrder__Hamming__None,rec,0.3,0.7822±0.0093
chestxray_resnet,RF,PartialAbstention,PartialOrder__Subset__2,rec,0.3,0.7988±0.0094
chestxray_resnet,RF,PartialAbstention,PartialOrder__Subset__None,rec,0.3,0.7859±0.0087
chestxray_resnet,RF,PartialAbstention,PreOrder__Hamming__2,rec,0.3,0.3986±0.0122
chestxray_resnet,RF,PartialAbstention,PreOrder__Hamming__None,rec,0.3,0.3673±0.0117
chestxray_resnet,RF,PartialAbstention,PreOrder__Subset__2,rec,0.3,0.3990±0.0124
chestxray_resnet,RF,PartialAbstention,PreOrder__Subset__None,rec,0.3,0.3667±0.0123
chestxray_resnet,RF,PartialAbstention,PartialOrder__Hamming__2,subset0_1_pa,0.0,0.4510±0.0171
chestxray_resnet,RF,PartialAbstention,PartialOrder__Hamming__None,subset0_1_pa,0.0,0.4464±0.0157
chestxray_resnet,RF,PartialAbstention,PartialOrder__Subset__2,subset0_1_pa,0.0,0.4513±0.0174
chestxray_resnet,RF,PartialAbstention,PartialOrder__Subset__None,subset0_1_pa,0.0,0.4466±0.0139
chestxray_resnet,RF,PartialAbstention,PreOrder__Hamming__2,subset0_1_pa,0.0,0.4035±0.0111
chestxray_resnet,RF,PartialAbstention,PreOrder__Hamming__None,subset0_1_pa,0.0,0.3991±0.0093
chestxray_resnet,RF,PartialAbstention,PreOrder__Subset__2,subset0_1_pa,0.0,0.4037±0.0102
chestxray_resnet,RF,PartialAbstention,PreOrder__Subset__None,subset0_1_pa,0.0,0.3977±0.0109
chestxray_resnet,RF,PartialAbstention,PartialOrder__Hamming__2,subset0_1_pa,0.1,0.4275±0.0188
chestxray_resnet,RF,PartialAbstention,PartialOrder__Hamming__None,subset0_1_pa,0.1,0.4225±0.0192
chestxray_resnet,RF,PartialAbstention,PartialOrder__Subset__2,subset0_1_pa,0.1,0.4275±0.0187
chestxray_resnet,RF,PartialAbstention,PartialOrder__Subset__None,subset0_1_pa,0.1,0.4237±0.0193
chestxray_resnet,RF,PartialAbstention,PreOrder__Hamming__2,subset0_1_pa,0.1,0.3723±0.0140
chestxray_resnet,RF,PartialAbstention,PreOrder__Hamming__None,subset0_1_pa,0.1,0.3639±0.0158
chestxray_resnet,RF,PartialAbstention,PreOrder__Subset__2,subset0_1_pa,0.1,0.3729±0.0139
chestxray_resnet,RF,PartialAbstention,PreOrder__Subset__None,subset0_1_pa,0.1,0.3631±0.0139
chestxray_resnet,RF,PartialAbstention,PartialOrder__Hamming__2,subset0_1_pa,0.2,0.3577±0.0173
chestxray_resnet,RF,PartialAbstention,PartialOrder__Hamming__None,subset0_1_pa,0.2,0.3493±0.0162
chestxray_resnet,RF,PartialAbstention,PartialOrder__Subset__2,subset0_1_pa,0.2,0.3577±0.0172
chestxray_resnet,RF,PartialAbstention,PartialOrder__Subset__None,subset0_1_pa,0.2,0.3526±0.0178
chestxray_resnet,RF,PartialAbstention,PreOrder__Hamming__2,subset0_1_pa,0.2,0.2965±0.0092
chestxray_resnet,RF,PartialAbstention,PreOrder__Hamming__None,subset0_1_pa,0.2,0.2842±0.0084
chestxray_resnet,RF,PartialAbstention,PreOrder__Subset__2,subset0_1_pa,0.2,0.2968±0.0092
chestxray_resnet,RF,PartialAbstention,PreOrder__Subset__None,subset0_1_pa,0.2,0.2838±0.0078
chestxray_resnet,RF,PartialAbstention,PartialOrder__Hamming__2,subset0_1_pa,0.3,0.2340±0.0167
chestxray_resnet,RF,PartialAbstention,PartialOrder__Hamming__None,subset0_1_pa,0.3,0.2262±0.0143
chestxray_resnet,RF,PartialAbstention,PartialOrder__Subset__2,subset0_1_pa,0.3,0.2338±0.0165
chestxray_resnet,RF,PartialAbstention,PartialOrder__Subset__None,subset0_1_pa,0.3,0.2278±0.0154
chestxray_resnet,RF,PartialAbstention,PreOrder__Hamming__2,subset0_1_pa,0.3,0.1592±0.0059
chestxray_resnet,RF,PartialAbstention,PreOrder__Hamming__None,subset0_1_pa,0.3,0.1434±0.0053
chestxray_resnet,RF,PartialAbstention,PreOrder__Subset__2,subset0_1_pa,0.3,0.1596±0.0062
chestxray_resnet,RF,PartialAbstention,PreOrder__Subset__None,subset0_1_pa,0.3,0.1419±0.0060
chestxray_resnet,RF,ScoreVector,PartialOrder__Hamming__2,auc_macro,0.0,0.7435±0.0012
chestxray_resnet,RF,ScoreVector,PartialOrder__Hamming__None,auc_macro,0.0,0.7435±0.0012
chestxray_resnet,RF,ScoreVector,PartialOrder__Subset__2,auc_macro,0.0,0.7435±0.0012
chestxray_resnet,RF,ScoreVector,PartialOrder__Subset__None,auc_macro,0.0,0.7435±0.0012
chestxray_resnet,RF,ScoreVector,PreOrder__Hamming__2,auc_macro,0.0,0.7435±0.0012
chestxray_resnet,RF,ScoreVector,PreOrder__Hamming__None,auc_macro,0.0,0.7435±0.0012
chestxray_resnet,RF,ScoreVector,PreOrder__Subset__2,auc_macro,0.0,0.7435±0.0012
chestxray_resnet,RF,ScoreVector,PreOrder__Subset__None,auc_macro,0.0,0.7435±0.0012
chestxray_resnet,RF,ScoreVector,br,auc_macro,0.0,0.7435±0.0012
chestxray_resnet,RF,ScoreVector,cc,auc_macro,0.0,0.7421±0.0039
chestxray_resnet,RF,ScoreVector,clr,auc_macro,0.0,0.7459±0.0072
chestxray_resnet,RF,ScoreVector,ecc,auc_macro,0.0,0.7514±0.0036
chestxray_resnet,RF,ScoreVector,mlknn,auc_macro,0.0,0.6630±0.0035
chestxray_resnet,RF,ScoreVector,PartialOrder__Hamming__2,auc_macro,0.1,0.7028±0.0027
chestxray_resnet,RF,ScoreVector,PartialOrder__Hamming__None,auc_macro,0.1,0.7028±0.0027
chestxray_resnet,RF,ScoreVector,PartialOrder__Subset__2,auc_macro,0.1,0.7028±0.0027
chestxray_resnet,RF,ScoreVector,PartialOrder__Subset__None,auc_macro,0.1,0.7028±0.0027
chestxray_resnet,RF,ScoreVector,PreOrder__Hamming__2,auc_macro,0.1,0.7028±0.0027
chestxray_resnet,RF,ScoreVector,PreOrder__Hamming__None,auc_macro,0.1,0.7028±0.0027
chestxray_resnet,RF,ScoreVector,PreOrder__Subset__2,auc_macro,0.1,0.7028±0.0027
chestxray_resnet,RF,ScoreVector,PreOrder__Subset__None,auc_macro,0.1,0.7028±0.0027
chestxray_resnet,RF,ScoreVector,br,auc_macro,0.1,0.7023±0.0040
chestxray_resnet,RF,ScoreVector,cc,auc_macro,0.1,0.7027±0.0028
chestxray_resnet,RF,ScoreVector,clr,auc_macro,0.1,0.7281±0.0074
chestxray_resnet,RF,ScoreVector,ecc,auc_macro,0.1,0.7109±0.0026
chestxray_resnet,RF,ScoreVector,mlknn,auc_macro,0.1,0.5271±0.0072
chestxray_resnet,RF,ScoreVector,PartialOrder__Hamming__2,auc_macro,0.2,0.6772±0.0044
chestxray_resnet,RF,ScoreVector,PartialOrder__Hamming__None,auc_macro,0.2,0.6772±0.0044
chestxray_resnet,RF,ScoreVector,PartialOrder__Subset__2,auc_macro,0.2,0.6772±0.0044
chestxray_resnet,RF,ScoreVector,PartialOrder__Subset__None,auc_macro,0.2,0.6772±0.0044
chestxray_resnet,RF,ScoreVector,PreOrder__Hamming__2,auc_macro,0.2,0.6772±0.0044
chestxray_resnet,RF,ScoreVector,PreOrder__Hamming__None,auc_macro,0.2,0.6772±0.0044
chestxray_resnet,RF,ScoreVector,PreOrder__Subset__2,auc_macro,0.2,0.6772±0.0044
chestxray_resnet,RF,ScoreVector,PreOrder__Subset__None,auc_macro,0.2,0.6772±0.0044
chestxray_resnet,RF,ScoreVector,br,auc_macro,0.2,0.6780±0.0040
chestxray_resnet,RF,ScoreVector,cc,auc_macro,0.2,0.6776±0.0042
chestxray_resnet,RF,ScoreVector,clr,auc_macro,0.2,0.7097±0.0064
chestxray_resnet,RF,ScoreVector,ecc,auc_macro,0.2,0.6929±0.0035
chestxray_resnet,RF,ScoreVector,mlknn,auc_macro,0.2,0.5094±0.0064
chestxray_resnet,RF,ScoreVector,PartialOrder__Hamming__2,auc_macro,0.3,0.6463±0.0059
chestxray_resnet,RF,ScoreVector,PartialOrder__Hamming__None,auc_macro,0.3,0.6463±0.0059
chestxray_resnet,RF,ScoreVector,PartialOrder__Subset__2,auc_macro,0.3,0.6463±0.0059
chestxray_resnet,RF,ScoreVector,PartialOrder__Subset__None,auc_macro,0.3,0.6463±0.0059
chestxray_resnet,RF,ScoreVector,PreOrder__Hamming__2,auc_macro,0.3,0.6463±0.0059
chestxray_resnet,RF,ScoreVector,PreOrder__Hamming__None,auc_macro,0.3,0.6463±0.0059
chestxray_resnet,RF,ScoreVector,PreOrder__Subset__2,auc_macro,0.3,0.6463±0.0059
chestxray_resnet,RF,ScoreVector,PreOrder__Subset__None,auc_macro,0.3,0.6463±0.0059
chestxray_resnet,RF,ScoreVector,br,auc_macro,0.3,0.6440±0.0057
chestxray_resnet,RF,ScoreVector,cc,auc_macro,0.3,0.6472±0.0057
chestxray_resnet,RF,ScoreVector,clr,auc_macro,0.3,0.6809±0.0064
chestxray_resnet,RF,ScoreVector,ecc,auc_macro,0.3,0.6736±0.0041
chestxray_resnet,RF,ScoreVector,mlknn,auc_macro,0.3,0.5112±0.0068
chestxray_resnet,RF,ScoreVector,PartialOrder__Hamming__2,auc_micro,0.0,0.8120±0.0030
chestxray_resnet,RF,ScoreVector,PartialOrder__Hamming__None,auc_micro,0.0,0.8120±0.0030
chestxray_resnet,RF,ScoreVector,PartialOrder__Subset__2,auc_micro,0.0,0.8120±0.0030
chestxray_resnet,RF,ScoreVector,PartialOrder__Subset__None,auc_micro,0.0,0.8120±0.0030
chestxray_resnet,RF,ScoreVector,PreOrder__Hamming__2,auc_micro,0.0,0.8120±0.0030
chestxray_resnet,RF,ScoreVector,PreOrder__Hamming__None,auc_micro,0.0,0.8120±0.0030
chestxray_resnet,RF,ScoreVector,PreOrder__Subset__2,auc_micro,0.0,0.8120±0.0030
chestxray_resnet,RF,ScoreVector,PreOrder__Subset__None,auc_micro,0.0,0.8120±0.0030
chestxray_resnet,RF,ScoreVector,br,auc_micro,0.0,0.8120±0.0030
chestxray_resnet,RF,ScoreVector,cc,auc_micro,0.0,0.8115±0.0038
chestxray_resnet,RF,ScoreVector,clr,auc_micro,0.0,0.8082±0.0032
chestxray_resnet,RF,ScoreVector,ecc,auc_micro,0.0,0.8161±0.0038
chestxray_resnet,RF,ScoreVector,mlknn,auc_micro,0.0,0.7537±0.0036
chestxray_resnet,RF,ScoreVector,PartialOrder__Hamming__2,auc_micro,0.1,0.7769±0.0040
chestxray_resnet,RF,ScoreVector,PartialOrder__Hamming__None,auc_micro,0.1,0.7769±0.0040
chestxray_resnet,RF,ScoreVector,PartialOrder__Subset__2,auc_micro,0.1,0.7769±0.0040
chestxray_resnet,RF,ScoreVector,PartialOrder__Subset__None,auc_micro,0.1,0.7769±0.0040
chestxray_resnet,RF,ScoreVector,PreOrder__Hamming__2,auc_micro,0.1,0.7769±0.0040
chestxray_resnet,RF,ScoreVector,PreOrder__Hamming__None,auc_micro,0.1,0.7769±0.0040
chestxray_resnet,RF,ScoreVector,PreOrder__Subset__2,auc_micro,0.1,0.7769±0.0040
chestxray_resnet,RF,ScoreVector,PreOrder__Subset__None,auc_micro,0.1,0.7769±0.0040
chestxray_resnet,RF,ScoreVector,br,auc_micro,0.1,0.7768±0.0040
chestxray_resnet,RF,ScoreVector,cc,auc_micro,0.1,0.7768±0.0040
chestxray_resnet,RF,ScoreVector,clr,auc_micro,0.1,0.8064±0.0034
chestxray_resnet,RF,ScoreVector,ecc,auc_micro,0.1,0.7853±0.0035
chestxray_resnet,RF,ScoreVector,mlknn,auc_micro,0.1,0.5979±0.0068
chestxray_resnet,RF,ScoreVector,PartialOrder__Hamming__2,auc_micro,0.2,0.7472±0.0034
chestxray_resnet,RF,ScoreVector,PartialOrder__Hamming__None,auc_micro,0.2,0.7472±0.0034
chestxray_resnet,RF,ScoreVector,PartialOrder__Subset__2,auc_micro,0.2,0.7472±0.0034
chestxray_resnet,RF,ScoreVector,PartialOrder__Subset__None,auc_micro,0.2,0.7472±0.0034
chestxray_resnet,RF,ScoreVector,PreOrder__Hamming__2,auc_micro,0.2,0.7472±0.0034
chestxray_resnet,RF,ScoreVector,PreOrder__Hamming__None,auc_micro,0.2,0.7472±0.0034
chestxray_resnet,RF,ScoreVector,PreOrder__Subset__2,auc_micro,0.2,0.7472±0.0034
chestxray_resnet,RF,ScoreVector,PreOrder__Subset__None,auc_micro,0.2,0.7472±0.0034
chestxray_resnet,RF,ScoreVector,br,auc_micro,0.2,0.7477±0.0042
chestxray_resnet,RF,ScoreVector,cc,auc_micro,0.2,0.7478±0.0037
chestxray_resnet,RF,ScoreVector,clr,auc_micro,0.2,0.7927±0.0039
chestxray_resnet,RF,ScoreVector,ecc,auc_micro,0.2,0.7660±0.0043
chestxray_resnet,RF,ScoreVector,mlknn,auc_micro,0.2,0.5565±0.0062
chestxray_resnet,RF,ScoreVector,PartialOrder__Hamming__2,auc_micro,0.3,0.7067±0.0043
chestxray_resnet,RF,ScoreVector,PartialOrder__Hamming__None,auc_micro,0.3,0.7067±0.0043
chestxray_resnet,RF,ScoreVector,PartialOrder__Subset__2,auc_micro,0.3,0.7067±0.0043
chestxray_resnet,RF,ScoreVector,PartialOrder__Subset__None,auc_micro,0.3,0.7067±0.0043
chestxray_resnet,RF,ScoreVector,PreOrder__Hamming__2,auc_micro,0.3,0.7067±0.0043
chestxray_resnet,RF,ScoreVector,PreOrder__Hamming__None,auc_micro,0.3,0.7067±0.0043
chestxray_resnet,RF,ScoreVector,PreOrder__Subset__2,auc_micro,0.3,0.7067±0.0043
chestxray_resnet,RF,ScoreVector,PreOrder__Subset__None,auc_micro,0.3,0.7067±0.0043
chestxray_resnet,RF,ScoreVector,br,auc_micro,0.3,0.7059±0.0059
chestxray_resnet,RF,ScoreVector,cc,auc_micro,0.3,0.7079±0.0055
chestxray_resnet,RF,ScoreVector,clr,auc_micro,0.3,0.7632±0.0031
chestxray_resnet,RF,ScoreVector,ecc,auc_micro,0.3,0.7426±0.0048
chestxray_resnet,RF,ScoreVector,mlknn,auc_micro,0.3,0.5417±0.0065
chestxray_resnet,RF,ScoreVector,PartialOrder__Hamming__2,auprc_macro,0.0,0.2855±0.0054
chestxray_resnet,RF,ScoreVector,PartialOrder__Hamming__None,auprc_macro,0.0,0.2855±0.0054
chestxray_resnet,RF,ScoreVector,PartialOrder__Subset__2,auprc_macro,0.0,0.2855±0.0054
chestxray_resnet,RF,ScoreVector,PartialOrder__Subset__None,auprc_macro,0.0,0.2855±0.0054
chestxray_resnet,RF,ScoreVector,PreOrder__Hamming__2,auprc_macro,0.0,0.2855±0.0054
chestxray_resnet,RF,ScoreVector,PreOrder__Hamming__None,auprc_macro,0.0,0.2855±0.0054
chestxray_resnet,RF,ScoreVector,PreOrder__Subset__2,auprc_macro,0.0,0.2855±0.0054
chestxray_resnet,RF,ScoreVector,PreOrder__Subset__None,auprc_macro,0.0,0.2855±0.0054
chestxray_resnet,RF,ScoreVector,br,auprc_macro,0.0,0.2855±0.0054
chestxray_resnet,RF,ScoreVector,cc,auprc_macro,0.0,0.2834±0.0060
chestxray_resnet,RF,ScoreVector,clr,auprc_macro,0.0,0.2824±0.0051
chestxray_resnet,RF,ScoreVector,ecc,auprc_macro,0.0,0.2929±0.0082
chestxray_resnet,RF,ScoreVector,mlknn,auprc_macro,0.0,0.1591±0.0027
chestxray_resnet,RF,ScoreVector,PartialOrder__Hamming__2,auprc_macro,0.1,0.2479±0.0053
chestxray_resnet,RF,ScoreVector,PartialOrder__Hamming__None,auprc_macro,0.1,0.2479±0.0053
chestxray_resnet,RF,ScoreVector,PartialOrder__Subset__2,auprc_macro,0.1,0.2479±0.0053
chestxray_resnet,RF,ScoreVector,PartialOrder__Subset__None,auprc_macro,0.1,0.2479±0.0053
chestxray_resnet,RF,ScoreVector,PreOrder__Hamming__2,auprc_macro,0.1,0.2479±0.0053
chestxray_resnet,RF,ScoreVector,PreOrder__Hamming__None,auprc_macro,0.1,0.2479±0.0053
chestxray_resnet,RF,ScoreVector,PreOrder__Subset__2,auprc_macro,0.1,0.2479±0.0053
chestxray_resnet,RF,ScoreVector,PreOrder__Subset__None,auprc_macro,0.1,0.2479±0.0053
chestxray_resnet,RF,ScoreVector,br,auprc_macro,0.1,0.2480±0.0053
chestxray_resnet,RF,ScoreVector,cc,auprc_macro,0.1,0.2478±0.0056
chestxray_resnet,RF,ScoreVector,clr,auprc_macro,0.1,0.2793±0.0060
chestxray_resnet,RF,ScoreVector,ecc,auprc_macro,0.1,0.2596±0.0058
chestxray_resnet,RF,ScoreVector,mlknn,auprc_macro,0.1,0.1141±0.0021
chestxray_resnet,RF,ScoreVector,PartialOrder__Hamming__2,auprc_macro,0.2,0.2200±0.0042
chestxray_resnet,RF,ScoreVector,PartialOrder__Hamming__None,auprc_macro,0.2,0.2200±0.0042
chestxray_resnet,RF,ScoreVector,PartialOrder__Subset__2,auprc_macro,0.2,0.2200±0.0042
chestxray_resnet,RF,ScoreVector,PartialOrder__Subset__None,auprc_macro,0.2,0.2200±0.0042
chestxray_resnet,RF,ScoreVector,PreOrder__Hamming__2,auprc_macro,0.2,0.2200±0.0042
chestxray_resnet,RF,ScoreVector,PreOrder__Hamming__None,auprc_macro,0.2,0.2200±0.0042
chestxray_resnet,RF,ScoreVector,PreOrder__Subset__2,auprc_macro,0.2,0.2200±0.0042
chestxray_resnet,RF,ScoreVector,PreOrder__Subset__None,auprc_macro,0.2,0.2200±0.0042
chestxray_resnet,RF,ScoreVector,br,auprc_macro,0.2,0.2197±0.0057
chestxray_resnet,RF,ScoreVector,cc,auprc_macro,0.2,0.2191±0.0041
chestxray_resnet,RF,ScoreVector,clr,auprc_macro,0.2,0.2658±0.0056
chestxray_resnet,RF,ScoreVector,ecc,auprc_macro,0.2,0.2394±0.0065
chestxray_resnet,RF,ScoreVector,mlknn,auprc_macro,0.2,0.1096±0.0018
chestxray_resnet,RF,ScoreVector,PartialOrder__Hamming__2,auprc_macro,0.3,0.1866±0.0053
chestxray_resnet,RF,ScoreVector,PartialOrder__Hamming__None,auprc_macro,0.3,0.1866±0.0053
chestxray_resnet,RF,ScoreVector,PartialOrder__Subset__2,auprc_macro,0.3,0.1866±0.0053
chestxray_resnet,RF,ScoreVector,PartialOrder__Subset__None,auprc_macro,0.3,0.1866±0.0053
chestxray_resnet,RF,ScoreVector,PreOrder__Hamming__2,auprc_macro,0.3,0.1866±0.0053
chestxray_resnet,RF,ScoreVector,PreOrder__Hamming__None,auprc_macro,0.3,0.1866±0.0053
chestxray_resnet,RF,ScoreVector,PreOrder__Subset__2,auprc_macro,0.3,0.1866±0.0053
chestxray_resnet,RF,ScoreVector,PreOrder__Subset__None,auprc_macro,0.3,0.1866±0.0053
chestxray_resnet,RF,ScoreVector,br,auprc_macro,0.3,0.1854±0.0048
chestxray_resnet,RF,ScoreVector,cc,auprc_macro,0.3,0.1877±0.0051
chestxray_resnet,RF,ScoreVector,clr,auprc_macro,0.3,0.2323±0.0052
chestxray_resnet,RF,ScoreVector,ecc,auprc_macro,0.3,0.2149±0.0064
chestxray_resnet,RF,ScoreVector,mlknn,auprc_macro,0.3,0.1086±0.0021
chestxray_resnet,RF,ScoreVector,PartialOrder__Hamming__2,auprc_micro,0.0,0.3538±0.0092
chestxray_resnet,RF,ScoreVector,PartialOrder__Hamming__None,auprc_micro,0.0,0.3538±0.0092
chestxray_resnet,RF,ScoreVector,PartialOrder__Subset__2,auprc_micro,0.0,0.3538±0.0092
chestxray_resnet,RF,ScoreVector,PartialOrder__Subset__None,auprc_micro,0.0,0.3538±0.0092
chestxray_resnet,RF,ScoreVector,PreOrder__Hamming__2,auprc_micro,0.0,0.3538±0.0092
chestxray_resnet,RF,ScoreVector,PreOrder__Hamming__None,auprc_micro,0.0,0.3538±0.0092
chestxray_resnet,RF,ScoreVector,PreOrder__Subset__2,auprc_micro,0.0,0.3538±0.0092
chestxray_resnet,RF,ScoreVector,PreOrder__Subset__None,auprc_micro,0.0,0.3538±0.0092
chestxray_resnet,RF,ScoreVector,br,auprc_micro,0.0,0.3538±0.0092
chestxray_resnet,RF,ScoreVector,cc,auprc_micro,0.0,0.3530±0.0090
chestxray_resnet,RF,ScoreVector,clr,auprc_micro,0.0,0.3249±0.0066
chestxray_resnet,RF,ScoreVector,ecc,auprc_micro,0.0,0.3635±0.0100
chestxray_resnet,RF,ScoreVector,mlknn,auprc_micro,0.0,0.2326±0.0063
chestxray_resnet,RF,ScoreVector,PartialOrder__Hamming__2,auprc_micro,0.1,0.3177±0.0092
chestxray_resnet,RF,ScoreVector,PartialOrder__Hamming__None,auprc_micro,0.1,0.3177±0.0092
chestxray_resnet,RF,ScoreVector,PartialOrder__Subset__2,auprc_micro,0.1,0.3177±0.0092
chestxray_resnet,RF,ScoreVector,PartialOrder__Subset__None,auprc_micro,0.1,0.3177±0.0092
chestxray_resnet,RF,ScoreVector,PreOrder__Hamming__2,auprc_micro,0.1,0.3177±0.0092
chestxray_resnet,RF,ScoreVector,PreOrder__Hamming__None,auprc_micro,0.1,0.3177±0.0092
chestxray_resnet,RF,ScoreVector,PreOrder__Subset__2,auprc_micro,0.1,0.3177±0.0092
chestxray_resnet,RF,ScoreVector,PreOrder__Subset__None,auprc_micro,0.1,0.3177±0.0092
chestxray_resnet,RF,ScoreVector,br,auprc_micro,0.1,0.3181±0.0089
chestxray_resnet,RF,ScoreVector,cc,auprc_micro,0.1,0.3168±0.0094
chestxray_resnet,RF,ScoreVector,clr,auprc_micro,0.1,0.3398±0.0067
chestxray_resnet,RF,ScoreVector,ecc,auprc_micro,0.1,0.3356±0.0096
chestxray_resnet,RF,ScoreVector,mlknn,auprc_micro,0.1,0.1632±0.0059
chestxray_resnet,RF,ScoreVector,PartialOrder__Hamming__2,auprc_micro,0.2,0.2793±0.0067
chestxray_resnet,RF,ScoreVector,PartialOrder__Hamming__None,auprc_micro,0.2,0.2793±0.0067
chestxray_resnet,RF,ScoreVector,PartialOrder__Subset__2,auprc_micro,0.2,0.2793±0.0067
chestxray_resnet,RF,ScoreVector,PartialOrder__Subset__None,auprc_micro,0.2,0.2793±0.0067
chestxray_resnet,RF,ScoreVector,PreOrder__Hamming__2,auprc_micro,0.2,0.2793±0.0067
chestxray_resnet,RF,ScoreVector,PreOrder__Hamming__None,auprc_micro,0.2,0.2793±0.0067
chestxray_resnet,RF,ScoreVector,PreOrder__Subset__2,auprc_micro,0.2,0.2793±0.0067
chestxray_resnet,RF,ScoreVector,PreOrder__Subset__None,auprc_micro,0.2,0.2793±0.0067
chestxray_resnet,RF,ScoreVector,br,auprc_micro,0.2,0.2801±0.0083
chestxray_resnet,RF,ScoreVector,cc,auprc_micro,0.2,0.2789±0.0068
chestxray_resnet,RF,ScoreVector,clr,auprc_micro,0.2,0.3322±0.0074
chestxray_resnet,RF,ScoreVector,ecc,auprc_micro,0.2,0.3103±0.0107
chestxray_resnet,RF,ScoreVector,mlknn,auprc_micro,0.2,0.1444±0.0042
chestxray_resnet,RF,ScoreVector,PartialOrder__Hamming__2,auprc_micro,0.3,0.2299±0.0064
chestxray_resnet,RF,ScoreVector,PartialOrder__Hamming__None,auprc_micro,0.3,0.2299±0.0064
chestxray_resnet,RF,ScoreVector,PartialOrder__Subset__2,auprc_micro,0.3,0.2299±0.0064
chestxray_resnet,RF,ScoreVector,PartialOrder__Subset__None,auprc_micro,0.3,0.2299±0.0064
chestxray_resnet,RF,ScoreVector,PreOrder__Hamming__2,auprc_micro,0.3,0.2299±0.0064
chestxray_resnet,RF,ScoreVector,PreOrder__Hamming__None,auprc_micro,0.3,0.2299±0.0064
chestxray_resnet,RF,ScoreVector,PreOrder__Subset__2,auprc_micro,0.3,0.2299±0.0064
chestxray_resnet,RF,ScoreVector,PreOrder__Subset__None,auprc_micro,0.3,0.2299±0.0064
chestxray_resnet,RF,ScoreVector,br,auprc_micro,0.3,0.2283±0.0071
chestxray_resnet,RF,ScoreVector,cc,auprc_micro,0.3,0.2313±0.0074
chestxray_resnet,RF,ScoreVector,clr,auprc_micro,0.3,0.3022±0.0069
chestxray_resnet,RF,ScoreVector,ecc,auprc_micro,0.3,0.2750±0.0102
chestxray_resnet,RF,ScoreVector,mlknn,auprc_micro,0.3,0.1389±0.0049
chestxray_resnet,RF,ScoreVector,PartialOrder__Hamming__2,coverage,0.0,0.6251±0.0046
chestxray_resnet,RF,ScoreVector,PartialOrder__Hamming__None,coverage,0.0,0.6251±0.0046
chestxray_resnet,RF,ScoreVector,PartialOrder__Subset__2,coverage,0.0,0.6251±0.0046
chestxray_resnet,RF,ScoreVector,PartialOrder__Subset__None,coverage,0.0,0.6251±0.0046
chestxray_resnet,RF,ScoreVector,PreOrder__Hamming__2,coverage,0.0,0.6251±0.0046
chestxray_resnet,RF,ScoreVector,PreOrder__Hamming__None,coverage,0.0,0.6251±0.0046
chestxray_resnet,RF,ScoreVector,PreOrder__Subset__2,coverage,0.0,0.6251±0.0046
chestxray_resnet,RF,ScoreVector,PreOrder__Subset__None,coverage,0.0,0.6251±0.0046
chestxray_resnet,RF,ScoreVector,br,coverage,0.0,0.6251±0.0046
chestxray_resnet,RF,ScoreVector,cc,coverage,0.0,0.6219±0.0117
chestxray_resnet,RF,ScoreVector,clr,coverage,0.0,0.5602±0.0122
chestxray_resnet,RF,ScoreVector,ecc,coverage,0.0,0.5492±0.0097
chestxray_resnet,RF,ScoreVector,mlknn,coverage,0.0,0.8715±0.0166
chestxray_resnet,RF,ScoreVector,PartialOrder__Hamming__2,coverage,0.1,0.7098±0.0182
chestxray_resnet,RF,ScoreVector,PartialOrder__Hamming__None,coverage,0.1,0.7098±0.0182
chestxray_resnet,RF,ScoreVector,PartialOrder__Subset__2,coverage,0.1,0.7098±0.0182
chestxray_resnet,RF,ScoreVector,PartialOrder__Subset__None,coverage,0.1,0.7098±0.0182
chestxray_resnet,RF,ScoreVector,PreOrder__Hamming__2,coverage,0.1,0.7098±0.0182
chestxray_resnet,RF,ScoreVector,PreOrder__Hamming__None,coverage,0.1,0.7098±0.0182
chestxray_resnet,RF,ScoreVector,PreOrder__Subset__2,coverage,0.1,0.7098±0.0182
chestxray_resnet,RF,ScoreVector,PreOrder__Subset__None,coverage,0.1,0.7098±0.0182
chestxray_resnet,RF,ScoreVector,br,coverage,0.1,0.7112±0.0120
chestxray_resnet,RF,ScoreVector,cc,coverage,0.1,0.7125±0.0138
chestxray_resnet,RF,ScoreVector,clr,coverage,0.1,0.5843±0.0128
chestxray_resnet,RF,ScoreVector,ecc,coverage,0.1,0.5840±0.0147
chestxray_resnet,RF,ScoreVector,mlknn,coverage,0.1,1.5076±0.0381
chestxray_resnet,RF,ScoreVector,PartialOrder__Hamming__2,coverage,0.2,0.8638±0.0179
chestxray_resnet,RF,ScoreVector,PartialOrder__Hamming__None,coverage,0.2,0.8638±0.0179
chestxray_resnet,RF,ScoreVector,PartialOrder__Subset__2,coverage,0.2,0.8638±0.0179
chestxray_resnet,RF,ScoreVector,PartialOrder__Subset__None,coverage,0.2,0.8638±0.0179
chestxray_resnet,RF,ScoreVector,PreOrder__Hamming__2,coverage,0.2,0.8638±0.0179
chestxray_resnet,RF,ScoreVector,PreOrder__Hamming__None,coverage,0.2,0.8638±0.0179
chestxray_resnet,RF,ScoreVector,PreOrder__Subset__2,coverage,0.2,0.8638±0.0179
chestxray_resnet,RF,ScoreVector,PreOrder__Subset__None,coverage,0.2,0.8638±0.0179
chestxray_resnet,RF,ScoreVector,br,coverage,0.2,0.8603±0.0220
chestxray_resnet,RF,ScoreVector,cc,coverage,0.2,0.8596±0.0192
chestxray_resnet,RF,ScoreVector,clr,coverage,0.2,0.6504±0.0139
chestxray_resnet,RF,ScoreVector,ecc,coverage,0.2,0.6568±0.0136
chestxray_resnet,RF,ScoreVector,mlknn,coverage,0.2,1.6692±0.0376
chestxray_resnet,RF,ScoreVector,PartialOrder__Hamming__2,coverage,0.3,1.0826±0.0241
chestxray_resnet,RF,ScoreVector,PartialOrder__Hamming__None,coverage,0.3,1.0826±0.0241
chestxray_resnet,RF,ScoreVector,PartialOrder__Subset__2,coverage,0.3,1.0826±0.0241
chestxray_resnet,RF,ScoreVector,PartialOrder__Subset__None,coverage,0.3,1.0826±0.0241
chestxray_resnet,RF,ScoreVector,PreOrder__Hamming__2,coverage,0.3,1.0826±0.0241
chestxray_resnet,RF,ScoreVector,PreOrder__Hamming__None,coverage,0.3,1.0826±0.0241
chestxray_resnet,RF,ScoreVector,PreOrder__Subset__2,coverage,0.3,1.0826±0.0241
chestxray_resnet,RF,ScoreVector,PreOrder__Subset__None,coverage,0.3,1.0826±0.0241
chestxray_resnet,RF,ScoreVector,br,coverage,0.3,1.0808±0.0278
chestxray_resnet,RF,ScoreVector,cc,coverage,0.3,1.0809±0.0298
chestxray_resnet,RF,ScoreVector,clr,coverage,0.3,0.7836±0.0204
chestxray_resnet,RF,ScoreVector,ecc,coverage,0.3,0.7995±0.0239
chestxray_resnet,RF,ScoreVector,mlknn,coverage,0.3,1.7133±0.0328
chestxray_resnet,RF,ScoreVector,PartialOrder__Hamming__2,lr_ap,0.0,0.8384±0.0012
chestxray_resnet,RF,ScoreVector,PartialOrder__Hamming__None,lr_ap,0.0,0.8384±0.0012
chestxray_resnet,RF,ScoreVector,PartialOrder__Subset__2,lr_ap,0.0,0.8384±0.0012
chestxray_resnet,RF,ScoreVector,PartialOrder__Subset__None,lr_ap,0.0,0.8384±0.0012
chestxray_resnet,RF,ScoreVector,PreOrder__Hamming__2,lr_ap,0.0,0.8384±0.0012
chestxray_resnet,RF,ScoreVector,PreOrder__Hamming__None,lr_ap,0.0,0.8384±0.0012
chestxray_resnet,RF,ScoreVector,PreOrder__Subset__2,lr_ap,0.0,0.8384±0.0012
chestxray_resnet,RF,ScoreVector,PreOrder__Subset__None,lr_ap,0.0,0.8384±0.0012
chestxray_resnet,RF,ScoreVector,br,lr_ap,0.0,0.8384±0.0012
chestxray_resnet,RF,ScoreVector,cc,lr_ap,0.0,0.8389±0.0017
chestxray_resnet,RF,ScoreVector,clr,lr_ap,0.0,0.8443±0.0022
chestxray_resnet,RF,ScoreVector,ecc,lr_ap,0.0,0.8476±0.0023
chestxray_resnet,RF,ScoreVector,mlknn,lr_ap,0.0,0.7824±0.0047
chestxray_resnet,RF,ScoreVector,PartialOrder__Hamming__2,lr_ap,0.1,0.8277±0.0022
chestxray_resnet,RF,ScoreVector,PartialOrder__Hamming__None,lr_ap,0.1,0.8277±0.0022
chestxray_resnet,RF,ScoreVector,PartialOrder__Subset__2,lr_ap,0.1,0.8277±0.0022
chestxray_resnet,RF,ScoreVector,PartialOrder__Subset__None,lr_ap,0.1,0.8277±0.0022
chestxray_resnet,RF,ScoreVector,PreOrder__Hamming__2,lr_ap,0.1,0.8277±0.0022
chestxray_resnet,RF,ScoreVector,PreOrder__Hamming__None,lr_ap,0.1,0.8277±0.0022
chestxray_resnet,RF,ScoreVector,PreOrder__Subset__2,lr_ap,0.1,0.8277±0.0022
chestxray_resnet,RF,ScoreVector,PreOrder__Subset__None,lr_ap,0.1,0.8277±0.0022
chestxray_resnet,RF,ScoreVector,br,lr_ap,0.1,0.8271±0.0022
chestxray_resnet,RF,ScoreVector,cc,lr_ap,0.1,0.8273±0.0026
chestxray_resnet,RF,ScoreVector,clr,lr_ap,0.1,0.8427±0.0017
chestxray_resnet,RF,ScoreVector,ecc,lr_ap,0.1,0.8435±0.0015
chestxray_resnet,RF,ScoreVector,mlknn,lr_ap,0.1,0.7207±0.0046
chestxray_resnet,RF,ScoreVector,PartialOrder__Hamming__2,lr_ap,0.2,0.8068±0.0023
chestxray_resnet,RF,ScoreVector,PartialOrder__Hamming__None,lr_ap,0.2,0.8068±0.0023
chestxray_resnet,RF,ScoreVector,PartialOrder__Subset__2,lr_ap,0.2,0.8068±0.0023
chestxray_resnet,RF,ScoreVector,PartialOrder__Subset__None,lr_ap,0.2,0.8068±0.0023
chestxray_resnet,RF,ScoreVector,PreOrder__Hamming__2,lr_ap,0.2,0.8068±0.0023
chestxray_resnet,RF,ScoreVector,PreOrder__Hamming__None,lr_ap,0.2,0.8068±0.0023
chestxray_resnet,RF,ScoreVector,PreOrder__Subset__2,lr_ap,0.2,0.8068±0.0023
chestxray_resnet,RF,ScoreVector,PreOrder__Subset__None,lr_ap,0.2,0.8068±0.0023
chestxray_resnet,RF,ScoreVector,br,lr_ap,0.2,0.8074±0.0028
chestxray_resnet,RF,ScoreVector,cc,lr_ap,0.2,0.8071±0.0022
chestxray_resnet,RF,ScoreVector,clr,lr_ap,0.2,0.8356±0.0021
chestxray_resnet,RF,ScoreVector,ecc,lr_ap,0.2,0.8347±0.0025
chestxray_resnet,RF,ScoreVector,mlknn,lr_ap,0.2,0.7045±0.0050
chestxray_resnet,RF,ScoreVector,PartialOrder__Hamming__2,lr_ap,0.3,0.7734±0.0027
chestxray_resnet,RF,ScoreVector,PartialOrder__Hamming__None,lr_ap,0.3,0.7734±0.0027
chestxray_resnet,RF,ScoreVector,PartialOrder__Subset__2,lr_ap,0.3,0.7734±0.0027
chestxray_resnet,RF,ScoreVector,PartialOrder__Subset__None,lr_ap,0.3,0.7734±0.0027
chestxray_resnet,RF,ScoreVector,PreOrder__Hamming__2,lr_ap,0.3,0.7734±0.0027
chestxray_resnet,RF,ScoreVector,PreOrder__Hamming__None,lr_ap,0.3,0.7734±0.0027
chestxray_resnet,RF,ScoreVector,PreOrder__Subset__2,lr_ap,0.3,0.7734±0.0027
chestxray_resnet,RF,ScoreVector,PreOrder__Subset__None,lr_ap,0.3,0.7734±0.0027
chestxray_resnet,RF,ScoreVector,br,lr_ap,0.3,0.7738±0.0036
chestxray_resnet,RF,ScoreVector,cc,lr_ap,0.3,0.7740±0.0041
chestxray_resnet,RF,ScoreVector,clr,lr_ap,0.3,0.8171±0.0028
chestxray_resnet,RF,ScoreVector,ecc,lr_ap,0.3,0.8142±0.0037
chestxray_resnet,RF,ScoreVector,mlknn,lr_ap,0.3,0.6986±0.0049
chestxray_resnet,RF,ScoreVector,PartialOrder__Hamming__2,one_error,0.0,0.6745±0.0060
chestxray_resnet,RF,ScoreVector,PartialOrder__Hamming__None,one_error,0.0,0.6745±0.0060
chestxray_resnet,RF,ScoreVector,PartialOrder__Subset__2,one_error,0.0,0.6745±0.0060
chestxray_resnet,RF,ScoreVector,PartialOrder__Subset__None,one_error,0.0,0.6745±0.0060
chestxray_resnet,RF,ScoreVector,PreOrder__Hamming__2,one_error,0.0,0.6745±0.0060
chestxray_resnet,RF,ScoreVector,PreOrder__Hamming__None,one_error,0.0,0.6745±0.0060
chestxray_resnet,RF,ScoreVector,PreOrder__Subset__2,one_error,0.0,0.6745±0.0060
chestxray_resnet,RF,ScoreVector,PreOrder__Subset__None,one_error,0.0,0.6745±0.0060
chestxray_resnet,RF,ScoreVector,br,one_error,0.0,0.6745±0.0060
chestxray_resnet,RF,ScoreVector,cc,one_error,0.0,0.6754±0.0059
chestxray_resnet,RF,ScoreVector,clr,one_error,0.0,0.6733±0.0050
chestxray_resnet,RF,ScoreVector,ecc,one_error,0.0,0.6689±0.0057
chestxray_resnet,RF,ScoreVector,mlknn,one_error,0.0,0.7612±0.0091
chestxray_resnet,RF,ScoreVector,PartialOrder__Hamming__2,one_error,0.1,0.6855±0.0048
chestxray_resnet,RF,ScoreVector,PartialOrder__Hamming__None,one_error,0.1,0.6855±0.0048
chestxray_resnet,RF,ScoreVector,PartialOrder__Subset__2,one_error,0.1,0.6855±0.0048
chestxray_resnet,RF,ScoreVector,PartialOrder__Subset__None,one_error,0.1,0.6855±0.0048
chestxray_resnet,RF,ScoreVector,PreOrder__Hamming__2,one_error,0.1,0.6855±0.0048
chestxray_resnet,RF,ScoreVector,PreOrder__Hamming__None,one_error,0.1,0.6855±0.0048
chestxray_resnet,RF,ScoreVector,PreOrder__Subset__2,one_error,0.1,0.6855±0.0048
chestxray_resnet,RF,ScoreVector,PreOrder__Subset__None,one_error,0.1,0.6855±0.0048
chestxray_resnet,RF,ScoreVector,br,one_error,0.1,0.6866±0.0046
chestxray_resnet,RF,ScoreVector,cc,one_error,0.1,0.6854±0.0050
chestxray_resnet,RF,ScoreVector,clr,one_error,0.1,0.6744±0.0035
chestxray_resnet,RF,ScoreVector,ecc,one_error,0.1,0.6733±0.0033
chestxray_resnet,RF,ScoreVector,mlknn,one_error,0.1,0.8104±0.0084
chestxray_resnet,RF,ScoreVector,PartialOrder__Hamming__2,one_error,0.2,0.7082±0.0048
chestxray_resnet,RF,ScoreVector,PartialOrder__Hamming__None,one_error,0.2,0.7082±0.0048
chestxray_resnet,RF,ScoreVector,PartialOrder__Subset__2,one_error,0.2,0.7082±0.0048
chestxray_resnet,RF,ScoreVector,PartialOrder__Subset__None,one_error,0.2,0.7082±0.0048
chestxray_resnet,RF,ScoreVector,PreOrder__Hamming__2,one_error,0.2,0.7082±0.0048
chestxray_resnet,RF,ScoreVector,PreOrder__Hamming__None,one_error,0.2,0.7082±0.0048
chestxray_resnet,RF,ScoreVector,PreOrder__Subset__2,one_error,0.2,0.7082±0.0048
chestxray_resnet,RF,ScoreVector,PreOrder__Subset__None,one_error,0.2,0.7082±0.0048
chestxray_resnet,RF,ScoreVector,br,one_error,0.2,0.7070±0.0055
chestxray_resnet,RF,ScoreVector,cc,one_error,0.2,0.7079±0.0054
chestxray_resnet,RF,ScoreVector,clr,one_error,0.2,0.6816±0.0044
chestxray_resnet,RF,ScoreVector,ecc,one_error,0.2,0.6826±0.0043
chestxray_resnet,RF,ScoreVector,mlknn,one_error,0.2,0.8302±0.0061
chestxray_resnet,RF,ScoreVector,PartialOrder__Hamming__2,one_error,0.3,0.7486±0.0056
chestxray_resnet,RF,ScoreVector,PartialOrder__Hamming__None,one_error,0.3,0.7486±0.0056
chestxray_resnet,RF,ScoreVector,PartialOrder__Subset__2,one_error,0.3,0.7486±0.0056
chestxray_resnet,RF,ScoreVector,PartialOrder__Subset__None,one_error,0.3,0.7486±0.0056
chestxray_resnet,RF,ScoreVector,PreOrder__Hamming__2,one_error,0.3,0.7486±0.0056
chestxray_resnet,RF,ScoreVector,PreOrder__Hamming__None,one_error,0.3,0.7486±0.0056
chestxray_resnet,RF,ScoreVector,PreOrder__Subset__2,one_error,0.3,0.7486±0.0056
chestxray_resnet,RF,ScoreVector,PreOrder__Subset__None,one_error,0.3,0.7486±0.0056
chestxray_resnet,RF,ScoreVector,br,one_error,0.3,0.7481±0.0063
chestxray_resnet,RF,ScoreVector,cc,one_error,0.3,0.7474±0.0065
chestxray_resnet,RF,ScoreVector,clr,one_error,0.3,0.7027±0.0046
chestxray_resnet,RF,ScoreVector,ecc,one_error,0.3,0.7068±0.0055
chestxray_resnet,RF,ScoreVector,mlknn,one_error,0.3,0.8357±0.0079
chestxray_resnet,RF,ScoreVector,PartialOrder__Hamming__2,ranking_loss,0.0,0.0972±0.0006
chestxray_resnet,RF,ScoreVector,PartialOrder__Hamming__None,ranking_loss,0.0,0.0972±0.0006
chestxray_resnet,RF,ScoreVector,PartialOrder__Subset__2,ranking_loss,0.0,0.0972±0.0006
chestxray_resnet,RF,ScoreVector,PartialOrder__Subset__None,ranking_loss,0.0,0.0972±0.0006
chestxray_resnet,RF,ScoreVector,PreOrder__Hamming__2,ranking_loss,0.0,0.0972±0.0006
chestxray_resnet,RF,ScoreVector,PreOrder__Hamming__None,ranking_loss,0.0,0.0972±0.0006
chestxray_resnet,RF,ScoreVector,PreOrder__Subset__2,ranking_loss,0.0,0.0972±0.0006
chestxray_resnet,RF,ScoreVector,PreOrder__Subset__None,ranking_loss,0.0,0.0972±0.0006
chestxray_resnet,RF,ScoreVector,br,ranking_loss,0.0,0.0972±0.0006
chestxray_resnet,RF,ScoreVector,cc,ranking_loss,0.0,0.0969±0.0013
chestxray_resnet,RF,ScoreVector,clr,ranking_loss,0.0,0.0896±0.0015
chestxray_resnet,RF,ScoreVector,ecc,ranking_loss,0.0,0.0879±0.0017
chestxray_resnet,RF,ScoreVector,mlknn,ranking_loss,0.0,0.1337±0.0027
chestxray_resnet,RF,ScoreVector,PartialOrder__Hamming__2,ranking_loss,0.1,0.1081±0.0019
chestxray_resnet,RF,ScoreVector,PartialOrder__Hamming__None,ranking_loss,0.1,0.1081±0.0019
chestxray_resnet,RF,ScoreVector,PartialOrder__Subset__2,ranking_loss,0.1,0.1081±0.0019
chestxray_resnet,RF,ScoreVector,PartialOrder__Subset__None,ranking_loss,0.1,0.1081±0.0019
chestxray_resnet,RF,ScoreVector,PreOrder__Hamming__2,ranking_loss,0.1,0.1081±0.0019
chestxray_resnet,RF,ScoreVector,PreOrder__Hamming__None,ranking_loss,0.1,0.1081±0.0019
chestxray_resnet,RF,ScoreVector,PreOrder__Subset__2,ranking_loss,0.1,0.1081±0.0019
chestxray_resnet,RF,ScoreVector,PreOrder__Subset__None,ranking_loss,0.1,0.1081±0.0019
chestxray_resnet,RF,ScoreVector,br,ranking_loss,0.1,0.1084±0.0015
chestxray_resnet,RF,ScoreVector,cc,ranking_loss,0.1,0.1085±0.0017
chestxray_resnet,RF,ScoreVector,clr,ranking_loss,0.1,0.0923±0.0014
chestxray_resnet,RF,ScoreVector,ecc,ranking_loss,0.1,0.0923±0.0013
chestxray_resnet,RF,ScoreVector,mlknn,ranking_loss,0.1,0.2201±0.0047
chestxray_resnet,RF,ScoreVector,PartialOrder__Hamming__2,ranking_loss,0.2,0.1285±0.0022
chestxray_resnet,RF,ScoreVector,PartialOrder__Hamming__None,ranking_loss,0.2,0.1285±0.0022
chestxray_resnet,RF,ScoreVector,PartialOrder__Subset__2,ranking_loss,0.2,0.1285±0.0022
chestxray_resnet,RF,ScoreVector,PartialOrder__Subset__None,ranking_loss,0.2,0.1285±0.0022
chestxray_resnet,RF,ScoreVector,PreOrder__Hamming__2,ranking_loss,0.2,0.1285±0.0022
chestxray_resnet,RF,ScoreVector,PreOrder__Hamming__None,ranking_loss,0.2,0.1285±0.0022
chestxray_resnet,RF,ScoreVector,PreOrder__Subset__2,ranking_loss,0.2,0.1285±0.0022
chestxray_resnet,RF,ScoreVector,PreOrder__Subset__None,ranking_loss,0.2,0.1285±0.0022
chestxray_resnet,RF,ScoreVector,br,ranking_loss,0.2,0.1279±0.0024
chestxray_resnet,RF,ScoreVector,cc,ranking_loss,0.2,0.1279±0.0019
chestxray_resnet,RF,ScoreVector,clr,ranking_loss,0.2,0.1004±0.0018
chestxray_resnet,RF,ScoreVector,ecc,ranking_loss,0.2,0.1013±0.0019
chestxray_resnet,RF,ScoreVector,mlknn,ranking_loss,0.2,0.2427±0.0044
chestxray_resnet,RF,ScoreVector,PartialOrder__Hamming__2,ranking_loss,0.3,0.1591±0.0022
chestxray_resnet,RF,ScoreVector,PartialOrder__Hamming__None,ranking_loss,0.3,0.1591±0.0022
chestxray_resnet,RF,ScoreVector,PartialOrder__Subset__2,ranking_loss,0.3,0.1591±0.0022
chestxray_resnet,RF,ScoreVector,PartialOrder__Subset__None,ranking_loss,0.3,0.1591±0.0022
chestxray_resnet,RF,ScoreVector,PreOrder__Hamming__2,ranking_loss,0.3,0.1591±0.0022
chestxray_resnet,RF,ScoreVector,PreOrder__Hamming__None,ranking_loss,0.3,0.1591±0.0022
chestxray_resnet,RF,ScoreVector,PreOrder__Subset__2,ranking_loss,0.3,0.1591±0.0022
chestxray_resnet,RF,ScoreVector,PreOrder__Subset__None,ranking_loss,0.3,0.1591±0.0022
chestxray_resnet,RF,ScoreVector,br,ranking_loss,0.3,0.1587±0.0031
chestxray_resnet,RF,ScoreVector,cc,ranking_loss,0.3,0.1586±0.0036
chestxray_resnet,RF,ScoreVector,clr,ranking_loss,0.3,0.1178±0.0021
chestxray_resnet,RF,ScoreVector,ecc,ranking_loss,0.3,0.1201±0.0027
chestxray_resnet,RF,ScoreVector,mlknn,ranking_loss,0.3,0.2497±0.0046
medical,LGBM,BinaryVector,PartialOrder__Hamming__2,afrd,0.0,0.2158±0.0122
medical,LGBM,BinaryVector,PartialOrder__Hamming__None,afrd,0.0,0.2151±0.0141
medical,LGBM,BinaryVector,PartialOrder__Subset__2,afrd,0.0,0.2189±0.0132
medical,LGBM,BinaryVector,PartialOrder__Subset__None,afrd,0.0,0.2155±0.0141
medical,LGBM,BinaryVector,PreOrder__Hamming__2,afrd,0.0,0.2175±0.0116
medical,LGBM,BinaryVector,PreOrder__Hamming__None,afrd,0.0,0.2168±0.0124
medical,LGBM,BinaryVector,PreOrder__Subset__2,afrd,0.0,0.2238±0.0081
medical,LGBM,BinaryVector,PreOrder__Subset__None,afrd,0.0,0.2170±0.0124
medical,LGBM,BinaryVector,br,afrd,0.0,0.2661±0.0142
medical,LGBM,BinaryVector,cc,afrd,0.0,0.2790±0.0277
medical,LGBM,BinaryVector,clr,afrd,0.0,0.5109±0.0722
medical,LGBM,BinaryVector,ecc,afrd,0.0,0.2563±0.0355
medical,LGBM,BinaryVector,PartialOrder__Hamming__2,afrd,0.1,0.2444±0.0206
medical,LGBM,BinaryVector,PartialOrder__Hamming__None,afrd,0.1,0.2516±0.0136
medical,LGBM,BinaryVector,PartialOrder__Subset__2,afrd,0.1,0.2462±0.0246
medical,LGBM,BinaryVector,PartialOrder__Subset__None,afrd,0.1,0.2527±0.0148
medical,LGBM,BinaryVector,PreOrder__Hamming__2,afrd,0.1,0.2438±0.0233
medical,LGBM,BinaryVector,PreOrder__Hamming__None,afrd,0.1,0.2496±0.0159
medical,LGBM,BinaryVector,PreOrder__Subset__2,afrd,0.1,0.2412±0.0255
medical,LGBM,BinaryVector,PreOrder__Subset__None,afrd,0.1,0.2516±0.0151
medical,LGBM,BinaryVector,br,afrd,0.1,0.2499±0.0308
medical,LGBM,BinaryVector,cc,afrd,0.1,0.2877±0.0334
medical,LGBM,BinaryVector,clr,afrd,0.1,0.2702±0.0248
medical,LGBM,BinaryVector,ecc,afrd,0.1,0.2933±0.0491
medical,LGBM,BinaryVector,PartialOrder__Hamming__2,afrd,0.2,0.2834±0.0087
medical,LGBM,BinaryVector,PartialOrder__Hamming__None,afrd,0.2,0.3132±0.0112
medical,LGBM,BinaryVector,PartialOrder__Subset__2,afrd,0.2,0.2869±0.0126
medical,LGBM,BinaryVector,PartialOrder__Subset__None,afrd,0.2,0.3146±0.0103
medical,LGBM,BinaryVector,PreOrder__Hamming__2,afrd,0.2,0.2668±0.0159
medical,LGBM,BinaryVector,PreOrder__Hamming__None,afrd,0.2,0.2865±0.0213
medical,LGBM,BinaryVector,PreOrder__Subset__2,afrd,0.2,0.2816±0.0233
medical,LGBM,BinaryVector,PreOrder__Subset__None,afrd,0.2,0.2906±0.0224
medical,LGBM,BinaryVector,br,afrd,0.2,0.3041±0.0130
medical,LGBM,BinaryVector,cc,afrd,0.2,0.2904±0.0192
medical,LGBM,BinaryVector,clr,afrd,0.2,0.2887±0.0166
medical,LGBM,BinaryVector,ecc,afrd,0.2,0.2923±0.0320
medical,LGBM,BinaryVector,PartialOrder__Hamming__2,afrd,0.3,0.3127±0.0200
medical,LGBM,BinaryVector,PartialOrder__Hamming__None,afrd,0.3,0.3561±0.0128
medical,LGBM,BinaryVector,PartialOrder__Subset__2,afrd,0.3,0.3070±0.0186
medical,LGBM,BinaryVector,PartialOrder__Subset__None,afrd,0.3,0.3565±0.0090
medical,LGBM,BinaryVector,PreOrder__Hamming__2,afrd,0.3,0.2967±0.0190
medical,LGBM,BinaryVector,PreOrder__Hamming__None,afrd,0.3,0.3649±0.0198
medical,LGBM,BinaryVector,PreOrder__Subset__2,afrd,0.3,0.2945±0.0192
medical,LGBM,BinaryVector,PreOrder__Subset__None,afrd,0.3,0.3522±0.0177
medical,LGBM,BinaryVector,br,afrd,0.3,0.3277±0.0066
medical,LGBM,BinaryVector,cc,afrd,0.3,0.2984±0.0142
medical,LGBM,BinaryVector,clr,afrd,0.3,0.3164±0.0318
medical,LGBM,BinaryVector,ecc,afrd,0.3,0.3068±0.0293
medical,LGBM,BinaryVector,PartialOrder__Hamming__2,example_precision,0.0,0.5254±0.1210
medical,LGBM,BinaryVector,PartialOrder__Hamming__None,example_precision,0.0,0.4949±0.1322
medical,LGBM,BinaryVector,PartialOrder__Subset__2,example_precision,0.0,0.5145±0.1414
medical,LGBM,BinaryVector,PartialOrder__Subset__None,example_precision,0.0,0.4951±0.1319
medical,LGBM,BinaryVector,PreOrder__Hamming__2,example_precision,0.0,0.5324±0.1248
medical,LGBM,BinaryVector,PreOrder__Hamming__None,example_precision,0.0,0.5004±0.1331
medical,LGBM,BinaryVector,PreOrder__Subset__2,example_precision,0.0,0.5196±0.1439
medical,LGBM,BinaryVector,PreOrder__Subset__None,example_precision,0.0,0.5004±0.1331
medical,LGBM,BinaryVector,br,example_precision,0.0,0.4694±0.1149
medical,LGBM,BinaryVector,cc,example_precision,0.0,0.4556±0.1051
medical,LGBM,BinaryVector,clr,example_precision,0.0,0.3697±0.1618
medical,LGBM,BinaryVector,ecc,example_precision,0.0,0.8025±0.0305
medical,LGBM,BinaryVector,PartialOrder__Hamming__2,example_precision,0.1,0.3169±0.0171
medical,LGBM,BinaryVector,PartialOrder__Hamming__None,example_precision,0.1,0.2430±0.0230
medical,LGBM,BinaryVector,PartialOrder__Subset__2,example_precision,0.1,0.3205±0.0184
medical,LGBM,BinaryVector,PartialOrder__Subset__None,example_precision,0.1,0.2423±0.0228
medical,LGBM,BinaryVector,PreOrder__Hamming__2,example_precision,0.1,0.3754±0.0059
medical,LGBM,BinaryVector,PreOrder__Hamming__None,example_precision,0.1,0.2869±0.0170
medical,LGBM,BinaryVector,PreOrder__Subset__2,example_precision,0.1,0.4160±0.0081
medical,LGBM,BinaryVector,PreOrder__Subset__None,example_precision,0.1,0.2874±0.0169
medical,LGBM,BinaryVector,br,example_precision,0.1,0.1732±0.0116
medical,LGBM,BinaryVector,cc,example_precision,0.1,0.2024±0.0121
medical,LGBM,BinaryVector,clr,example_precision,0.1,0.2808±0.0186
medical,LGBM,BinaryVector,ecc,example_precision,0.1,0.4543±0.0229
medical,LGBM,BinaryVector,PartialOrder__Hamming__2,example_precision,0.2,0.1369±0.0101
medical,LGBM,BinaryVector,PartialOrder__Hamming__None,example_precision,0.2,0.1053±0.0063
medical,LGBM,BinaryVector,PartialOrder__Subset__2,example_precision,0.2,0.1358±0.0085
medical,LGBM,BinaryVector,PartialOrder__Subset__None,example_precision,0.2,0.1046±0.0057
medical,LGBM,BinaryVector,PreOrder__Hamming__2,example_precision,0.2,0.1989±0.0212
medical,LGBM,BinaryVector,PreOrder__Hamming__None,example_precision,0.2,0.1326±0.0109
medical,LGBM,BinaryVector,PreOrder__Subset__2,example_precision,0.2,0.2152±0.0230
medical,LGBM,BinaryVector,PreOrder__Subset__None,example_precision,0.2,0.1324±0.0112
medical,LGBM,BinaryVector,br,example_precision,0.2,0.0895±0.0050
medical,LGBM,BinaryVector,cc,example_precision,0.2,0.1049±0.0072
medical,LGBM,BinaryVector,clr,example_precision,0.2,0.1364±0.0058
medical,LGBM,BinaryVector,ecc,example_precision,0.2,0.1715±0.0106
medical,LGBM,BinaryVector,PartialOrder__Hamming__2,example_precision,0.3,0.0722±0.0035
medical,LGBM,BinaryVector,PartialOrder__Hamming__None,example_precision,0.3,0.0619±0.0017
medical,LGBM,BinaryVector,PartialOrder__Subset__2,example_precision,0.3,0.0723±0.0036
medical,LGBM,BinaryVector,PartialOrder__Subset__None,example_precision,0.3,0.0614±0.0017
medical,LGBM,BinaryVector,PreOrder__Hamming__2,example_precision,0.3,0.0991±0.0089
medical,LGBM,BinaryVector,PreOrder__Hamming__None,example_precision,0.3,0.0665±0.0047
medical,LGBM,BinaryVector,PreOrder__Subset__2,example_precision,0.3,0.1053±0.0097
medical,LGBM,BinaryVector,PreOrder__Subset__None,example_precision,0.3,0.0662±0.0046
medical,LGBM,BinaryVector,br,example_precision,0.3,0.0610±0.0017
medical,LGBM,BinaryVector,cc,example_precision,0.3,0.0645±0.0028
medical,LGBM,BinaryVector,clr,example_precision,0.3,0.0812±0.0019
medical,LGBM,BinaryVector,ecc,example_precision,0.3,0.0822±0.0033
medical,LGBM,BinaryVector,PartialOrder__Hamming__2,example_recall,0.0,0.9048±0.0173
medical,LGBM,BinaryVector,PartialOrder__Hamming__None,example_recall,0.0,0.9133±0.0142
medical,LGBM,BinaryVector,PartialOrder__Subset__2,example_recall,0.0,0.9002±0.0200
medical,LGBM,BinaryVector,PartialOrder__Subset__None,example_recall,0.0,0.9140±0.0146
medical,LGBM,BinaryVector,PreOrder__Hamming__2,example_recall,0.0,0.9015±0.0178
medical,LGBM,BinaryVector,PreOrder__Hamming__None,example_recall,0.0,0.9104±0.0152
medical,LGBM,BinaryVector,PreOrder__Subset__2,example_recall,0.0,0.8949±0.0206
medical,LGBM,BinaryVector,PreOrder__Subset__None,example_recall,0.0,0.9104±0.0152
medical,LGBM,BinaryVector,br,example_recall,0.0,0.8478±0.0085
medical,LGBM,BinaryVector,cc,example_recall,0.0,0.8327±0.0176
medical,LGBM,BinaryVector,clr,example_recall,0.0,0.3825±0.1815
medical,LGBM,BinaryVector,ecc,example_recall,0.0,0.8495±0.0306
medical,LGBM,BinaryVector,PartialOrder__Hamming__2,example_recall,0.1,0.9165±0.0144
medical,LGBM,BinaryVector,PartialOrder__Hamming__None,example_recall,0.1,0.9261±0.0116
medical,LGBM,BinaryVector,PartialOrder__Subset__2,example_recall,0.1,0.9140±0.0160
medical,LGBM,BinaryVector,PartialOrder__Subset__None,example_recall,0.1,0.9250±0.0126
medical,LGBM,BinaryVector,PreOrder__Hamming__2,example_recall,0.1,0.9044±0.0140
medical,LGBM,BinaryVector,PreOrder__Hamming__None,example_recall,0.1,0.9163±0.0140
medical,LGBM,BinaryVector,PreOrder__Subset__2,example_recall,0.1,0.8985±0.0131
medical,LGBM,BinaryVector,PreOrder__Subset__None,example_recall,0.1,0.9143±0.0114
medical,LGBM,BinaryVector,br,example_recall,0.1,0.8642±0.0217
medical,LGBM,BinaryVector,cc,example_recall,0.1,0.8378±0.0143
medical,LGBM,BinaryVector,clr,example_recall,0.1,0.8683±0.0145
medical,LGBM,BinaryVector,ecc,example_recall,0.1,0.8388±0.0197
medical,LGBM,BinaryVector,PartialOrder__Hamming__2,example_recall,0.2,0.8879±0.0112
medical,LGBM,BinaryVector,PartialOrder__Hamming__None,example_recall,0.2,0.9092±0.0158
medical,LGBM,BinaryVector,PartialOrder__Subset__2,example_recall,0.2,0.8826±0.0100
medical,LGBM,BinaryVector,PartialOrder__Subset__None,example_recall,0.2,0.9046±0.0173
medical,LGBM,BinaryVector,PreOrder__Hamming__2,example_recall,0.2,0.8659±0.0183
medical,LGBM,BinaryVector,PreOrder__Hamming__None,example_recall,0.2,0.8996±0.0238
medical,LGBM,BinaryVector,PreOrder__Subset__2,example_recall,0.2,0.8528±0.0188
medical,LGBM,BinaryVector,PreOrder__Subset__None,example_recall,0.2,0.8996±0.0217
medical,LGBM,BinaryVector,br,example_recall,0.2,0.8151±0.0281
medical,LGBM,BinaryVector,cc,example_recall,0.2,0.8009±0.0293
medical,LGBM,BinaryVector,clr,example_recall,0.2,0.8676±0.0166
medical,LGBM,BinaryVector,ecc,example_recall,0.2,0.8333±0.0255
medical,LGBM,BinaryVector,PartialOrder__Hamming__2,example_recall,0.3,0.8109±0.0384
medical,LGBM,BinaryVector,PartialOrder__Hamming__None,example_recall,0.3,0.8665±0.0295
medical,LGBM,BinaryVector,PartialOrder__Subset__2,example_recall,0.3,0.8078±0.0397
medical,LGBM,BinaryVector,PartialOrder__Subset__None,example_recall,0.3,0.8666±0.0311
medical,LGBM,BinaryVector,PreOrder__Hamming__2,example_recall,0.3,0.7761±0.0347
medical,LGBM,BinaryVector,PreOrder__Hamming__None,example_recall,0.3,0.8746±0.0213
medical,LGBM,BinaryVector,PreOrder__Subset__2,example_recall,0.3,0.7746±0.0398
medical,LGBM,BinaryVector,PreOrder__Subset__None,example_recall,0.3,0.8623±0.0320
medical,LGBM,BinaryVector,br,example_recall,0.3,0.7839±0.0096
medical,LGBM,BinaryVector,cc,example_recall,0.3,0.7556±0.0231
medical,LGBM,BinaryVector,clr,example_recall,0.3,0.8390±0.0165
medical,LGBM,BinaryVector,ecc,example_recall,0.3,0.8019±0.0224
medical,LGBM,BinaryVector,PartialOrder__Hamming__2,f1,0.0,0.6080±0.0860
medical,LGBM,BinaryVector,PartialOrder__Hamming__None,f1,0.0,0.5866±0.0974
medical,LGBM,BinaryVector,PartialOrder__Subset__2,f1,0.0,0.5974±0.1013
medical,LGBM,BinaryVector,PartialOrder__Subset__None,f1,0.0,0.5868±0.0968
medical,LGBM,BinaryVector,PreOrder__Hamming__2,f1,0.0,0.6117±0.0878
medical,LGBM,BinaryVector,PreOrder__Hamming__None,f1,0.0,0.5903±0.0964
medical,LGBM,BinaryVector,PreOrder__Subset__2,f1,0.0,0.5989±0.1009
medical,LGBM,BinaryVector,PreOrder__Subset__None,f1,0.0,0.5903±0.0964
medical,LGBM,BinaryVector,br,f1,0.0,0.5709±0.0862
medical,LGBM,BinaryVector,cc,f1,0.0,0.5584±0.0730
medical,LGBM,BinaryVector,clr,f1,0.0,0.3638±0.1651
medical,LGBM,BinaryVector,ecc,f1,0.0,0.8089±0.0306
medical,LGBM,BinaryVector,PartialOrder__Hamming__2,f1,0.1,0.4162±0.0141
medical,LGBM,BinaryVector,PartialOrder__Hamming__None,f1,0.1,0.3413±0.0190
medical,LGBM,BinaryVector,PartialOrder__Subset__2,f1,0.1,0.4194±0.0151
medical,LGBM,BinaryVector,PartialOrder__Subset__None,f1,0.1,0.3404±0.0191
medical,LGBM,BinaryVector,PreOrder__Hamming__2,f1,0.1,0.4719±0.0055
medical,LGBM,BinaryVector,PreOrder__Hamming__None,f1,0.1,0.3862±0.0137
medical,LGBM,BinaryVector,PreOrder__Subset__2,f1,0.1,0.5046±0.0083
medical,LGBM,BinaryVector,PreOrder__Subset__None,f1,0.1,0.3863±0.0137
medical,LGBM,BinaryVector,br,f1,0.1,0.2732±0.0154
medical,LGBM,BinaryVector,cc,f1,0.1,0.3076±0.0150
medical,LGBM,BinaryVector,clr,f1,0.1,0.3767±0.0152
medical,LGBM,BinaryVector,ecc,f1,0.1,0.5496±0.0211
medical,LGBM,BinaryVector,PartialOrder__Hamming__2,f1,0.2,0.2222±0.0121
medical,LGBM,BinaryVector,PartialOrder__Hamming__None,f1,0.2,0.1790±0.0073
medical,LGBM,BinaryVector,PartialOrder__Subset__2,f1,0.2,0.2211±0.0103
medical,LGBM,BinaryVector,PartialOrder__Subset__None,f1,0.2,0.1778±0.0066
medical,LGBM,BinaryVector,PreOrder__Hamming__2,f1,0.2,0.2927±0.0222
medical,LGBM,BinaryVector,PreOrder__Hamming__None,f1,0.2,0.2132±0.0119
medical,LGBM,BinaryVector,PreOrder__Subset__2,f1,0.2,0.3080±0.0225
medical,LGBM,BinaryVector,PreOrder__Subset__None,f1,0.2,0.2131±0.0123
medical,LGBM,BinaryVector,br,f1,0.2,0.1568±0.0081
medical,LGBM,BinaryVector,cc,f1,0.2,0.1798±0.0101
medical,LGBM,BinaryVector,clr,f1,0.2,0.2221±0.0072
medical,LGBM,BinaryVector,ecc,f1,0.2,0.2725±0.0137
medical,LGBM,BinaryVector,PartialOrder__Hamming__2,f1,0.3,0.1306±0.0061
medical,LGBM,BinaryVector,PartialOrder__Hamming__None,f1,0.3,0.1142±0.0029
medical,LGBM,BinaryVector,PartialOrder__Subset__2,f1,0.3,0.1306±0.0063
medical,LGBM,BinaryVector,PartialOrder__Subset__None,f1,0.3,0.1133±0.0030
medical,LGBM,BinaryVector,PreOrder__Hamming__2,f1,0.3,0.1690±0.0101
medical,LGBM,BinaryVector,PreOrder__Hamming__None,f1,0.3,0.1206±0.0063
medical,LGBM,BinaryVector,PreOrder__Subset__2,f1,0.3,0.1778±0.0115
medical,LGBM,BinaryVector,PreOrder__Subset__None,f1,0.3,0.1200±0.0062
medical,LGBM,BinaryVector,br,f1,0.3,0.1116±0.0028
medical,LGBM,BinaryVector,cc,f1,0.3,0.1172±0.0048
medical,LGBM,BinaryVector,clr,f1,0.3,0.1450±0.0029
medical,LGBM,BinaryVector,ecc,f1,0.3,0.1466±0.0057
medical,LGBM,BinaryVector,PartialOrder__Hamming__2,hamming_accuracy,0.0,0.8985±0.0089
medical,LGBM,BinaryVector,PartialOrder__Hamming__None,hamming_accuracy,0.0,0.8947±0.0115
medical,LGBM,BinaryVector,PartialOrder__Subset__2,hamming_accuracy,0.0,0.8968±0.0113
medical,LGBM,BinaryVector,PartialOrder__Subset__None,hamming_accuracy,0.0,0.8945±0.0113
medical,LGBM,BinaryVector,PreOrder__Hamming__2,hamming_accuracy,0.0,0.8984±0.0088
medical,LGBM,BinaryVector,PreOrder__Hamming__None,hamming_accuracy,0.0,0.8948±0.0112
medical,LGBM,BinaryVector,PreOrder__Subset__2,hamming_accuracy,0.0,0.8963±0.0109
medical,LGBM,BinaryVector,PreOrder__Subset__None,hamming_accuracy,0.0,0.8945±0.0110
medical,LGBM,BinaryVector,br,hamming_accuracy,0.0,0.9612±0.0128
medical,LGBM,BinaryVector,cc,hamming_accuracy,0.0,0.9606±0.0093
medical,LGBM,BinaryVector,clr,hamming_accuracy,0.0,0.9788±0.0030
medical,LGBM,BinaryVector,ecc,hamming_accuracy,0.0,0.9894±0.0014
medical,LGBM,BinaryVector,PartialOrder__Hamming__2,hamming_accuracy,0.1,0.8499±0.0051
medical,LGBM,BinaryVector,PartialOrder__Hamming__None,hamming_accuracy,0.1,0.8202±0.0071
medical,LGBM,BinaryVector,PartialOrder__Subset__2,hamming_accuracy,0.1,0.8508±0.0053
medical,LGBM,BinaryVector,PartialOrder__Subset__None,hamming_accuracy,0.1,0.8193±0.0072
medical,LGBM,BinaryVector,PreOrder__Hamming__2,hamming_accuracy,0.1,0.8750±0.0037
medical,LGBM,BinaryVector,PreOrder__Hamming__None,hamming_accuracy,0.1,0.8447±0.0054
medical,LGBM,BinaryVector,PreOrder__Subset__2,hamming_accuracy,0.1,0.8809±0.0036
medical,LGBM,BinaryVector,PreOrder__Subset__None,hamming_accuracy,0.1,0.8444±0.0058
medical,LGBM,BinaryVector,br,hamming_accuracy,0.1,0.8518±0.0094
medical,LGBM,BinaryVector,cc,hamming_accuracy,0.1,0.8833±0.0076
medical,LGBM,BinaryVector,clr,hamming_accuracy,0.1,0.8905±0.0066
medical,LGBM,BinaryVector,ecc,hamming_accuracy,0.1,0.9573±0.0038
medical,LGBM,BinaryVector,PartialOrder__Hamming__2,hamming_accuracy,0.2,0.7827±0.0119
medical,LGBM,BinaryVector,PartialOrder__Hamming__None,hamming_accuracy,0.2,0.7269±0.0115
medical,LGBM,BinaryVector,PartialOrder__Subset__2,hamming_accuracy,0.2,0.7836±0.0114
medical,LGBM,BinaryVector,PartialOrder__Subset__None,hamming_accuracy,0.2,0.7252±0.0108
medical,LGBM,BinaryVector,PreOrder__Hamming__2,hamming_accuracy,0.2,0.8361±0.0122
medical,LGBM,BinaryVector,PreOrder__Hamming__None,hamming_accuracy,0.2,0.7613±0.0141
medical,LGBM,BinaryVector,PreOrder__Subset__2,hamming_accuracy,0.2,0.8442±0.0112
medical,LGBM,BinaryVector,PreOrder__Subset__None,hamming_accuracy,0.2,0.7620±0.0137
medical,LGBM,BinaryVector,br,hamming_accuracy,0.2,0.7398±0.0107
medical,LGBM,BinaryVector,cc,hamming_accuracy,0.2,0.7863±0.0029
medical,LGBM,BinaryVector,clr,hamming_accuracy,0.2,0.8032±0.0064
medical,LGBM,BinaryVector,ecc,hamming_accuracy,0.2,0.8669±0.0063
medical,LGBM,BinaryVector,PartialOrder__Hamming__2,hamming_accuracy,0.3,0.6866±0.0095
medical,LGBM,BinaryVector,PartialOrder__Hamming__None,hamming_accuracy,0.3,0.6140±0.0065
medical,LGBM,BinaryVector,PartialOrder__Subset__2,hamming_accuracy,0.3,0.6881±0.0096
medical,LGBM,BinaryVector,PartialOrder__Subset__None,hamming_accuracy,0.3,0.6103±0.0061
medical,LGBM,BinaryVector,PreOrder__Hamming__2,hamming_accuracy,0.3,0.7629±0.0055
medical,LGBM,BinaryVector,PreOrder__Hamming__None,hamming_accuracy,0.3,0.6071±0.0135
medical,LGBM,BinaryVector,PreOrder__Subset__2,hamming_accuracy,0.3,0.7765±0.0058
medical,LGBM,BinaryVector,PreOrder__Subset__None,hamming_accuracy,0.3,0.6128±0.0100
medical,LGBM,BinaryVector,br,hamming_accuracy,0.3,0.6496±0.0063
medical,LGBM,BinaryVector,cc,hamming_accuracy,0.3,0.6826±0.0045
medical,LGBM,BinaryVector,clr,hamming_accuracy,0.3,0.7150±0.0079
medical,LGBM,BinaryVector,ecc,hamming_accuracy,0.3,0.7396±0.0068
medical,LGBM,BinaryVector,PartialOrder__Hamming__2,jaccard,0.0,0.5107±0.1144
medical,LGBM,BinaryVector,PartialOrder__Hamming__None,jaccard,0.0,0.4820±0.1255
medical,LGBM,BinaryVector,PartialOrder__Subset__2,jaccard,0.0,0.4982±0.1340
medical,LGBM,BinaryVector,PartialOrder__Subset__None,jaccard,0.0,0.4822±0.1250
medical,LGBM,BinaryVector,PreOrder__Hamming__2,jaccard,0.0,0.5150±0.1169
medical,LGBM,BinaryVector,PreOrder__Hamming__None,jaccard,0.0,0.4862±0.1251
medical,LGBM,BinaryVector,PreOrder__Subset__2,jaccard,0.0,0.5000±0.1335
medical,LGBM,BinaryVector,PreOrder__Subset__None,jaccard,0.0,0.4862±0.1251
medical,LGBM,BinaryVector,br,jaccard,0.0,0.4549±0.1104
medical,LGBM,BinaryVector,cc,jaccard,0.0,0.4417±0.0966
medical,LGBM,BinaryVector,clr,jaccard,0.0,0.3378±0.1534
medical,LGBM,BinaryVector,ecc,jaccard,0.0,0.7722±0.0326
medical,LGBM,BinaryVector,PartialOrder__Hamming__2,jaccard,0.1,0.3107±0.0154
medical,LGBM,BinaryVector,PartialOrder__Hamming__None,jaccard,0.1,0.2387±0.0203
medical,LGBM,BinaryVector,PartialOrder__Subset__2,jaccard,0.1,0.3141±0.0166
medical,LGBM,BinaryVector,PartialOrder__Subset__None,jaccard,0.1,0.2381±0.0204
medical,LGBM,BinaryVector,PreOrder__Hamming__2,jaccard,0.1,0.3654±0.0044
medical,LGBM,BinaryVector,PreOrder__Hamming__None,jaccard,0.1,0.2802±0.0145
medical,LGBM,BinaryVector,PreOrder__Subset__2,jaccard,0.1,0.4048±0.0105
medical,LGBM,BinaryVector,PreOrder__Subset__None,jaccard,0.1,0.2806±0.0141
medical,LGBM,BinaryVector,br,jaccard,0.1,0.1701±0.0108
medical,LGBM,BinaryVector,cc,jaccard,0.1,0.1980±0.0103
medical,LGBM,BinaryVector,clr,jaccard,0.1,0.2697±0.0148
medical,LGBM,BinaryVector,ecc,jaccard,0.1,0.4383±0.0220
medical,LGBM,BinaryVector,PartialOrder__Hamming__2,jaccard,0.2,0.1347±0.0098
medical,LGBM,BinaryVector,PartialOrder__Hamming__None,jaccard,0.2,0.1036±0.0053
medical,LGBM,BinaryVector,PartialOrder__Subset__2,jaccard,0.2,0.1336±0.0082
medical,LGBM,BinaryVector,PartialOrder__Subset__None,jaccard,0.2,0.1030±0.0048
medical,LGBM,BinaryVector,PreOrder__Hamming__2,jaccard,0.2,0.1953±0.0207
medical,LGBM,BinaryVector,PreOrder__Hamming__None,jaccard,0.2,0.1306±0.0104
medical,LGBM,BinaryVector,PreOrder__Subset__2,jaccard,0.2,0.2109±0.0230
medical,LGBM,BinaryVector,PreOrder__Subset__None,jaccard,0.2,0.1304±0.0107
medical,LGBM,BinaryVector,br,jaccard,0.2,0.0883±0.0048
medical,LGBM,BinaryVector,cc,jaccard,0.2,0.1037±0.0070
medical,LGBM,BinaryVector,clr,jaccard,0.2,0.1347±0.0055
medical,LGBM,BinaryVector,ecc,jaccard,0.2,0.1685±0.0109
medical,LGBM,BinaryVector,PartialOrder__Hamming__2,jaccard,0.3,0.0717±0.0036
medical,LGBM,BinaryVector,PartialOrder__Hamming__None,jaccard,0.3,0.0617±0.0017
medical,LGBM,BinaryVector,PartialOrder__Subset__2,jaccard,0.3,0.0718±0.0036
medical,LGBM,BinaryVector,PartialOrder__Subset__None,jaccard,0.3,0.0612±0.0017
medical,LGBM,BinaryVector,PreOrder__Hamming__2,jaccard,0.3,0.0982±0.0089
medical,LGBM,BinaryVector,PreOrder__Hamming__None,jaccard,0.3,0.0662±0.0047
medical,LGBM,BinaryVector,PreOrder__Subset__2,jaccard,0.3,0.1043±0.0096
medical,LGBM,BinaryVector,PreOrder__Subset__None,jaccard,0.3,0.0659±0.0046
medical,LGBM,BinaryVector,br,jaccard,0.3,0.0605±0.0017
medical,LGBM,BinaryVector,cc,jaccard,0.3,0.0640±0.0028
medical,LGBM,BinaryVector,clr,jaccard,0.3,0.0806±0.0020
medical,LGBM,BinaryVector,ecc,jaccard,0.3,0.0813±0.0032
medical,LGBM,BinaryVector,PartialOrder__Hamming__2,macro_f1,0.0,0.2023±0.0091
medical,LGBM,BinaryVector,PartialOrder__Hamming__None,macro_f1,0.0,0.2028±0.0085
medical,LGBM,BinaryVector,PartialOrder__Subset__2,macro_f1,0.0,0.2019±0.0094
medical,LGBM,BinaryVector,PartialOrder__Subset__None,macro_f1,0.0,0.2029±0.0087
medical,LGBM,BinaryVector,PreOrder__Hamming__2,macro_f1,0.0,0.2023±0.0087
medical,LGBM,BinaryVector,PreOrder__Hamming__None,macro_f1,0.0,0.2030±0.0090
medical,LGBM,BinaryVector,PreOrder__Subset__2,macro_f1,0.0,0.2007±0.0103
medical,LGBM,BinaryVector,PreOrder__Subset__None,macro_f1,0.0,0.2029±0.0091
medical,LGBM,BinaryVector,br,macro_f1,0.0,0.3688±0.0282
medical,LGBM,BinaryVector,cc,macro_f1,0.0,0.3565±0.0292
medical,LGBM,BinaryVector,clr,macro_f1,0.0,0.1543±0.0504
medical,LGBM,BinaryVector,ecc,macro_f1,0.0,0.3755±0.0371
medical,LGBM,BinaryVector,PartialOrder__Hamming__2,macro_f1,0.1,0.1565±0.0081
medical,LGBM,BinaryVector,PartialOrder__Hamming__None,macro_f1,0.1,0.1439±0.0068
medical,LGBM,BinaryVector,PartialOrder__Subset__2,macro_f1,0.1,0.1564±0.0086
medical,LGBM,BinaryVector,PartialOrder__Subset__None,macro_f1,0.1,0.1432±0.0074
medical,LGBM,BinaryVector,PreOrder__Hamming__2,macro_f1,0.1,0.1698±0.0079
medical,LGBM,BinaryVector,PreOrder__Hamming__None,macro_f1,0.1,0.1541±0.0076
medical,LGBM,BinaryVector,PreOrder__Subset__2,macro_f1,0.1,0.1728±0.0085
medical,LGBM,BinaryVector,PreOrder__Subset__None,macro_f1,0.1,0.1535±0.0077
medical,LGBM,BinaryVector,br,macro_f1,0.1,0.1715±0.0056
medical,LGBM,BinaryVector,cc,macro_f1,0.1,0.1777±0.0145
medical,LGBM,BinaryVector,clr,macro_f1,0.1,0.1838±0.0062
medical,LGBM,BinaryVector,ecc,macro_f1,0.1,0.2445±0.0155
medical,LGBM,BinaryVector,PartialOrder__Hamming__2,macro_f1,0.2,0.1227±0.0059
medical,LGBM,BinaryVector,PartialOrder__Hamming__None,macro_f1,0.2,0.1097±0.0037
medical,LGBM,BinaryVector,PartialOrder__Subset__2,macro_f1,0.2,0.1218±0.0052
medical,LGBM,BinaryVector,PartialOrder__Subset__None,macro_f1,0.2,0.1084±0.0035
medical,LGBM,BinaryVector,PreOrder__Hamming__2,macro_f1,0.2,0.1415±0.0095
medical,LGBM,BinaryVector,PreOrder__Hamming__None,macro_f1,0.2,0.1186±0.0071
medical,LGBM,BinaryVector,PreOrder__Subset__2,macro_f1,0.2,0.1423±0.0099
medical,LGBM,BinaryVector,PreOrder__Subset__None,macro_f1,0.2,0.1186±0.0073
medical,LGBM,BinaryVector,br,macro_f1,0.2,0.1166±0.0052
medical,LGBM,BinaryVector,cc,macro_f1,0.2,0.1281±0.0040
medical,LGBM,BinaryVector,clr,macro_f1,0.2,0.1376±0.0051
medical,LGBM,BinaryVector,ecc,macro_f1,0.2,0.1603±0.0106
medical,LGBM,BinaryVector,PartialOrder__Hamming__2,macro_f1,0.3,0.0914±0.0030
medical,LGBM,BinaryVector,PartialOrder__Hamming__None,macro_f1,0.3,0.0849±0.0016
medical,LGBM,BinaryVector,PartialOrder__Subset__2,macro_f1,0.3,0.0918±0.0025
medical,LGBM,BinaryVector,PartialOrder__Subset__None,macro_f1,0.3,0.0845±0.0017
medical,LGBM,BinaryVector,PreOrder__Hamming__2,macro_f1,0.3,0.1045±0.0028
medical,LGBM,BinaryVector,PreOrder__Hamming__None,macro_f1,0.3,0.0846±0.0020
medical,LGBM,BinaryVector,PreOrder__Subset__2,macro_f1,0.3,0.1074±0.0029
medical,LGBM,BinaryVector,PreOrder__Subset__None,macro_f1,0.3,0.0842±0.0020
medical,LGBM,BinaryVector,br,macro_f1,0.3,0.0906±0.0043
medical,LGBM,BinaryVector,cc,macro_f1,0.3,0.0942±0.0036
medical,LGBM,BinaryVector,clr,macro_f1,0.3,0.1051±0.0038
medical,LGBM,BinaryVector,ecc,macro_f1,0.3,0.1067±0.0057
medical,LGBM,BinaryVector,PartialOrder__Hamming__2,macro_precision,0.0,0.1416±0.0064
medical,LGBM,BinaryVector,PartialOrder__Hamming__None,macro_precision,0.0,0.1412±0.0061
medical,LGBM,BinaryVector,PartialOrder__Subset__2,macro_precision,0.0,0.1419±0.0065
medical,LGBM,BinaryVector,PartialOrder__Subset__None,macro_precision,0.0,0.1412±0.0062
medical,LGBM,BinaryVector,PreOrder__Hamming__2,macro_precision,0.0,0.1423±0.0060
medical,LGBM,BinaryVector,PreOrder__Hamming__None,macro_precision,0.0,0.1420±0.0063
medical,LGBM,BinaryVector,PreOrder__Subset__2,macro_precision,0.0,0.1416±0.0069
medical,LGBM,BinaryVector,PreOrder__Subset__None,macro_precision,0.0,0.1419±0.0064
medical,LGBM,BinaryVector,br,macro_precision,0.0,0.3619±0.0319
medical,LGBM,BinaryVector,cc,macro_precision,0.0,0.3551±0.0264
medical,LGBM,BinaryVector,clr,macro_precision,0.0,0.2076±0.0407
medical,LGBM,BinaryVector,ecc,macro_precision,0.0,0.3742±0.0303
medical,LGBM,BinaryVector,PartialOrder__Hamming__2,macro_precision,0.1,0.1041±0.0057
medical,LGBM,BinaryVector,PartialOrder__Hamming__None,macro_precision,0.1,0.0937±0.0049
medical,LGBM,BinaryVector,PartialOrder__Subset__2,macro_precision,0.1,0.1043±0.0060
medical,LGBM,BinaryVector,PartialOrder__Subset__None,macro_precision,0.1,0.0933±0.0054
medical,LGBM,BinaryVector,PreOrder__Hamming__2,macro_precision,0.1,0.1158±0.0057
medical,LGBM,BinaryVector,PreOrder__Hamming__None,macro_precision,0.1,0.1021±0.0056
medical,LGBM,BinaryVector,PreOrder__Subset__2,macro_precision,0.1,0.1186±0.0062
medical,LGBM,BinaryVector,PreOrder__Subset__None,macro_precision,0.1,0.1018±0.0058
medical,LGBM,BinaryVector,br,macro_precision,0.1,0.1249±0.0059
medical,LGBM,BinaryVector,cc,macro_precision,0.1,0.1313±0.0108
medical,LGBM,BinaryVector,clr,macro_precision,0.1,0.1345±0.0055
medical,LGBM,BinaryVector,ecc,macro_precision,0.1,0.1999±0.0136
medical,LGBM,BinaryVector,PartialOrder__Hamming__2,macro_precision,0.2,0.0783±0.0040
medical,LGBM,BinaryVector,PartialOrder__Hamming__None,macro_precision,0.2,0.0682±0.0026
medical,LGBM,BinaryVector,PartialOrder__Subset__2,macro_precision,0.2,0.0778±0.0035
medical,LGBM,BinaryVector,PartialOrder__Subset__None,macro_precision,0.2,0.0673±0.0025
medical,LGBM,BinaryVector,PreOrder__Hamming__2,macro_precision,0.2,0.0937±0.0068
medical,LGBM,BinaryVector,PreOrder__Hamming__None,macro_precision,0.2,0.0748±0.0049
medical,LGBM,BinaryVector,PreOrder__Subset__2,macro_precision,0.2,0.0950±0.0069
medical,LGBM,BinaryVector,PreOrder__Subset__None,macro_precision,0.2,0.0748±0.0050
medical,LGBM,BinaryVector,br,macro_precision,0.2,0.0797±0.0037
medical,LGBM,BinaryVector,cc,macro_precision,0.2,0.0882±0.0025
medical,LGBM,BinaryVector,clr,macro_precision,0.2,0.0941±0.0046
medical,LGBM,BinaryVector,ecc,macro_precision,0.2,0.1149±0.0079
medical,LGBM,BinaryVector,PartialOrder__Hamming__2,macro_precision,0.3,0.0565±0.0019
medical,LGBM,BinaryVector,PartialOrder__Hamming__None,macro_precision,0.3,0.0511±0.0008
medical,LGBM,BinaryVector,PartialOrder__Subset__2,macro_precision,0.3,0.0567±0.0016
medical,LGBM,BinaryVector,PartialOrder__Subset__None,macro_precision,0.3,0.0508±0.0010
medical,LGBM,BinaryVector,PreOrder__Hamming__2,macro_precision,0.3,0.0670±0.0018
medical,LGBM,BinaryVector,PreOrder__Hamming__None,macro_precision,0.3,0.0509±0.0015
medical,LGBM,BinaryVector,PreOrder__Subset__2,macro_precision,0.3,0.0694±0.0017
medical,LGBM,BinaryVector,PreOrder__Subset__None,macro_precision,0.3,0.0508±0.0015
medical,LGBM,BinaryVector,br,macro_precision,0.3,0.0586±0.0034
medical,LGBM,BinaryVector,cc,macro_precision,0.3,0.0619±0.0024
medical,LGBM,BinaryVector,clr,macro_precision,0.3,0.0681±0.0026
medical,LGBM,BinaryVector,ecc,macro_precision,0.3,0.0707±0.0039
medical,LGBM,BinaryVector,PartialOrder__Hamming__2,macro_recall,0.0,0.4887±0.0512
medical,LGBM,BinaryVector,PartialOrder__Hamming__None,macro_recall,0.0,0.4977±0.0514
medical,LGBM,BinaryVector,PartialOrder__Subset__2,macro_recall,0.0,0.4857±0.0522
medical,LGBM,BinaryVector,PartialOrder__Subset__None,macro_recall,0.0,0.4979±0.0514
medical,LGBM,BinaryVector,PreOrder__Hamming__2,macro_recall,0.0,0.4866±0.0512
medical,LGBM,BinaryVector,PreOrder__Hamming__None,macro_recall,0.0,0.4938±0.0498
medical,LGBM,BinaryVector,PreOrder__Subset__2,macro_recall,0.0,0.4793±0.0509
medical,LGBM,BinaryVector,PreOrder__Subset__None,macro_recall,0.0,0.4938±0.0498
medical,LGBM,BinaryVector,br,macro_recall,0.0,0.4089±0.0377
medical,LGBM,BinaryVector,cc,macro_recall,0.0,0.3993±0.0299
medical,LGBM,BinaryVector,clr,macro_recall,0.0,0.1429±0.0574
medical,LGBM,BinaryVector,ecc,macro_recall,0.0,0.4004±0.0485
medical,LGBM,BinaryVector,PartialOrder__Hamming__2,macro_recall,0.1,0.4808±0.0463
medical,LGBM,BinaryVector,PartialOrder__Hamming__None,macro_recall,0.1,0.4956±0.0450
medical,LGBM,BinaryVector,PartialOrder__Subset__2,macro_recall,0.1,0.4758±0.0515
medical,LGBM,BinaryVector,PartialOrder__Subset__None,macro_recall,0.1,0.4911±0.0493
medical,LGBM,BinaryVector,PreOrder__Hamming__2,macro_recall,0.1,0.4608±0.0566
medical,LGBM,BinaryVector,PreOrder__Hamming__None,macro_recall,0.1,0.4720±0.0524
medical,LGBM,BinaryVector,PreOrder__Subset__2,macro_recall,0.1,0.4583±0.0573
medical,LGBM,BinaryVector,PreOrder__Subset__None,macro_recall,0.1,0.4702±0.0516
medical,LGBM,BinaryVector,br,macro_recall,0.1,0.4539±0.0276
medical,LGBM,BinaryVector,cc,macro_recall,0.1,0.3878±0.0315
medical,LGBM,BinaryVector,clr,macro_recall,0.1,0.4083±0.0407
medical,LGBM,BinaryVector,ecc,macro_recall,0.1,0.3627±0.0341
medical,LGBM,BinaryVector,PartialOrder__Hamming__2,macro_recall,0.2,0.4550±0.0306
medical,LGBM,BinaryVector,PartialOrder__Hamming__None,macro_recall,0.2,0.4829±0.0260
medical,LGBM,BinaryVector,PartialOrder__Subset__2,macro_recall,0.2,0.4461±0.0274
medical,LGBM,BinaryVector,PartialOrder__Subset__None,macro_recall,0.2,0.4802±0.0290
medical,LGBM,BinaryVector,PreOrder__Hamming__2,macro_recall,0.2,0.4329±0.0239
medical,LGBM,BinaryVector,PreOrder__Hamming__None,macro_recall,0.2,0.4793±0.0250
medical,LGBM,BinaryVector,PreOrder__Subset__2,macro_recall,0.2,0.4099±0.0265
medical,LGBM,BinaryVector,PreOrder__Subset__None,macro_recall,0.2,0.4747±0.0328
medical,LGBM,BinaryVector,br,macro_recall,0.2,0.4143±0.0435
medical,LGBM,BinaryVector,cc,macro_recall,0.2,0.3927±0.0536
medical,LGBM,BinaryVector,clr,macro_recall,0.2,0.4106±0.0382
medical,LGBM,BinaryVector,ecc,macro_recall,0.2,0.3839±0.0494
medical,LGBM,BinaryVector,PartialOrder__Hamming__2,macro_recall,0.3,0.4219±0.0268
medical,LGBM,BinaryVector,PartialOrder__Hamming__None,macro_recall,0.3,0.4766±0.0310
medical,LGBM,BinaryVector,PartialOrder__Subset__2,macro_recall,0.3,0.4280±0.0284
medical,LGBM,BinaryVector,PartialOrder__Subset__None,macro_recall,0.3,0.4733±0.0443
medical,LGBM,BinaryVector,PreOrder__Hamming__2,macro_recall,0.3,0.3779±0.0268
medical,LGBM,BinaryVector,PreOrder__Hamming__None,macro_recall,0.3,0.4776±0.0501
medical,LGBM,BinaryVector,PreOrder__Subset__2,macro_recall,0.3,0.3747±0.0287
medical,LGBM,BinaryVector,PreOrder__Subset__None,macro_recall,0.3,0.4627±0.0538
medical,LGBM,BinaryVector,br,macro_recall,0.3,0.4098±0.0221
medical,LGBM,BinaryVector,cc,macro_recall,0.3,0.3957±0.0428
medical,LGBM,BinaryVector,clr,macro_recall,0.3,0.4055±0.0427
medical,LGBM,BinaryVector,ecc,macro_recall,0.3,0.3826±0.0141
medical,LGBM,BinaryVector,PartialOrder__Hamming__2,mfrd,0.0,0.9733±0.0266
medical,LGBM,BinaryVector,PartialOrder__Hamming__None,mfrd,0.0,0.9733±0.0266
medical,LGBM,BinaryVector,PartialOrder__Subset__2,mfrd,0.0,0.9733±0.0266
medical,LGBM,BinaryVector,PartialOrder__Subset__None,mfrd,0.0,0.9733±0.0266
medical,LGBM,BinaryVector,PreOrder__Hamming__2,mfrd,0.0,0.9733±0.0266
medical,LGBM,BinaryVector,PreOrder__Hamming__None,mfrd,0.0,0.9733±0.0266
medical,LGBM,BinaryVector,PreOrder__Subset__2,mfrd,0.0,0.9733±0.0266
medical,LGBM,BinaryVector,PreOrder__Subset__None,mfrd,0.0,0.9733±0.0266
medical,LGBM,BinaryVector,br,mfrd,0.0,1.0000±0.0000
medical,LGBM,BinaryVector,cc,mfrd,0.0,1.0000±0.0000
medical,LGBM,BinaryVector,clr,mfrd,0.0,1.0000±0.0000
medical,LGBM,BinaryVector,ecc,mfrd,0.0,1.0000±0.0000
medical,LGBM,BinaryVector,PartialOrder__Hamming__2,mfrd,0.1,0.8899±0.0134
medical,LGBM,BinaryVector,PartialOrder__Hamming__None,mfrd,0.1,0.8663±0.0107
medical,LGBM,BinaryVector,PartialOrder__Subset__2,mfrd,0.1,0.8920±0.0140
medical,LGBM,BinaryVector,PartialOrder__Subset__None,mfrd,0.1,0.8652±0.0099
medical,LGBM,BinaryVector,PreOrder__Hamming__2,mfrd,0.1,0.9136±0.0139
medical,LGBM,BinaryVector,PreOrder__Hamming__None,mfrd,0.1,0.8878±0.0166
medical,LGBM,BinaryVector,PreOrder__Subset__2,mfrd,0.1,0.9156±0.0124
medical,LGBM,BinaryVector,PreOrder__Subset__None,mfrd,0.1,0.8899±0.0157
medical,LGBM,BinaryVector,br,mfrd,0.1,0.8836±0.0223
medical,LGBM,BinaryVector,cc,mfrd,0.1,0.9379±0.0173
medical,LGBM,BinaryVector,clr,mfrd,0.1,0.9279±0.0096
medical,LGBM,BinaryVector,ecc,mfrd,0.1,0.9948±0.0057
medical,LGBM,BinaryVector,PartialOrder__Hamming__2,mfrd,0.2,0.8497±0.0250
medical,LGBM,BinaryVector,PartialOrder__Hamming__None,mfrd,0.2,0.8005±0.0274
medical,LGBM,BinaryVector,PartialOrder__Subset__2,mfrd,0.2,0.8476±0.0216
medical,LGBM,BinaryVector,PartialOrder__Subset__None,mfrd,0.2,0.7963±0.0238
medical,LGBM,BinaryVector,PreOrder__Hamming__2,mfrd,0.2,0.8868±0.0134
medical,LGBM,BinaryVector,PreOrder__Hamming__None,mfrd,0.2,0.8272±0.0181
medical,LGBM,BinaryVector,PreOrder__Subset__2,mfrd,0.2,0.8930±0.0150
medical,LGBM,BinaryVector,PreOrder__Subset__None,mfrd,0.2,0.8282±0.0158
medical,LGBM,BinaryVector,br,mfrd,0.2,0.7819±0.0160
medical,LGBM,BinaryVector,cc,mfrd,0.2,0.8292±0.0210
medical,LGBM,BinaryVector,clr,mfrd,0.2,0.8529±0.0109
medical,LGBM,BinaryVector,ecc,mfrd,0.2,0.9341±0.0237
medical,LGBM,BinaryVector,PartialOrder__Hamming__2,mfrd,0.3,0.7582±0.0173
medical,LGBM,BinaryVector,PartialOrder__Hamming__None,mfrd,0.3,0.6842±0.0172
medical,LGBM,BinaryVector,PartialOrder__Subset__2,mfrd,0.3,0.7510±0.0279
medical,LGBM,BinaryVector,PartialOrder__Subset__None,mfrd,0.3,0.6832±0.0205
medical,LGBM,BinaryVector,PreOrder__Hamming__2,mfrd,0.3,0.8230±0.0131
medical,LGBM,BinaryVector,PreOrder__Hamming__None,mfrd,0.3,0.6632±0.0316
medical,LGBM,BinaryVector,PreOrder__Subset__2,mfrd,0.3,0.8412±0.0114
medical,LGBM,BinaryVector,PreOrder__Subset__None,mfrd,0.3,0.6683±0.0339
medical,LGBM,BinaryVector,br,mfrd,0.3,0.7004±0.0117
medical,LGBM,BinaryVector,cc,mfrd,0.3,0.7336±0.0125
medical,LGBM,BinaryVector,clr,mfrd,0.3,0.7724±0.0290
medical,LGBM,BinaryVector,ecc,mfrd,0.3,0.7902±0.0244
medical,LGBM,BinaryVector,PartialOrder__Hamming__2,micro_f1,0.0,0.3275±0.0149
medical,LGBM,BinaryVector,PartialOrder__Hamming__None,micro_f1,0.0,0.3226±0.0198
medical,LGBM,BinaryVector,PartialOrder__Subset__2,micro_f1,0.0,0.3231±0.0192
medical,LGBM,BinaryVector,PartialOrder__Subset__None,micro_f1,0.0,0.3227±0.0188
medical,LGBM,BinaryVector,PreOrder__Hamming__2,micro_f1,0.0,0.3260±0.0147
medical,LGBM,BinaryVector,PreOrder__Hamming__None,micro_f1,0.0,0.3215±0.0182
medical,LGBM,BinaryVector,PreOrder__Subset__2,micro_f1,0.0,0.3199±0.0175
medical,LGBM,BinaryVector,PreOrder__Subset__None,micro_f1,0.0,0.3210±0.0178
medical,LGBM,BinaryVector,br,micro_f1,0.0,0.5572±0.0843
medical,LGBM,BinaryVector,cc,micro_f1,0.0,0.5434±0.0682
medical,LGBM,BinaryVector,clr,micro_f1,0.0,0.4674±0.1514
medical,LGBM,BinaryVector,ecc,micro_f1,0.0,0.8135±0.0257
medical,LGBM,BinaryVector,PartialOrder__Hamming__2,micro_f1,0.1,0.2498±0.0098
medical,LGBM,BinaryVector,PartialOrder__Hamming__None,micro_f1,0.1,0.2196±0.0090
medical,LGBM,BinaryVector,PartialOrder__Subset__2,micro_f1,0.1,0.2503±0.0105
medical,LGBM,BinaryVector,PartialOrder__Subset__None,micro_f1,0.1,0.2185±0.0092
medical,LGBM,BinaryVector,PreOrder__Hamming__2,micro_f1,0.1,0.2818±0.0088
medical,LGBM,BinaryVector,PreOrder__Hamming__None,micro_f1,0.1,0.2430±0.0094
medical,LGBM,BinaryVector,PreOrder__Subset__2,micro_f1,0.1,0.2904±0.0091
medical,LGBM,BinaryVector,PreOrder__Subset__None,micro_f1,0.1,0.2422±0.0094
medical,LGBM,BinaryVector,br,micro_f1,0.1,0.2422±0.0148
medical,LGBM,BinaryVector,cc,micro_f1,0.1,0.2828±0.0179
medical,LGBM,BinaryVector,clr,micro_f1,0.1,0.3024±0.0128
medical,LGBM,BinaryVector,ecc,micro_f1,0.1,0.5189±0.0220
medical,LGBM,BinaryVector,PartialOrder__Hamming__2,micro_f1,0.2,0.1821±0.0071
medical,LGBM,BinaryVector,PartialOrder__Hamming__None,micro_f1,0.2,0.1536±0.0042
medical,LGBM,BinaryVector,PartialOrder__Subset__2,micro_f1,0.2,0.1818±0.0067
medical,LGBM,BinaryVector,PartialOrder__Subset__None,micro_f1,0.2,0.1521±0.0038
medical,LGBM,BinaryVector,PreOrder__Hamming__2,micro_f1,0.2,0.2235±0.0122
medical,LGBM,BinaryVector,PreOrder__Hamming__None,micro_f1,0.2,0.1708±0.0077
medical,LGBM,BinaryVector,PreOrder__Subset__2,micro_f1,0.2,0.2294±0.0123
medical,LGBM,BinaryVector,PreOrder__Subset__None,micro_f1,0.2,0.1712±0.0079
medical,LGBM,BinaryVector,br,micro_f1,0.2,0.1460±0.0077
medical,LGBM,BinaryVector,cc,micro_f1,0.2,0.1699±0.0059
medical,LGBM,BinaryVector,clr,micro_f1,0.2,0.1945±0.0055
medical,LGBM,BinaryVector,ecc,micro_f1,0.2,0.2549±0.0076
medical,LGBM,BinaryVector,PartialOrder__Hamming__2,micro_f1,0.3,0.1240±0.0066
medical,LGBM,BinaryVector,PartialOrder__Hamming__None,micro_f1,0.3,0.1099±0.0029
medical,LGBM,BinaryVector,PartialOrder__Subset__2,micro_f1,0.3,0.1243±0.0065
medical,LGBM,BinaryVector,PartialOrder__Subset__None,micro_f1,0.3,0.1090±0.0028
medical,LGBM,BinaryVector,PreOrder__Hamming__2,micro_f1,0.3,0.1521±0.0071
medical,LGBM,BinaryVector,PreOrder__Hamming__None,micro_f1,0.3,0.1091±0.0037
medical,LGBM,BinaryVector,PreOrder__Subset__2,micro_f1,0.3,0.1593±0.0083
medical,LGBM,BinaryVector,PreOrder__Subset__None,micro_f1,0.3,0.1090±0.0037
medical,LGBM,BinaryVector,br,micro_f1,0.3,0.1089±0.0020
medical,LGBM,BinaryVector,cc,micro_f1,0.3,0.1157±0.0041
medical,LGBM,BinaryVector,clr,micro_f1,0.3,0.1383±0.0034
medical,LGBM,BinaryVector,ecc,micro_f1,0.3,0.1428±0.0058
medical,LGBM,BinaryVector,PartialOrder__Hamming__2,micro_precision,0.0,0.2009±0.0115
medical,LGBM,BinaryVector,PartialOrder__Hamming__None,micro_precision,0.0,0.1968±0.0148
medical,LGBM,BinaryVector,PartialOrder__Subset__2,micro_precision,0.0,0.1980±0.0146
medical,LGBM,BinaryVector,PartialOrder__Subset__None,micro_precision,0.0,0.1967±0.0142
medical,LGBM,BinaryVector,PreOrder__Hamming__2,micro_precision,0.0,0.2000±0.0113
medical,LGBM,BinaryVector,PreOrder__Hamming__None,micro_precision,0.0,0.1962±0.0139
medical,LGBM,BinaryVector,PreOrder__Subset__2,micro_precision,0.0,0.1959±0.0135
medical,LGBM,BinaryVector,PreOrder__Subset__None,micro_precision,0.0,0.1958±0.0136
medical,LGBM,BinaryVector,br,micro_precision,0.0,0.4258±0.0989
medical,LGBM,BinaryVector,cc,micro_precision,0.0,0.4122±0.0863
medical,LGBM,BinaryVector,clr,micro_precision,0.0,0.7339±0.0354
medical,LGBM,BinaryVector,ecc,micro_precision,0.0,0.7912±0.0282
medical,LGBM,BinaryVector,PartialOrder__Hamming__2,micro_precision,0.1,0.1450±0.0063
medical,LGBM,BinaryVector,PartialOrder__Hamming__None,micro_precision,0.1,0.1248±0.0058
medical,LGBM,BinaryVector,PartialOrder__Subset__2,micro_precision,0.1,0.1454±0.0068
medical,LGBM,BinaryVector,PartialOrder__Subset__None,micro_precision,0.1,0.1241±0.0059
medical,LGBM,BinaryVector,PreOrder__Hamming__2,micro_precision,0.1,0.1676±0.0060
medical,LGBM,BinaryVector,PreOrder__Hamming__None,micro_precision,0.1,0.1405±0.0061
medical,LGBM,BinaryVector,PreOrder__Subset__2,micro_precision,0.1,0.1739±0.0063
medical,LGBM,BinaryVector,PreOrder__Subset__None,micro_precision,0.1,0.1400±0.0062
medical,LGBM,BinaryVector,br,micro_precision,0.1,0.1412±0.0099
medical,LGBM,BinaryVector,cc,micro_precision,0.1,0.1707±0.0126
medical,LGBM,BinaryVector,clr,micro_precision,0.1,0.1838±0.0099
medical,LGBM,BinaryVector,ecc,micro_precision,0.1,0.3779±0.0224
medical,LGBM,BinaryVector,PartialOrder__Hamming__2,micro_precision,0.2,0.1017±0.0043
medical,LGBM,BinaryVector,PartialOrder__Hamming__None,micro_precision,0.2,0.0840±0.0025
medical,LGBM,BinaryVector,PartialOrder__Subset__2,micro_precision,0.2,0.1016±0.0041
medical,LGBM,BinaryVector,PartialOrder__Subset__None,micro_precision,0.2,0.0832±0.0023
medical,LGBM,BinaryVector,PreOrder__Hamming__2,micro_precision,0.2,0.1288±0.0080
medical,LGBM,BinaryVector,PreOrder__Hamming__None,micro_precision,0.2,0.0945±0.0046
medical,LGBM,BinaryVector,PreOrder__Subset__2,micro_precision,0.2,0.1330±0.0080
medical,LGBM,BinaryVector,PreOrder__Subset__None,micro_precision,0.2,0.0948±0.0047
medical,LGBM,BinaryVector,br,micro_precision,0.2,0.0803±0.0045
medical,LGBM,BinaryVector,cc,micro_precision,0.2,0.0952±0.0035
medical,LGBM,BinaryVector,clr,micro_precision,0.2,0.1097±0.0036
medical,LGBM,BinaryVector,ecc,micro_precision,0.2,0.1508±0.0048
medical,LGBM,BinaryVector,PartialOrder__Hamming__2,micro_precision,0.3,0.0672±0.0036
medical,LGBM,BinaryVector,PartialOrder__Hamming__None,micro_precision,0.3,0.0587±0.0015
medical,LGBM,BinaryVector,PartialOrder__Subset__2,micro_precision,0.3,0.0674±0.0036
medical,LGBM,BinaryVector,PartialOrder__Subset__None,micro_precision,0.3,0.0582±0.0015
medical,LGBM,BinaryVector,PreOrder__Hamming__2,micro_precision,0.3,0.0844±0.0039
medical,LGBM,BinaryVector,PreOrder__Hamming__None,micro_precision,0.3,0.0582±0.0021
medical,LGBM,BinaryVector,PreOrder__Subset__2,micro_precision,0.3,0.0889±0.0047
medical,LGBM,BinaryVector,PreOrder__Subset__None,micro_precision,0.3,0.0582±0.0021
medical,LGBM,BinaryVector,br,micro_precision,0.3,0.0586±0.0012
medical,LGBM,BinaryVector,cc,micro_precision,0.3,0.0627±0.0023
medical,LGBM,BinaryVector,clr,micro_precision,0.3,0.0755±0.0019
medical,LGBM,BinaryVector,ecc,micro_precision,0.3,0.0786±0.0033
medical,LGBM,BinaryVector,PartialOrder__Hamming__2,micro_recall,0.0,0.8893±0.0179
medical,LGBM,BinaryVector,PartialOrder__Hamming__None,micro_recall,0.0,0.9000±0.0158
medical,LGBM,BinaryVector,PartialOrder__Subset__2,micro_recall,0.0,0.8836±0.0219
medical,LGBM,BinaryVector,PartialOrder__Subset__None,micro_recall,0.0,0.9016±0.0160
medical,LGBM,BinaryVector,PreOrder__Hamming__2,micro_recall,0.0,0.8844±0.0191
medical,LGBM,BinaryVector,PreOrder__Hamming__None,micro_recall,0.0,0.8950±0.0166
medical,LGBM,BinaryVector,PreOrder__Subset__2,micro_recall,0.0,0.8754±0.0221
medical,LGBM,BinaryVector,PreOrder__Subset__None,micro_recall,0.0,0.8950±0.0166
medical,LGBM,BinaryVector,br,micro_recall,0.0,0.8350±0.0094
medical,LGBM,BinaryVector,cc,micro_recall,0.0,0.8212±0.0192
medical,LGBM,BinaryVector,clr,micro_recall,0.0,0.3703±0.1731
medical,LGBM,BinaryVector,ecc,micro_recall,0.0,0.8373±0.0278
medical,LGBM,BinaryVector,PartialOrder__Hamming__2,micro_recall,0.1,0.9024±0.0157
medical,LGBM,BinaryVector,PartialOrder__Hamming__None,micro_recall,0.1,0.9131±0.0137
medical,LGBM,BinaryVector,PartialOrder__Subset__2,micro_recall,0.1,0.8992±0.0177
medical,LGBM,BinaryVector,PartialOrder__Subset__None,micro_recall,0.1,0.9115±0.0153
medical,LGBM,BinaryVector,PreOrder__Hamming__2,micro_recall,0.1,0.8860±0.0169
medical,LGBM,BinaryVector,PreOrder__Hamming__None,micro_recall,0.1,0.8999±0.0158
medical,LGBM,BinaryVector,PreOrder__Subset__2,micro_recall,0.1,0.8803±0.0157
medical,LGBM,BinaryVector,PreOrder__Subset__None,micro_recall,0.1,0.8975±0.0132
medical,LGBM,BinaryVector,br,micro_recall,0.1,0.8530±0.0206
medical,LGBM,BinaryVector,cc,micro_recall,0.1,0.8285±0.0179
medical,LGBM,BinaryVector,clr,micro_recall,0.1,0.8557±0.0152
medical,LGBM,BinaryVector,ecc,micro_recall,0.1,0.8297±0.0181
medical,LGBM,BinaryVector,PartialOrder__Hamming__2,micro_recall,0.2,0.8720±0.0109
medical,LGBM,BinaryVector,PartialOrder__Hamming__None,micro_recall,0.2,0.8948±0.0102
medical,LGBM,BinaryVector,PartialOrder__Subset__2,micro_recall,0.2,0.8671±0.0114
medical,LGBM,BinaryVector,PartialOrder__Subset__None,micro_recall,0.2,0.8899±0.0126
medical,LGBM,BinaryVector,PreOrder__Hamming__2,micro_recall,0.2,0.8490±0.0169
medical,LGBM,BinaryVector,PreOrder__Hamming__None,micro_recall,0.2,0.8866±0.0231
medical,LGBM,BinaryVector,PreOrder__Subset__2,micro_recall,0.2,0.8351±0.0202
medical,LGBM,BinaryVector,PreOrder__Subset__None,micro_recall,0.2,0.8867±0.0207
medical,LGBM,BinaryVector,br,micro_recall,0.2,0.8025±0.0285
medical,LGBM,BinaryVector,cc,micro_recall,0.2,0.7898±0.0252
medical,LGBM,BinaryVector,clr,micro_recall,0.2,0.8580±0.0132
medical,LGBM,BinaryVector,ecc,micro_recall,0.2,0.8220±0.0278
medical,LGBM,BinaryVector,PartialOrder__Hamming__2,micro_recall,0.3,0.8011±0.0399
medical,LGBM,BinaryVector,PartialOrder__Hamming__None,micro_recall,0.3,0.8616±0.0269
medical,LGBM,BinaryVector,PartialOrder__Subset__2,micro_recall,0.3,0.7994±0.0388
medical,LGBM,BinaryVector,PartialOrder__Subset__None,micro_recall,0.3,0.8616±0.0272
medical,LGBM,BinaryVector,PreOrder__Hamming__2,micro_recall,0.3,0.7683±0.0375
medical,LGBM,BinaryVector,PreOrder__Hamming__None,micro_recall,0.3,0.8689±0.0205
medical,LGBM,BinaryVector,PreOrder__Subset__2,micro_recall,0.3,0.7650±0.0385
medical,LGBM,BinaryVector,PreOrder__Subset__None,micro_recall,0.3,0.8560±0.0282
medical,LGBM,BinaryVector,br,micro_recall,0.3,0.7734±0.0109
medical,LGBM,BinaryVector,cc,micro_recall,0.3,0.7503±0.0159
medical,LGBM,BinaryVector,clr,micro_recall,0.3,0.8262±0.0193
medical,LGBM,BinaryVector,ecc,micro_recall,0.3,0.7834±0.0288
medical,LGBM,BinaryVector,PartialOrder__Hamming__2,subset0_1,0.0,0.2607±0.1728
medical,LGBM,BinaryVector,PartialOrder__Hamming__None,subset0_1,0.0,0.2167±0.1761
medical,LGBM,BinaryVector,PartialOrder__Subset__2,subset0_1,0.0,0.2443±0.2029
medical,LGBM,BinaryVector,PartialOrder__Subset__None,subset0_1,0.0,0.2167±0.1761
medical,LGBM,BinaryVector,PreOrder__Hamming__2,subset0_1,0.0,0.2658±0.1763
medical,LGBM,BinaryVector,PreOrder__Hamming__None,subset0_1,0.0,0.2208±0.1782
medical,LGBM,BinaryVector,PreOrder__Subset__2,subset0_1,0.0,0.2454±0.1996
medical,LGBM,BinaryVector,PreOrder__Subset__None,subset0_1,0.0,0.2208±0.1782
medical,LGBM,BinaryVector,br,subset0_1,0.0,0.1566±0.1537
medical,LGBM,BinaryVector,cc,subset0_1,0.0,0.1389±0.1462
medical,LGBM,BinaryVector,clr,subset0_1,0.0,0.2616±0.1210
medical,LGBM,BinaryVector,ecc,subset0_1,0.0,0.6605±0.0421
medical,LGBM,BinaryVector,PartialOrder__Hamming__2,subset0_1,0.1,0.0940±0.0189
medical,LGBM,BinaryVector,PartialOrder__Hamming__None,subset0_1,0.1,0.0511±0.0201
medical,LGBM,BinaryVector,PartialOrder__Subset__2,subset0_1,0.1,0.0951±0.0192
medical,LGBM,BinaryVector,PartialOrder__Subset__None,subset0_1,0.1,0.0511±0.0201
medical,LGBM,BinaryVector,PreOrder__Hamming__2,subset0_1,0.1,0.1329±0.0003
medical,LGBM,BinaryVector,PreOrder__Hamming__None,subset0_1,0.1,0.0736±0.0153
medical,LGBM,BinaryVector,PreOrder__Subset__2,subset0_1,0.1,0.1800±0.0190
medical,LGBM,BinaryVector,PreOrder__Subset__None,subset0_1,0.1,0.0746±0.0142
medical,LGBM,BinaryVector,br,subset0_1,0.1,0.0051±0.0046
medical,LGBM,BinaryVector,cc,subset0_1,0.1,0.0143±0.0050
medical,LGBM,BinaryVector,clr,subset0_1,0.1,0.0624±0.0087
medical,LGBM,BinaryVector,ecc,subset0_1,0.1,0.1636±0.0267
medical,LGBM,BinaryVector,PartialOrder__Hamming__2,subset0_1,0.2,0.0061±0.0050
medical,LGBM,BinaryVector,PartialOrder__Hamming__None,subset0_1,0.2,0.0031±0.0041
medical,LGBM,BinaryVector,PartialOrder__Subset__2,subset0_1,0.2,0.0051±0.0046
medical,LGBM,BinaryVector,PartialOrder__Subset__None,subset0_1,0.2,0.0031±0.0041
medical,LGBM,BinaryVector,PreOrder__Hamming__2,subset0_1,0.2,0.0286±0.0135
medical,LGBM,BinaryVector,PreOrder__Hamming__None,subset0_1,0.2,0.0112±0.0075
medical,LGBM,BinaryVector,PreOrder__Subset__2,subset0_1,0.2,0.0419±0.0195
medical,LGBM,BinaryVector,PreOrder__Subset__None,subset0_1,0.2,0.0112±0.0075
medical,LGBM,BinaryVector,br,subset0_1,0.2,0.0000±0.0000
medical,LGBM,BinaryVector,cc,subset0_1,0.2,0.0010±0.0020
medical,LGBM,BinaryVector,clr,subset0_1,0.2,0.0061±0.0038
medical,LGBM,BinaryVector,ecc,subset0_1,0.2,0.0031±0.0062
medical,LGBM,BinaryVector,PartialOrder__Hamming__2,subset0_1,0.3,0.0000±0.0000
medical,LGBM,BinaryVector,PartialOrder__Hamming__None,subset0_1,0.3,0.0000±0.0000
medical,LGBM,BinaryVector,PartialOrder__Subset__2,subset0_1,0.3,0.0000±0.0000
medical,LGBM,BinaryVector,PartialOrder__Subset__None,subset0_1,0.3,0.0000±0.0000
medical,LGBM,BinaryVector,PreOrder__Hamming__2,subset0_1,0.3,0.0041±0.0060
medical,LGBM,BinaryVector,PreOrder__Hamming__None,subset0_1,0.3,0.0010±0.0020
medical,LGBM,BinaryVector,PreOrder__Subset__2,subset0_1,0.3,0.0041±0.0060
medical,LGBM,BinaryVector,PreOrder__Subset__None,subset0_1,0.3,0.0010±0.0020
medical,LGBM,BinaryVector,br,subset0_1,0.3,0.0000±0.0000
medical,LGBM,BinaryVector,cc,subset0_1,0.3,0.0000±0.0000
medical,LGBM,BinaryVector,clr,subset0_1,0.3,0.0000±0.0000
medical,LGBM,BinaryVector,ecc,subset0_1,0.3,0.0000±0.0000
medical,LGBM,BinaryVector,PartialOrder__Hamming__2,afrd,0.0,0.2158±0.0122
medical,LGBM,BinaryVector,PartialOrder__Hamming__None,afrd,0.0,0.2151±0.0141
medical,LGBM,BinaryVector,PartialOrder__Subset__2,afrd,0.0,0.2189±0.0132
medical,LGBM,BinaryVector,PartialOrder__Subset__None,afrd,0.0,0.2155±0.0141
medical,LGBM,BinaryVector,PreOrder__Hamming__2,afrd,0.0,0.2175±0.0116
medical,LGBM,BinaryVector,PreOrder__Hamming__None,afrd,0.0,0.2168±0.0124
medical,LGBM,BinaryVector,PreOrder__Subset__2,afrd,0.0,0.2238±0.0081
medical,LGBM,BinaryVector,PreOrder__Subset__None,afrd,0.0,0.2170±0.0124
medical,LGBM,BinaryVector,br,afrd,0.0,0.2661±0.0142
medical,LGBM,BinaryVector,cc,afrd,0.0,0.2790±0.0277
medical,LGBM,BinaryVector,clr,afrd,0.0,0.5109±0.0722
medical,LGBM,BinaryVector,ecc,afrd,0.0,0.2563±0.0355
medical,LGBM,BinaryVector,PartialOrder__Hamming__2,afrd,0.1,0.2444±0.0206
medical,LGBM,BinaryVector,PartialOrder__Hamming__None,afrd,0.1,0.2516±0.0136
medical,LGBM,BinaryVector,PartialOrder__Subset__2,afrd,0.1,0.2462±0.0246
medical,LGBM,BinaryVector,PartialOrder__Subset__None,afrd,0.1,0.2527±0.0148
medical,LGBM,BinaryVector,PreOrder__Hamming__2,afrd,0.1,0.2438±0.0233
medical,LGBM,BinaryVector,PreOrder__Hamming__None,afrd,0.1,0.2496±0.0159
medical,LGBM,BinaryVector,PreOrder__Subset__2,afrd,0.1,0.2412±0.0255
medical,LGBM,BinaryVector,PreOrder__Subset__None,afrd,0.1,0.2516±0.0151
medical,LGBM,BinaryVector,br,afrd,0.1,0.2499±0.0308
medical,LGBM,BinaryVector,cc,afrd,0.1,0.2877±0.0334
medical,LGBM,BinaryVector,clr,afrd,0.1,0.2702±0.0248
medical,LGBM,BinaryVector,ecc,afrd,0.1,0.2933±0.0491
medical,LGBM,BinaryVector,PartialOrder__Hamming__2,afrd,0.2,0.2834±0.0087
medical,LGBM,BinaryVector,PartialOrder__Hamming__None,afrd,0.2,0.3132±0.0112
medical,LGBM,BinaryVector,PartialOrder__Subset__2,afrd,0.2,0.2869±0.0126
medical,LGBM,BinaryVector,PartialOrder__Subset__None,afrd,0.2,0.3146±0.0103
medical,LGBM,BinaryVector,PreOrder__Hamming__2,afrd,0.2,0.2668±0.0159
medical,LGBM,BinaryVector,PreOrder__Hamming__None,afrd,0.2,0.2865±0.0213
medical,LGBM,BinaryVector,PreOrder__Subset__2,afrd,0.2,0.2816±0.0233
medical,LGBM,BinaryVector,PreOrder__Subset__None,afrd,0.2,0.2906±0.0224
medical,LGBM,BinaryVector,br,afrd,0.2,0.3041±0.0130
medical,LGBM,BinaryVector,cc,afrd,0.2,0.2904±0.0192
medical,LGBM,BinaryVector,clr,afrd,0.2,0.2887±0.0166
medical,LGBM,BinaryVector,ecc,afrd,0.2,0.2923±0.0320
medical,LGBM,BinaryVector,PartialOrder__Hamming__2,afrd,0.3,0.3127±0.0200
medical,LGBM,BinaryVector,PartialOrder__Hamming__None,afrd,0.3,0.3561±0.0128
medical,LGBM,BinaryVector,PartialOrder__Subset__2,afrd,0.3,0.3070±0.0186
medical,LGBM,BinaryVector,PartialOrder__Subset__None,afrd,0.3,0.3565±0.0090
medical,LGBM,BinaryVector,PreOrder__Hamming__2,afrd,0.3,0.2967±0.0190
medical,LGBM,BinaryVector,PreOrder__Hamming__None,afrd,0.3,0.3649±0.0198
medical,LGBM,BinaryVector,PreOrder__Subset__2,afrd,0.3,0.2945±0.0192
medical,LGBM,BinaryVector,PreOrder__Subset__None,afrd,0.3,0.3522±0.0177
medical,LGBM,BinaryVector,br,afrd,0.3,0.3277±0.0066
medical,LGBM,BinaryVector,cc,afrd,0.3,0.2984±0.0142
medical,LGBM,BinaryVector,clr,afrd,0.3,0.3164±0.0318
medical,LGBM,BinaryVector,ecc,afrd,0.3,0.3068±0.0293
medical,LGBM,BinaryVector,PartialOrder__Hamming__2,example_precision,0.0,0.5254±0.1210
medical,LGBM,BinaryVector,PartialOrder__Hamming__None,example_precision,0.0,0.4949±0.1322
medical,LGBM,BinaryVector,PartialOrder__Subset__2,example_precision,0.0,0.5145±0.1414
medical,LGBM,BinaryVector,PartialOrder__Subset__None,example_precision,0.0,0.4951±0.1319
medical,LGBM,BinaryVector,PreOrder__Hamming__2,example_precision,0.0,0.5324±0.1248
medical,LGBM,BinaryVector,PreOrder__Hamming__None,example_precision,0.0,0.5004±0.1331
medical,LGBM,BinaryVector,PreOrder__Subset__2,example_precision,0.0,0.5196±0.1439
medical,LGBM,BinaryVector,PreOrder__Subset__None,example_precision,0.0,0.5004±0.1331
medical,LGBM,BinaryVector,br,example_precision,0.0,0.4694±0.1149
medical,LGBM,BinaryVector,cc,example_precision,0.0,0.4556±0.1051
medical,LGBM,BinaryVector,clr,example_precision,0.0,0.3697±0.1618
medical,LGBM,BinaryVector,ecc,example_precision,0.0,0.8025±0.0305
medical,LGBM,BinaryVector,PartialOrder__Hamming__2,example_precision,0.1,0.3169±0.0171
medical,LGBM,BinaryVector,PartialOrder__Hamming__None,example_precision,0.1,0.2430±0.0230
medical,LGBM,BinaryVector,PartialOrder__Subset__2,example_precision,0.1,0.3205±0.0184
medical,LGBM,BinaryVector,PartialOrder__Subset__None,example_precision,0.1,0.2423±0.0228
medical,LGBM,BinaryVector,PreOrder__Hamming__2,example_precision,0.1,0.3754±0.0059
medical,LGBM,BinaryVector,PreOrder__Hamming__None,example_precision,0.1,0.2869±0.0170
medical,LGBM,BinaryVector,PreOrder__Subset__2,example_precision,0.1,0.4160±0.0081
medical,LGBM,BinaryVector,PreOrder__Subset__None,example_precision,0.1,0.2874±0.0169
medical,LGBM,BinaryVector,br,example_precision,0.1,0.1732±0.0116
medical,LGBM,BinaryVector,cc,example_precision,0.1,0.2024±0.0121
medical,LGBM,BinaryVector,clr,example_precision,0.1,0.2808±0.0186
medical,LGBM,BinaryVector,ecc,example_precision,0.1,0.4543±0.0229
medical,LGBM,BinaryVector,PartialOrder__Hamming__2,example_precision,0.2,0.1369±0.0101
medical,LGBM,BinaryVector,PartialOrder__Hamming__None,example_precision,0.2,0.1053±0.0063
medical,LGBM,BinaryVector,PartialOrder__Subset__2,example_precision,0.2,0.1358±0.0085
medical,LGBM,BinaryVector,PartialOrder__Subset__None,example_precision,0.2,0.1046±0.0057
medical,LGBM,BinaryVector,PreOrder__Hamming__2,example_precision,0.2,0.1989±0.0212
medical,LGBM,BinaryVector,PreOrder__Hamming__None,example_precision,0.2,0.1326±0.0109
medical,LGBM,BinaryVector,PreOrder__Subset__2,example_precision,0.2,0.2152±0.0230
medical,LGBM,BinaryVector,PreOrder__Subset__None,example_precision,0.2,0.1324±0.0112
medical,LGBM,BinaryVector,br,example_precision,0.2,0.0895±0.0050
medical,LGBM,BinaryVector,cc,example_precision,0.2,0.1049±0.0072
medical,LGBM,BinaryVector,clr,example_precision,0.2,0.1364±0.0058
medical,LGBM,BinaryVector,ecc,example_precision,0.2,0.1715±0.0106
medical,LGBM,BinaryVector,PartialOrder__Hamming__2,example_precision,0.3,0.0722±0.0035
medical,LGBM,BinaryVector,PartialOrder__Hamming__None,example_precision,0.3,0.0619±0.0017
medical,LGBM,BinaryVector,PartialOrder__Subset__2,example_precision,0.3,0.0723±0.0036
medical,LGBM,BinaryVector,PartialOrder__Subset__None,example_precision,0.3,0.0614±0.0017
medical,LGBM,BinaryVector,PreOrder__Hamming__2,example_precision,0.3,0.0991±0.0089
medical,LGBM,BinaryVector,PreOrder__Hamming__None,example_precision,0.3,0.0665±0.0047
medical,LGBM,BinaryVector,PreOrder__Subset__2,example_precision,0.3,0.1053±0.0097
medical,LGBM,BinaryVector,PreOrder__Subset__None,example_precision,0.3,0.0662±0.0046
medical,LGBM,BinaryVector,br,example_precision,0.3,0.0610±0.0017
medical,LGBM,BinaryVector,cc,example_precision,0.3,0.0645±0.0028
medical,LGBM,BinaryVector,clr,example_precision,0.3,0.0812±0.0019
medical,LGBM,BinaryVector,ecc,example_precision,0.3,0.0822±0.0033
medical,LGBM,BinaryVector,PartialOrder__Hamming__2,example_recall,0.0,0.9048±0.0173
medical,LGBM,BinaryVector,PartialOrder__Hamming__None,example_recall,0.0,0.9133±0.0142
medical,LGBM,BinaryVector,PartialOrder__Subset__2,example_recall,0.0,0.9002±0.0200
medical,LGBM,BinaryVector,PartialOrder__Subset__None,example_recall,0.0,0.9140±0.0146
medical,LGBM,BinaryVector,PreOrder__Hamming__2,example_recall,0.0,0.9015±0.0178
medical,LGBM,BinaryVector,PreOrder__Hamming__None,example_recall,0.0,0.9104±0.0152
medical,LGBM,BinaryVector,PreOrder__Subset__2,example_recall,0.0,0.8949±0.0206
medical,LGBM,BinaryVector,PreOrder__Subset__None,example_recall,0.0,0.9104±0.0152
medical,LGBM,BinaryVector,br,example_recall,0.0,0.8478±0.0085
medical,LGBM,BinaryVector,cc,example_recall,0.0,0.8327±0.0176
medical,LGBM,BinaryVector,clr,example_recall,0.0,0.3825±0.1815
medical,LGBM,BinaryVector,ecc,example_recall,0.0,0.8495±0.0306
medical,LGBM,BinaryVector,PartialOrder__Hamming__2,example_recall,0.1,0.9165±0.0144
medical,LGBM,BinaryVector,PartialOrder__Hamming__None,example_recall,0.1,0.9261±0.0116
medical,LGBM,BinaryVector,PartialOrder__Subset__2,example_recall,0.1,0.9140±0.0160
medical,LGBM,BinaryVector,PartialOrder__Subset__None,example_recall,0.1,0.9250±0.0126
medical,LGBM,BinaryVector,PreOrder__Hamming__2,example_recall,0.1,0.9044±0.0140
medical,LGBM,BinaryVector,PreOrder__Hamming__None,example_recall,0.1,0.9163±0.0140
medical,LGBM,BinaryVector,PreOrder__Subset__2,example_recall,0.1,0.8985±0.0131
medical,LGBM,BinaryVector,PreOrder__Subset__None,example_recall,0.1,0.9143±0.0114
medical,LGBM,BinaryVector,br,example_recall,0.1,0.8642±0.0217
medical,LGBM,BinaryVector,cc,example_recall,0.1,0.8378±0.0143
medical,LGBM,BinaryVector,clr,example_recall,0.1,0.8683±0.0145
medical,LGBM,BinaryVector,ecc,example_recall,0.1,0.8388±0.0197
medical,LGBM,BinaryVector,PartialOrder__Hamming__2,example_recall,0.2,0.8879±0.0112
medical,LGBM,BinaryVector,PartialOrder__Hamming__None,example_recall,0.2,0.9092±0.0158
medical,LGBM,BinaryVector,PartialOrder__Subset__2,example_recall,0.2,0.8826±0.0100
medical,LGBM,BinaryVector,PartialOrder__Subset__None,example_recall,0.2,0.9046±0.0173
medical,LGBM,BinaryVector,PreOrder__Hamming__2,example_recall,0.2,0.8659±0.0183
medical,LGBM,BinaryVector,PreOrder__Hamming__None,example_recall,0.2,0.8996±0.0238
medical,LGBM,BinaryVector,PreOrder__Subset__2,example_recall,0.2,0.8528±0.0188
medical,LGBM,BinaryVector,PreOrder__Subset__None,example_recall,0.2,0.8996±0.0217
medical,LGBM,BinaryVector,br,example_recall,0.2,0.8151±0.0281
medical,LGBM,BinaryVector,cc,example_recall,0.2,0.8009±0.0293
medical,LGBM,BinaryVector,clr,example_recall,0.2,0.8676±0.0166
medical,LGBM,BinaryVector,ecc,example_recall,0.2,0.8333±0.0255
medical,LGBM,BinaryVector,PartialOrder__Hamming__2,example_recall,0.3,0.8109±0.0384
medical,LGBM,BinaryVector,PartialOrder__Hamming__None,example_recall,0.3,0.8665±0.0295
medical,LGBM,BinaryVector,PartialOrder__Subset__2,example_recall,0.3,0.8078±0.0397
medical,LGBM,BinaryVector,PartialOrder__Subset__None,example_recall,0.3,0.8666±0.0311
medical,LGBM,BinaryVector,PreOrder__Hamming__2,example_recall,0.3,0.7761±0.0347
medical,LGBM,BinaryVector,PreOrder__Hamming__None,example_recall,0.3,0.8746±0.0213
medical,LGBM,BinaryVector,PreOrder__Subset__2,example_recall,0.3,0.7746±0.0398
medical,LGBM,BinaryVector,PreOrder__Subset__None,example_recall,0.3,0.8623±0.0320
medical,LGBM,BinaryVector,br,example_recall,0.3,0.7839±0.0096
medical,LGBM,BinaryVector,cc,example_recall,0.3,0.7556±0.0231
medical,LGBM,BinaryVector,clr,example_recall,0.3,0.8390±0.0165
medical,LGBM,BinaryVector,ecc,example_recall,0.3,0.8019±0.0224
medical,LGBM,BinaryVector,PartialOrder__Hamming__2,f1,0.0,0.6080±0.0860
medical,LGBM,BinaryVector,PartialOrder__Hamming__None,f1,0.0,0.5866±0.0974
medical,LGBM,BinaryVector,PartialOrder__Subset__2,f1,0.0,0.5974±0.1013
medical,LGBM,BinaryVector,PartialOrder__Subset__None,f1,0.0,0.5868±0.0968
medical,LGBM,BinaryVector,PreOrder__Hamming__2,f1,0.0,0.6117±0.0878
medical,LGBM,BinaryVector,PreOrder__Hamming__None,f1,0.0,0.5903±0.0964
medical,LGBM,BinaryVector,PreOrder__Subset__2,f1,0.0,0.5989±0.1009
medical,LGBM,BinaryVector,PreOrder__Subset__None,f1,0.0,0.5903±0.0964
medical,LGBM,BinaryVector,br,f1,0.0,0.5709±0.0862
medical,LGBM,BinaryVector,cc,f1,0.0,0.5584±0.0730
medical,LGBM,BinaryVector,clr,f1,0.0,0.3638±0.1651
medical,LGBM,BinaryVector,ecc,f1,0.0,0.8089±0.0306
medical,LGBM,BinaryVector,PartialOrder__Hamming__2,f1,0.1,0.4162±0.0141
medical,LGBM,BinaryVector,PartialOrder__Hamming__None,f1,0.1,0.3413±0.0190
medical,LGBM,BinaryVector,PartialOrder__Subset__2,f1,0.1,0.4194±0.0151
medical,LGBM,BinaryVector,PartialOrder__Subset__None,f1,0.1,0.3404±0.0191
medical,LGBM,BinaryVector,PreOrder__Hamming__2,f1,0.1,0.4719±0.0055
medical,LGBM,BinaryVector,PreOrder__Hamming__None,f1,0.1,0.3862±0.0137
medical,LGBM,BinaryVector,PreOrder__Subset__2,f1,0.1,0.5046±0.0083
medical,LGBM,BinaryVector,PreOrder__Subset__None,f1,0.1,0.3863±0.0137
medical,LGBM,BinaryVector,br,f1,0.1,0.2732±0.0154
medical,LGBM,BinaryVector,cc,f1,0.1,0.3076±0.0150
medical,LGBM,BinaryVector,clr,f1,0.1,0.3767±0.0152
medical,LGBM,BinaryVector,ecc,f1,0.1,0.5496±0.0211
medical,LGBM,BinaryVector,PartialOrder__Hamming__2,f1,0.2,0.2222±0.0121
medical,LGBM,BinaryVector,PartialOrder__Hamming__None,f1,0.2,0.1790±0.0073
medical,LGBM,BinaryVector,PartialOrder__Subset__2,f1,0.2,0.2211±0.0103
medical,LGBM,BinaryVector,PartialOrder__Subset__None,f1,0.2,0.1778±0.0066
medical,LGBM,BinaryVector,PreOrder__Hamming__2,f1,0.2,0.2927±0.0222
medical,LGBM,BinaryVector,PreOrder__Hamming__None,f1,0.2,0.2132±0.0119
medical,LGBM,BinaryVector,PreOrder__Subset__2,f1,0.2,0.3080±0.0225
medical,LGBM,BinaryVector,PreOrder__Subset__None,f1,0.2,0.2131±0.0123
medical,LGBM,BinaryVector,br,f1,0.2,0.1568±0.0081
medical,LGBM,BinaryVector,cc,f1,0.2,0.1798±0.0101
medical,LGBM,BinaryVector,clr,f1,0.2,0.2221±0.0072
medical,LGBM,BinaryVector,ecc,f1,0.2,0.2725±0.0137
medical,LGBM,BinaryVector,PartialOrder__Hamming__2,f1,0.3,0.1306±0.0061
medical,LGBM,BinaryVector,PartialOrder__Hamming__None,f1,0.3,0.1142±0.0029
medical,LGBM,BinaryVector,PartialOrder__Subset__2,f1,0.3,0.1306±0.0063
medical,LGBM,BinaryVector,PartialOrder__Subset__None,f1,0.3,0.1133±0.0030
medical,LGBM,BinaryVector,PreOrder__Hamming__2,f1,0.3,0.1690±0.0101
medical,LGBM,BinaryVector,PreOrder__Hamming__None,f1,0.3,0.1206±0.0063
medical,LGBM,BinaryVector,PreOrder__Subset__2,f1,0.3,0.1778±0.0115
medical,LGBM,BinaryVector,PreOrder__Subset__None,f1,0.3,0.1200±0.0062
medical,LGBM,BinaryVector,br,f1,0.3,0.1116±0.0028
medical,LGBM,BinaryVector,cc,f1,0.3,0.1172±0.0048
medical,LGBM,BinaryVector,clr,f1,0.3,0.1450±0.0029
medical,LGBM,BinaryVector,ecc,f1,0.3,0.1466±0.0057
medical,LGBM,BinaryVector,PartialOrder__Hamming__2,hamming_accuracy,0.0,0.8985±0.0089
medical,LGBM,BinaryVector,PartialOrder__Hamming__None,hamming_accuracy,0.0,0.8947±0.0115
medical,LGBM,BinaryVector,PartialOrder__Subset__2,hamming_accuracy,0.0,0.8968±0.0113
medical,LGBM,BinaryVector,PartialOrder__Subset__None,hamming_accuracy,0.0,0.8945±0.0113
medical,LGBM,BinaryVector,PreOrder__Hamming__2,hamming_accuracy,0.0,0.8984±0.0088
medical,LGBM,BinaryVector,PreOrder__Hamming__None,hamming_accuracy,0.0,0.8948±0.0112
medical,LGBM,BinaryVector,PreOrder__Subset__2,hamming_accuracy,0.0,0.8963±0.0109
medical,LGBM,BinaryVector,PreOrder__Subset__None,hamming_accuracy,0.0,0.8945±0.0110
medical,LGBM,BinaryVector,br,hamming_accuracy,0.0,0.9612±0.0128
medical,LGBM,BinaryVector,cc,hamming_accuracy,0.0,0.9606±0.0093
medical,LGBM,BinaryVector,clr,hamming_accuracy,0.0,0.9788±0.0030
medical,LGBM,BinaryVector,ecc,hamming_accuracy,0.0,0.9894±0.0014
medical,LGBM,BinaryVector,PartialOrder__Hamming__2,hamming_accuracy,0.1,0.8499±0.0051
medical,LGBM,BinaryVector,PartialOrder__Hamming__None,hamming_accuracy,0.1,0.8202±0.0071
medical,LGBM,BinaryVector,PartialOrder__Subset__2,hamming_accuracy,0.1,0.8508±0.0053
medical,LGBM,BinaryVector,PartialOrder__Subset__None,hamming_accuracy,0.1,0.8193±0.0072
medical,LGBM,BinaryVector,PreOrder__Hamming__2,hamming_accuracy,0.1,0.8750±0.0037
medical,LGBM,BinaryVector,PreOrder__Hamming__None,hamming_accuracy,0.1,0.8447±0.0054
medical,LGBM,BinaryVector,PreOrder__Subset__2,hamming_accuracy,0.1,0.8809±0.0036
medical,LGBM,BinaryVector,PreOrder__Subset__None,hamming_accuracy,0.1,0.8444±0.0058
medical,LGBM,BinaryVector,br,hamming_accuracy,0.1,0.8518±0.0094
medical,LGBM,BinaryVector,cc,hamming_accuracy,0.1,0.8833±0.0076
medical,LGBM,BinaryVector,clr,hamming_accuracy,0.1,0.8905±0.0066
medical,LGBM,BinaryVector,ecc,hamming_accuracy,0.1,0.9573±0.0038
medical,LGBM,BinaryVector,PartialOrder__Hamming__2,hamming_accuracy,0.2,0.7827±0.0119
medical,LGBM,BinaryVector,PartialOrder__Hamming__None,hamming_accuracy,0.2,0.7269±0.0115
medical,LGBM,BinaryVector,PartialOrder__Subset__2,hamming_accuracy,0.2,0.7836±0.0114
medical,LGBM,BinaryVector,PartialOrder__Subset__None,hamming_accuracy,0.2,0.7252±0.0108
medical,LGBM,BinaryVector,PreOrder__Hamming__2,hamming_accuracy,0.2,0.8361±0.0122
medical,LGBM,BinaryVector,PreOrder__Hamming__None,hamming_accuracy,0.2,0.7613±0.0141
medical,LGBM,BinaryVector,PreOrder__Subset__2,hamming_accuracy,0.2,0.8442±0.0112
medical,LGBM,BinaryVector,PreOrder__Subset__None,hamming_accuracy,0.2,0.7620±0.0137
medical,LGBM,BinaryVector,br,hamming_accuracy,0.2,0.7398±0.0107
medical,LGBM,BinaryVector,cc,hamming_accuracy,0.2,0.7863±0.0029
medical,LGBM,BinaryVector,clr,hamming_accuracy,0.2,0.8032±0.0064
medical,LGBM,BinaryVector,ecc,hamming_accuracy,0.2,0.8669±0.0063
medical,LGBM,BinaryVector,PartialOrder__Hamming__2,hamming_accuracy,0.3,0.6866±0.0095
medical,LGBM,BinaryVector,PartialOrder__Hamming__None,hamming_accuracy,0.3,0.6140±0.0065
medical,LGBM,BinaryVector,PartialOrder__Subset__2,hamming_accuracy,0.3,0.6881±0.0096
medical,LGBM,BinaryVector,PartialOrder__Subset__None,hamming_accuracy,0.3,0.6103±0.0061
medical,LGBM,BinaryVector,PreOrder__Hamming__2,hamming_accuracy,0.3,0.7629±0.0055
medical,LGBM,BinaryVector,PreOrder__Hamming__None,hamming_accuracy,0.3,0.6071±0.0135
medical,LGBM,BinaryVector,PreOrder__Subset__2,hamming_accuracy,0.3,0.7765±0.0058
medical,LGBM,BinaryVector,PreOrder__Subset__None,hamming_accuracy,0.3,0.6128±0.0100
medical,LGBM,BinaryVector,br,hamming_accuracy,0.3,0.6496±0.0063
medical,LGBM,BinaryVector,cc,hamming_accuracy,0.3,0.6826±0.0045
medical,LGBM,BinaryVector,clr,hamming_accuracy,0.3,0.7150±0.0079
medical,LGBM,BinaryVector,ecc,hamming_accuracy,0.3,0.7396±0.0068
medical,LGBM,BinaryVector,PartialOrder__Hamming__2,jaccard,0.0,0.5107±0.1144
medical,LGBM,BinaryVector,PartialOrder__Hamming__None,jaccard,0.0,0.4820±0.1255
medical,LGBM,BinaryVector,PartialOrder__Subset__2,jaccard,0.0,0.4982±0.1340
medical,LGBM,BinaryVector,PartialOrder__Subset__None,jaccard,0.0,0.4822±0.1250
medical,LGBM,BinaryVector,PreOrder__Hamming__2,jaccard,0.0,0.5150±0.1169
medical,LGBM,BinaryVector,PreOrder__Hamming__None,jaccard,0.0,0.4862±0.1251
medical,LGBM,BinaryVector,PreOrder__Subset__2,jaccard,0.0,0.5000±0.1335
medical,LGBM,BinaryVector,PreOrder__Subset__None,jaccard,0.0,0.4862±0.1251
medical,LGBM,BinaryVector,br,jaccard,0.0,0.4549±0.1104
medical,LGBM,BinaryVector,cc,jaccard,0.0,0.4417±0.0966
medical,LGBM,BinaryVector,clr,jaccard,0.0,0.3378±0.1534
medical,LGBM,BinaryVector,ecc,jaccard,0.0,0.7722±0.0326
medical,LGBM,BinaryVector,PartialOrder__Hamming__2,jaccard,0.1,0.3107±0.0154
medical,LGBM,BinaryVector,PartialOrder__Hamming__None,jaccard,0.1,0.2387±0.0203
medical,LGBM,BinaryVector,PartialOrder__Subset__2,jaccard,0.1,0.3141±0.0166
medical,LGBM,BinaryVector,PartialOrder__Subset__None,jaccard,0.1,0.2381±0.0204
medical,LGBM,BinaryVector,PreOrder__Hamming__2,jaccard,0.1,0.3654±0.0044
medical,LGBM,BinaryVector,PreOrder__Hamming__None,jaccard,0.1,0.2802±0.0145
medical,LGBM,BinaryVector,PreOrder__Subset__2,jaccard,0.1,0.4048±0.0105
medical,LGBM,BinaryVector,PreOrder__Subset__None,jaccard,0.1,0.2806±0.0141
medical,LGBM,BinaryVector,br,jaccard,0.1,0.1701±0.0108
medical,LGBM,BinaryVector,cc,jaccard,0.1,0.1980±0.0103
medical,LGBM,BinaryVector,clr,jaccard,0.1,0.2697±0.0148
medical,LGBM,BinaryVector,ecc,jaccard,0.1,0.4383±0.0220
medical,LGBM,BinaryVector,PartialOrder__Hamming__2,jaccard,0.2,0.1347±0.0098
medical,LGBM,BinaryVector,PartialOrder__Hamming__None,jaccard,0.2,0.1036±0.0053
medical,LGBM,BinaryVector,PartialOrder__Subset__2,jaccard,0.2,0.1336±0.0082
medical,LGBM,BinaryVector,PartialOrder__Subset__None,jaccard,0.2,0.1030±0.0048
medical,LGBM,BinaryVector,PreOrder__Hamming__2,jaccard,0.2,0.1953±0.0207
medical,LGBM,BinaryVector,PreOrder__Hamming__None,jaccard,0.2,0.1306±0.0104
medical,LGBM,BinaryVector,PreOrder__Subset__2,jaccard,0.2,0.2109±0.0230
medical,LGBM,BinaryVector,PreOrder__Subset__None,jaccard,0.2,0.1304±0.0107
medical,LGBM,BinaryVector,br,jaccard,0.2,0.0883±0.0048
medical,LGBM,BinaryVector,cc,jaccard,0.2,0.1037±0.0070
medical,LGBM,BinaryVector,clr,jaccard,0.2,0.1347±0.0055
medical,LGBM,BinaryVector,ecc,jaccard,0.2,0.1685±0.0109
medical,LGBM,BinaryVector,PartialOrder__Hamming__2,jaccard,0.3,0.0717±0.0036
medical,LGBM,BinaryVector,PartialOrder__Hamming__None,jaccard,0.3,0.0617±0.0017
medical,LGBM,BinaryVector,PartialOrder__Subset__2,jaccard,0.3,0.0718±0.0036
medical,LGBM,BinaryVector,PartialOrder__Subset__None,jaccard,0.3,0.0612±0.0017
medical,LGBM,BinaryVector,PreOrder__Hamming__2,jaccard,0.3,0.0982±0.0089
medical,LGBM,BinaryVector,PreOrder__Hamming__None,jaccard,0.3,0.0662±0.0047
medical,LGBM,BinaryVector,PreOrder__Subset__2,jaccard,0.3,0.1043±0.0096
medical,LGBM,BinaryVector,PreOrder__Subset__None,jaccard,0.3,0.0659±0.0046
medical,LGBM,BinaryVector,br,jaccard,0.3,0.0605±0.0017
medical,LGBM,BinaryVector,cc,jaccard,0.3,0.0640±0.0028
medical,LGBM,BinaryVector,clr,jaccard,0.3,0.0806±0.0020
medical,LGBM,BinaryVector,ecc,jaccard,0.3,0.0813±0.0032
medical,LGBM,BinaryVector,PartialOrder__Hamming__2,macro_f1,0.0,0.2023±0.0091
medical,LGBM,BinaryVector,PartialOrder__Hamming__None,macro_f1,0.0,0.2028±0.0085
medical,LGBM,BinaryVector,PartialOrder__Subset__2,macro_f1,0.0,0.2019±0.0094
medical,LGBM,BinaryVector,PartialOrder__Subset__None,macro_f1,0.0,0.2029±0.0087
medical,LGBM,BinaryVector,PreOrder__Hamming__2,macro_f1,0.0,0.2023±0.0087
medical,LGBM,BinaryVector,PreOrder__Hamming__None,macro_f1,0.0,0.2030±0.0090
medical,LGBM,BinaryVector,PreOrder__Subset__2,macro_f1,0.0,0.2007±0.0103
medical,LGBM,BinaryVector,PreOrder__Subset__None,macro_f1,0.0,0.2029±0.0091
medical,LGBM,BinaryVector,br,macro_f1,0.0,0.3688±0.0282
medical,LGBM,BinaryVector,cc,macro_f1,0.0,0.3565±0.0292
medical,LGBM,BinaryVector,clr,macro_f1,0.0,0.1543±0.0504
medical,LGBM,BinaryVector,ecc,macro_f1,0.0,0.3755±0.0371
medical,LGBM,BinaryVector,PartialOrder__Hamming__2,macro_f1,0.1,0.1565±0.0081
medical,LGBM,BinaryVector,PartialOrder__Hamming__None,macro_f1,0.1,0.1439±0.0068
medical,LGBM,BinaryVector,PartialOrder__Subset__2,macro_f1,0.1,0.1564±0.0086
medical,LGBM,BinaryVector,PartialOrder__Subset__None,macro_f1,0.1,0.1432±0.0074
medical,LGBM,BinaryVector,PreOrder__Hamming__2,macro_f1,0.1,0.1698±0.0079
medical,LGBM,BinaryVector,PreOrder__Hamming__None,macro_f1,0.1,0.1541±0.0076
medical,LGBM,BinaryVector,PreOrder__Subset__2,macro_f1,0.1,0.1728±0.0085
medical,LGBM,BinaryVector,PreOrder__Subset__None,macro_f1,0.1,0.1535±0.0077
medical,LGBM,BinaryVector,br,macro_f1,0.1,0.1715±0.0056
medical,LGBM,BinaryVector,cc,macro_f1,0.1,0.1777±0.0145
medical,LGBM,BinaryVector,clr,macro_f1,0.1,0.1838±0.0062
medical,LGBM,BinaryVector,ecc,macro_f1,0.1,0.2445±0.0155
medical,LGBM,BinaryVector,PartialOrder__Hamming__2,macro_f1,0.2,0.1227±0.0059
medical,LGBM,BinaryVector,PartialOrder__Hamming__None,macro_f1,0.2,0.1097±0.0037
medical,LGBM,BinaryVector,PartialOrder__Subset__2,macro_f1,0.2,0.1218±0.0052
medical,LGBM,BinaryVector,PartialOrder__Subset__None,macro_f1,0.2,0.1084±0.0035
medical,LGBM,BinaryVector,PreOrder__Hamming__2,macro_f1,0.2,0.1415±0.0095
medical,LGBM,BinaryVector,PreOrder__Hamming__None,macro_f1,0.2,0.1186±0.0071
medical,LGBM,BinaryVector,PreOrder__Subset__2,macro_f1,0.2,0.1423±0.0099
medical,LGBM,BinaryVector,PreOrder__Subset__None,macro_f1,0.2,0.1186±0.0073
medical,LGBM,BinaryVector,br,macro_f1,0.2,0.1166±0.0052
medical,LGBM,BinaryVector,cc,macro_f1,0.2,0.1281±0.0040
medical,LGBM,BinaryVector,clr,macro_f1,0.2,0.1376±0.0051
medical,LGBM,BinaryVector,ecc,macro_f1,0.2,0.1603±0.0106
medical,LGBM,BinaryVector,PartialOrder__Hamming__2,macro_f1,0.3,0.0914±0.0030
medical,LGBM,BinaryVector,PartialOrder__Hamming__None,macro_f1,0.3,0.0849±0.0016
medical,LGBM,BinaryVector,PartialOrder__Subset__2,macro_f1,0.3,0.0918±0.0025
medical,LGBM,BinaryVector,PartialOrder__Subset__None,macro_f1,0.3,0.0845±0.0017
medical,LGBM,BinaryVector,PreOrder__Hamming__2,macro_f1,0.3,0.1045±0.0028
medical,LGBM,BinaryVector,PreOrder__Hamming__None,macro_f1,0.3,0.0846±0.0020
medical,LGBM,BinaryVector,PreOrder__Subset__2,macro_f1,0.3,0.1074±0.0029
medical,LGBM,BinaryVector,PreOrder__Subset__None,macro_f1,0.3,0.0842±0.0020
medical,LGBM,BinaryVector,br,macro_f1,0.3,0.0906±0.0043
medical,LGBM,BinaryVector,cc,macro_f1,0.3,0.0942±0.0036
medical,LGBM,BinaryVector,clr,macro_f1,0.3,0.1051±0.0038
medical,LGBM,BinaryVector,ecc,macro_f1,0.3,0.1067±0.0057
medical,LGBM,BinaryVector,PartialOrder__Hamming__2,macro_precision,0.0,0.1416±0.0064
medical,LGBM,BinaryVector,PartialOrder__Hamming__None,macro_precision,0.0,0.1412±0.0061
medical,LGBM,BinaryVector,PartialOrder__Subset__2,macro_precision,0.0,0.1419±0.0065
medical,LGBM,BinaryVector,PartialOrder__Subset__None,macro_precision,0.0,0.1412±0.0062
medical,LGBM,BinaryVector,PreOrder__Hamming__2,macro_precision,0.0,0.1423±0.0060
medical,LGBM,BinaryVector,PreOrder__Hamming__None,macro_precision,0.0,0.1420±0.0063
medical,LGBM,BinaryVector,PreOrder__Subset__2,macro_precision,0.0,0.1416±0.0069
medical,LGBM,BinaryVector,PreOrder__Subset__None,macro_precision,0.0,0.1419±0.0064
medical,LGBM,BinaryVector,br,macro_precision,0.0,0.3619±0.0319
medical,LGBM,BinaryVector,cc,macro_precision,0.0,0.3551±0.0264
medical,LGBM,BinaryVector,clr,macro_precision,0.0,0.2076±0.0407
medical,LGBM,BinaryVector,ecc,macro_precision,0.0,0.3742±0.0303
medical,LGBM,BinaryVector,PartialOrder__Hamming__2,macro_precision,0.1,0.1041±0.0057
medical,LGBM,BinaryVector,PartialOrder__Hamming__None,macro_precision,0.1,0.0937±0.0049
medical,LGBM,BinaryVector,PartialOrder__Subset__2,macro_precision,0.1,0.1043±0.0060
medical,LGBM,BinaryVector,PartialOrder__Subset__None,macro_precision,0.1,0.0933±0.0054
medical,LGBM,BinaryVector,PreOrder__Hamming__2,macro_precision,0.1,0.1158±0.0057
medical,LGBM,BinaryVector,PreOrder__Hamming__None,macro_precision,0.1,0.1021±0.0056
medical,LGBM,BinaryVector,PreOrder__Subset__2,macro_precision,0.1,0.1186±0.0062
medical,LGBM,BinaryVector,PreOrder__Subset__None,macro_precision,0.1,0.1018±0.0058
medical,LGBM,BinaryVector,br,macro_precision,0.1,0.1249±0.0059
medical,LGBM,BinaryVector,cc,macro_precision,0.1,0.1313±0.0108
medical,LGBM,BinaryVector,clr,macro_precision,0.1,0.1345±0.0055
medical,LGBM,BinaryVector,ecc,macro_precision,0.1,0.1999±0.0136
medical,LGBM,BinaryVector,PartialOrder__Hamming__2,macro_precision,0.2,0.0783±0.0040
medical,LGBM,BinaryVector,PartialOrder__Hamming__None,macro_precision,0.2,0.0682±0.0026
medical,LGBM,BinaryVector,PartialOrder__Subset__2,macro_precision,0.2,0.0778±0.0035
medical,LGBM,BinaryVector,PartialOrder__Subset__None,macro_precision,0.2,0.0673±0.0025
medical,LGBM,BinaryVector,PreOrder__Hamming__2,macro_precision,0.2,0.0937±0.0068
medical,LGBM,BinaryVector,PreOrder__Hamming__None,macro_precision,0.2,0.0748±0.0049
medical,LGBM,BinaryVector,PreOrder__Subset__2,macro_precision,0.2,0.0950±0.0069
medical,LGBM,BinaryVector,PreOrder__Subset__None,macro_precision,0.2,0.0748±0.0050
medical,LGBM,BinaryVector,br,macro_precision,0.2,0.0797±0.0037
medical,LGBM,BinaryVector,cc,macro_precision,0.2,0.0882±0.0025
medical,LGBM,BinaryVector,clr,macro_precision,0.2,0.0941±0.0046
medical,LGBM,BinaryVector,ecc,macro_precision,0.2,0.1149±0.0079
medical,LGBM,BinaryVector,PartialOrder__Hamming__2,macro_precision,0.3,0.0565±0.0019
medical,LGBM,BinaryVector,PartialOrder__Hamming__None,macro_precision,0.3,0.0511±0.0008
medical,LGBM,BinaryVector,PartialOrder__Subset__2,macro_precision,0.3,0.0567±0.0016
medical,LGBM,BinaryVector,PartialOrder__Subset__None,macro_precision,0.3,0.0508±0.0010
medical,LGBM,BinaryVector,PreOrder__Hamming__2,macro_precision,0.3,0.0670±0.0018
medical,LGBM,BinaryVector,PreOrder__Hamming__None,macro_precision,0.3,0.0509±0.0015
medical,LGBM,BinaryVector,PreOrder__Subset__2,macro_precision,0.3,0.0694±0.0017
medical,LGBM,BinaryVector,PreOrder__Subset__None,macro_precision,0.3,0.0508±0.0015
medical,LGBM,BinaryVector,br,macro_precision,0.3,0.0586±0.0034
medical,LGBM,BinaryVector,cc,macro_precision,0.3,0.0619±0.0024
medical,LGBM,BinaryVector,clr,macro_precision,0.3,0.0681±0.0026
medical,LGBM,BinaryVector,ecc,macro_precision,0.3,0.0707±0.0039
medical,LGBM,BinaryVector,PartialOrder__Hamming__2,macro_recall,0.0,0.4887±0.0512
medical,LGBM,BinaryVector,PartialOrder__Hamming__None,macro_recall,0.0,0.4977±0.0514
medical,LGBM,BinaryVector,PartialOrder__Subset__2,macro_recall,0.0,0.4857±0.0522
medical,LGBM,BinaryVector,PartialOrder__Subset__None,macro_recall,0.0,0.4979±0.0514
medical,LGBM,BinaryVector,PreOrder__Hamming__2,macro_recall,0.0,0.4866±0.0512
medical,LGBM,BinaryVector,PreOrder__Hamming__None,macro_recall,0.0,0.4938±0.0498
medical,LGBM,BinaryVector,PreOrder__Subset__2,macro_recall,0.0,0.4793±0.0509
medical,LGBM,BinaryVector,PreOrder__Subset__None,macro_recall,0.0,0.4938±0.0498
medical,LGBM,BinaryVector,br,macro_recall,0.0,0.4089±0.0377
medical,LGBM,BinaryVector,cc,macro_recall,0.0,0.3993±0.0299
medical,LGBM,BinaryVector,clr,macro_recall,0.0,0.1429±0.0574
medical,LGBM,BinaryVector,ecc,macro_recall,0.0,0.4004±0.0485
medical,LGBM,BinaryVector,PartialOrder__Hamming__2,macro_recall,0.1,0.4808±0.0463
medical,LGBM,BinaryVector,PartialOrder__Hamming__None,macro_recall,0.1,0.4956±0.0450
medical,LGBM,BinaryVector,PartialOrder__Subset__2,macro_recall,0.1,0.4758±0.0515
medical,LGBM,BinaryVector,PartialOrder__Subset__None,macro_recall,0.1,0.4911±0.0493
medical,LGBM,BinaryVector,PreOrder__Hamming__2,macro_recall,0.1,0.4608±0.0566
medical,LGBM,BinaryVector,PreOrder__Hamming__None,macro_recall,0.1,0.4720±0.0524
medical,LGBM,BinaryVector,PreOrder__Subset__2,macro_recall,0.1,0.4583±0.0573
medical,LGBM,BinaryVector,PreOrder__Subset__None,macro_recall,0.1,0.4702±0.0516
medical,LGBM,BinaryVector,br,macro_recall,0.1,0.4539±0.0276
medical,LGBM,BinaryVector,cc,macro_recall,0.1,0.3878±0.0315
medical,LGBM,BinaryVector,clr,macro_recall,0.1,0.4083±0.0407
medical,LGBM,BinaryVector,ecc,macro_recall,0.1,0.3627±0.0341
medical,LGBM,BinaryVector,PartialOrder__Hamming__2,macro_recall,0.2,0.4550±0.0306
medical,LGBM,BinaryVector,PartialOrder__Hamming__None,macro_recall,0.2,0.4829±0.0260
medical,LGBM,BinaryVector,PartialOrder__Subset__2,macro_recall,0.2,0.4461±0.0274
medical,LGBM,BinaryVector,PartialOrder__Subset__None,macro_recall,0.2,0.4802±0.0290
medical,LGBM,BinaryVector,PreOrder__Hamming__2,macro_recall,0.2,0.4329±0.0239
medical,LGBM,BinaryVector,PreOrder__Hamming__None,macro_recall,0.2,0.4793±0.0250
medical,LGBM,BinaryVector,PreOrder__Subset__2,macro_recall,0.2,0.4099±0.0265
medical,LGBM,BinaryVector,PreOrder__Subset__None,macro_recall,0.2,0.4747±0.0328
medical,LGBM,BinaryVector,br,macro_recall,0.2,0.4143±0.0435
medical,LGBM,BinaryVector,cc,macro_recall,0.2,0.3927±0.0536
medical,LGBM,BinaryVector,clr,macro_recall,0.2,0.4106±0.0382
medical,LGBM,BinaryVector,ecc,macro_recall,0.2,0.3839±0.0494
medical,LGBM,BinaryVector,PartialOrder__Hamming__2,macro_recall,0.3,0.4219±0.0268
medical,LGBM,BinaryVector,PartialOrder__Hamming__None,macro_recall,0.3,0.4766±0.0310
medical,LGBM,BinaryVector,PartialOrder__Subset__2,macro_recall,0.3,0.4280±0.0284
medical,LGBM,BinaryVector,PartialOrder__Subset__None,macro_recall,0.3,0.4733±0.0443
medical,LGBM,BinaryVector,PreOrder__Hamming__2,macro_recall,0.3,0.3779±0.0268
medical,LGBM,BinaryVector,PreOrder__Hamming__None,macro_recall,0.3,0.4776±0.0501
medical,LGBM,BinaryVector,PreOrder__Subset__2,macro_recall,0.3,0.3747±0.0287
medical,LGBM,BinaryVector,PreOrder__Subset__None,macro_recall,0.3,0.4627±0.0538
medical,LGBM,BinaryVector,br,macro_recall,0.3,0.4098±0.0221
medical,LGBM,BinaryVector,cc,macro_recall,0.3,0.3957±0.0428
medical,LGBM,BinaryVector,clr,macro_recall,0.3,0.4055±0.0427
medical,LGBM,BinaryVector,ecc,macro_recall,0.3,0.3826±0.0141
medical,LGBM,BinaryVector,PartialOrder__Hamming__2,mfrd,0.0,0.9733±0.0266
medical,LGBM,BinaryVector,PartialOrder__Hamming__None,mfrd,0.0,0.9733±0.0266
medical,LGBM,BinaryVector,PartialOrder__Subset__2,mfrd,0.0,0.9733±0.0266
medical,LGBM,BinaryVector,PartialOrder__Subset__None,mfrd,0.0,0.9733±0.0266
medical,LGBM,BinaryVector,PreOrder__Hamming__2,mfrd,0.0,0.9733±0.0266
medical,LGBM,BinaryVector,PreOrder__Hamming__None,mfrd,0.0,0.9733±0.0266
medical,LGBM,BinaryVector,PreOrder__Subset__2,mfrd,0.0,0.9733±0.0266
medical,LGBM,BinaryVector,PreOrder__Subset__None,mfrd,0.0,0.9733±0.0266
medical,LGBM,BinaryVector,br,mfrd,0.0,1.0000±0.0000
medical,LGBM,BinaryVector,cc,mfrd,0.0,1.0000±0.0000
medical,LGBM,BinaryVector,clr,mfrd,0.0,1.0000±0.0000
medical,LGBM,BinaryVector,ecc,mfrd,0.0,1.0000±0.0000
medical,LGBM,BinaryVector,PartialOrder__Hamming__2,mfrd,0.1,0.8899±0.0134
medical,LGBM,BinaryVector,PartialOrder__Hamming__None,mfrd,0.1,0.8663±0.0107
medical,LGBM,BinaryVector,PartialOrder__Subset__2,mfrd,0.1,0.8920±0.0140
medical,LGBM,BinaryVector,PartialOrder__Subset__None,mfrd,0.1,0.8652±0.0099
medical,LGBM,BinaryVector,PreOrder__Hamming__2,mfrd,0.1,0.9136±0.0139
medical,LGBM,BinaryVector,PreOrder__Hamming__None,mfrd,0.1,0.8878±0.0166
medical,LGBM,BinaryVector,PreOrder__Subset__2,mfrd,0.1,0.9156±0.0124
medical,LGBM,BinaryVector,PreOrder__Subset__None,mfrd,0.1,0.8899±0.0157
medical,LGBM,BinaryVector,br,mfrd,0.1,0.8836±0.0223
medical,LGBM,BinaryVector,cc,mfrd,0.1,0.9379±0.0173
medical,LGBM,BinaryVector,clr,mfrd,0.1,0.9279±0.0096
medical,LGBM,BinaryVector,ecc,mfrd,0.1,0.9948±0.0057
medical,LGBM,BinaryVector,PartialOrder__Hamming__2,mfrd,0.2,0.8497±0.0250
medical,LGBM,BinaryVector,PartialOrder__Hamming__None,mfrd,0.2,0.8005±0.0274
medical,LGBM,BinaryVector,PartialOrder__Subset__2,mfrd,0.2,0.8476±0.0216
medical,LGBM,BinaryVector,PartialOrder__Subset__None,mfrd,0.2,0.7963±0.0238
medical,LGBM,BinaryVector,PreOrder__Hamming__2,mfrd,0.2,0.8868±0.0134
medical,LGBM,BinaryVector,PreOrder__Hamming__None,mfrd,0.2,0.8272±0.0181
medical,LGBM,BinaryVector,PreOrder__Subset__2,mfrd,0.2,0.8930±0.0150
medical,LGBM,BinaryVector,PreOrder__Subset__None,mfrd,0.2,0.8282±0.0158
medical,LGBM,BinaryVector,br,mfrd,0.2,0.7819±0.0160
medical,LGBM,BinaryVector,cc,mfrd,0.2,0.8292±0.0210
medical,LGBM,BinaryVector,clr,mfrd,0.2,0.8529±0.0109
medical,LGBM,BinaryVector,ecc,mfrd,0.2,0.9341±0.0237
medical,LGBM,BinaryVector,PartialOrder__Hamming__2,mfrd,0.3,0.7582±0.0173
medical,LGBM,BinaryVector,PartialOrder__Hamming__None,mfrd,0.3,0.6842±0.0172
medical,LGBM,BinaryVector,PartialOrder__Subset__2,mfrd,0.3,0.7510±0.0279
medical,LGBM,BinaryVector,PartialOrder__Subset__None,mfrd,0.3,0.6832±0.0205
medical,LGBM,BinaryVector,PreOrder__Hamming__2,mfrd,0.3,0.8230±0.0131
medical,LGBM,BinaryVector,PreOrder__Hamming__None,mfrd,0.3,0.6632±0.0316
medical,LGBM,BinaryVector,PreOrder__Subset__2,mfrd,0.3,0.8412±0.0114
medical,LGBM,BinaryVector,PreOrder__Subset__None,mfrd,0.3,0.6683±0.0339
medical,LGBM,BinaryVector,br,mfrd,0.3,0.7004±0.0117
medical,LGBM,BinaryVector,cc,mfrd,0.3,0.7336±0.0125
medical,LGBM,BinaryVector,clr,mfrd,0.3,0.7724±0.0290
medical,LGBM,BinaryVector,ecc,mfrd,0.3,0.7902±0.0244
medical,LGBM,BinaryVector,PartialOrder__Hamming__2,micro_f1,0.0,0.3275±0.0149
medical,LGBM,BinaryVector,PartialOrder__Hamming__None,micro_f1,0.0,0.3226±0.0198
medical,LGBM,BinaryVector,PartialOrder__Subset__2,micro_f1,0.0,0.3231±0.0192
medical,LGBM,BinaryVector,PartialOrder__Subset__None,micro_f1,0.0,0.3227±0.0188
medical,LGBM,BinaryVector,PreOrder__Hamming__2,micro_f1,0.0,0.3260±0.0147
medical,LGBM,BinaryVector,PreOrder__Hamming__None,micro_f1,0.0,0.3215±0.0182
medical,LGBM,BinaryVector,PreOrder__Subset__2,micro_f1,0.0,0.3199±0.0175
medical,LGBM,BinaryVector,PreOrder__Subset__None,micro_f1,0.0,0.3210±0.0178
medical,LGBM,BinaryVector,br,micro_f1,0.0,0.5572±0.0843
medical,LGBM,BinaryVector,cc,micro_f1,0.0,0.5434±0.0682
medical,LGBM,BinaryVector,clr,micro_f1,0.0,0.4674±0.1514
medical,LGBM,BinaryVector,ecc,micro_f1,0.0,0.8135±0.0257
medical,LGBM,BinaryVector,PartialOrder__Hamming__2,micro_f1,0.1,0.2498±0.0098
medical,LGBM,BinaryVector,PartialOrder__Hamming__None,micro_f1,0.1,0.2196±0.0090
medical,LGBM,BinaryVector,PartialOrder__Subset__2,micro_f1,0.1,0.2503±0.0105
medical,LGBM,BinaryVector,PartialOrder__Subset__None,micro_f1,0.1,0.2185±0.0092
medical,LGBM,BinaryVector,PreOrder__Hamming__2,micro_f1,0.1,0.2818±0.0088
medical,LGBM,BinaryVector,PreOrder__Hamming__None,micro_f1,0.1,0.2430±0.0094
medical,LGBM,BinaryVector,PreOrder__Subset__2,micro_f1,0.1,0.2904±0.0091
medical,LGBM,BinaryVector,PreOrder__Subset__None,micro_f1,0.1,0.2422±0.0094
medical,LGBM,BinaryVector,br,micro_f1,0.1,0.2422±0.0148
medical,LGBM,BinaryVector,cc,micro_f1,0.1,0.2828±0.0179
medical,LGBM,BinaryVector,clr,micro_f1,0.1,0.3024±0.0128
medical,LGBM,BinaryVector,ecc,micro_f1,0.1,0.5189±0.0220
medical,LGBM,BinaryVector,PartialOrder__Hamming__2,micro_f1,0.2,0.1821±0.0071
medical,LGBM,BinaryVector,PartialOrder__Hamming__None,micro_f1,0.2,0.1536±0.0042
medical,LGBM,BinaryVector,PartialOrder__Subset__2,micro_f1,0.2,0.1818±0.0067
medical,LGBM,BinaryVector,PartialOrder__Subset__None,micro_f1,0.2,0.1521±0.0038
medical,LGBM,BinaryVector,PreOrder__Hamming__2,micro_f1,0.2,0.2235±0.0122
medical,LGBM,BinaryVector,PreOrder__Hamming__None,micro_f1,0.2,0.1708±0.0077
medical,LGBM,BinaryVector,PreOrder__Subset__2,micro_f1,0.2,0.2294±0.0123
medical,LGBM,BinaryVector,PreOrder__Subset__None,micro_f1,0.2,0.1712±0.0079
medical,LGBM,BinaryVector,br,micro_f1,0.2,0.1460±0.0077
medical,LGBM,BinaryVector,cc,micro_f1,0.2,0.1699±0.0059
medical,LGBM,BinaryVector,clr,micro_f1,0.2,0.1945±0.0055
medical,LGBM,BinaryVector,ecc,micro_f1,0.2,0.2549±0.0076
medical,LGBM,BinaryVector,PartialOrder__Hamming__2,micro_f1,0.3,0.1240±0.0066
medical,LGBM,BinaryVector,PartialOrder__Hamming__None,micro_f1,0.3,0.1099±0.0029
medical,LGBM,BinaryVector,PartialOrder__Subset__2,micro_f1,0.3,0.1243±0.0065
medical,LGBM,BinaryVector,PartialOrder__Subset__None,micro_f1,0.3,0.1090±0.0028
medical,LGBM,BinaryVector,PreOrder__Hamming__2,micro_f1,0.3,0.1521±0.0071
medical,LGBM,BinaryVector,PreOrder__Hamming__None,micro_f1,0.3,0.1091±0.0037
medical,LGBM,BinaryVector,PreOrder__Subset__2,micro_f1,0.3,0.1593±0.0083
medical,LGBM,BinaryVector,PreOrder__Subset__None,micro_f1,0.3,0.1090±0.0037
medical,LGBM,BinaryVector,br,micro_f1,0.3,0.1089±0.0020
medical,LGBM,BinaryVector,cc,micro_f1,0.3,0.1157±0.0041
medical,LGBM,BinaryVector,clr,micro_f1,0.3,0.1383±0.0034
medical,LGBM,BinaryVector,ecc,micro_f1,0.3,0.1428±0.0058
medical,LGBM,BinaryVector,PartialOrder__Hamming__2,micro_precision,0.0,0.2009±0.0115
medical,LGBM,BinaryVector,PartialOrder__Hamming__None,micro_precision,0.0,0.1968±0.0148
medical,LGBM,BinaryVector,PartialOrder__Subset__2,micro_precision,0.0,0.1980±0.0146
medical,LGBM,BinaryVector,PartialOrder__Subset__None,micro_precision,0.0,0.1967±0.0142
medical,LGBM,BinaryVector,PreOrder__Hamming__2,micro_precision,0.0,0.2000±0.0113
medical,LGBM,BinaryVector,PreOrder__Hamming__None,micro_precision,0.0,0.1962±0.0139
medical,LGBM,BinaryVector,PreOrder__Subset__2,micro_precision,0.0,0.1959±0.0135
medical,LGBM,BinaryVector,PreOrder__Subset__None,micro_precision,0.0,0.1958±0.0136
medical,LGBM,BinaryVector,br,micro_precision,0.0,0.4258±0.0989
medical,LGBM,BinaryVector,cc,micro_precision,0.0,0.4122±0.0863
medical,LGBM,BinaryVector,clr,micro_precision,0.0,0.7339±0.0354
medical,LGBM,BinaryVector,ecc,micro_precision,0.0,0.7912±0.0282
medical,LGBM,BinaryVector,PartialOrder__Hamming__2,micro_precision,0.1,0.1450±0.0063
medical,LGBM,BinaryVector,PartialOrder__Hamming__None,micro_precision,0.1,0.1248±0.0058
medical,LGBM,BinaryVector,PartialOrder__Subset__2,micro_precision,0.1,0.1454±0.0068
medical,LGBM,BinaryVector,PartialOrder__Subset__None,micro_precision,0.1,0.1241±0.0059
medical,LGBM,BinaryVector,PreOrder__Hamming__2,micro_precision,0.1,0.1676±0.0060
medical,LGBM,BinaryVector,PreOrder__Hamming__None,micro_precision,0.1,0.1405±0.0061
medical,LGBM,BinaryVector,PreOrder__Subset__2,micro_precision,0.1,0.1739±0.0063
medical,LGBM,BinaryVector,PreOrder__Subset__None,micro_precision,0.1,0.1400±0.0062
medical,LGBM,BinaryVector,br,micro_precision,0.1,0.1412±0.0099
medical,LGBM,BinaryVector,cc,micro_precision,0.1,0.1707±0.0126
medical,LGBM,BinaryVector,clr,micro_precision,0.1,0.1838±0.0099
medical,LGBM,BinaryVector,ecc,micro_precision,0.1,0.3779±0.0224
medical,LGBM,BinaryVector,PartialOrder__Hamming__2,micro_precision,0.2,0.1017±0.0043
medical,LGBM,BinaryVector,PartialOrder__Hamming__None,micro_precision,0.2,0.0840±0.0025
medical,LGBM,BinaryVector,PartialOrder__Subset__2,micro_precision,0.2,0.1016±0.0041
medical,LGBM,BinaryVector,PartialOrder__Subset__None,micro_precision,0.2,0.0832±0.0023
medical,LGBM,BinaryVector,PreOrder__Hamming__2,micro_precision,0.2,0.1288±0.0080
medical,LGBM,BinaryVector,PreOrder__Hamming__None,micro_precision,0.2,0.0945±0.0046
medical,LGBM,BinaryVector,PreOrder__Subset__2,micro_precision,0.2,0.1330±0.0080
medical,LGBM,BinaryVector,PreOrder__Subset__None,micro_precision,0.2,0.0948±0.0047
medical,LGBM,BinaryVector,br,micro_precision,0.2,0.0803±0.0045
medical,LGBM,BinaryVector,cc,micro_precision,0.2,0.0952±0.0035
medical,LGBM,BinaryVector,clr,micro_precision,0.2,0.1097±0.0036
medical,LGBM,BinaryVector,ecc,micro_precision,0.2,0.1508±0.0048
medical,LGBM,BinaryVector,PartialOrder__Hamming__2,micro_precision,0.3,0.0672±0.0036
medical,LGBM,BinaryVector,PartialOrder__Hamming__None,micro_precision,0.3,0.0587±0.0015
medical,LGBM,BinaryVector,PartialOrder__Subset__2,micro_precision,0.3,0.0674±0.0036
medical,LGBM,BinaryVector,PartialOrder__Subset__None,micro_precision,0.3,0.0582±0.0015
medical,LGBM,BinaryVector,PreOrder__Hamming__2,micro_precision,0.3,0.0844±0.0039
medical,LGBM,BinaryVector,PreOrder__Hamming__None,micro_precision,0.3,0.0582±0.0021
medical,LGBM,BinaryVector,PreOrder__Subset__2,micro_precision,0.3,0.0889±0.0047
medical,LGBM,BinaryVector,PreOrder__Subset__None,micro_precision,0.3,0.0582±0.0021
medical,LGBM,BinaryVector,br,micro_precision,0.3,0.0586±0.0012
medical,LGBM,BinaryVector,cc,micro_precision,0.3,0.0627±0.0023
medical,LGBM,BinaryVector,clr,micro_precision,0.3,0.0755±0.0019
medical,LGBM,BinaryVector,ecc,micro_precision,0.3,0.0786±0.0033
medical,LGBM,BinaryVector,PartialOrder__Hamming__2,micro_recall,0.0,0.8893±0.0179
medical,LGBM,BinaryVector,PartialOrder__Hamming__None,micro_recall,0.0,0.9000±0.0158
medical,LGBM,BinaryVector,PartialOrder__Subset__2,micro_recall,0.0,0.8836±0.0219
medical,LGBM,BinaryVector,PartialOrder__Subset__None,micro_recall,0.0,0.9016±0.0160
medical,LGBM,BinaryVector,PreOrder__Hamming__2,micro_recall,0.0,0.8844±0.0191
medical,LGBM,BinaryVector,PreOrder__Hamming__None,micro_recall,0.0,0.8950±0.0166
medical,LGBM,BinaryVector,PreOrder__Subset__2,micro_recall,0.0,0.8754±0.0221
medical,LGBM,BinaryVector,PreOrder__Subset__None,micro_recall,0.0,0.8950±0.0166
medical,LGBM,BinaryVector,br,micro_recall,0.0,0.8350±0.0094
medical,LGBM,BinaryVector,cc,micro_recall,0.0,0.8212±0.0192
medical,LGBM,BinaryVector,clr,micro_recall,0.0,0.3703±0.1731
medical,LGBM,BinaryVector,ecc,micro_recall,0.0,0.8373±0.0278
medical,LGBM,BinaryVector,PartialOrder__Hamming__2,micro_recall,0.1,0.9024±0.0157
medical,LGBM,BinaryVector,PartialOrder__Hamming__None,micro_recall,0.1,0.9131±0.0137
medical,LGBM,BinaryVector,PartialOrder__Subset__2,micro_recall,0.1,0.8992±0.0177
medical,LGBM,BinaryVector,PartialOrder__Subset__None,micro_recall,0.1,0.9115±0.0153
medical,LGBM,BinaryVector,PreOrder__Hamming__2,micro_recall,0.1,0.8860±0.0169
medical,LGBM,BinaryVector,PreOrder__Hamming__None,micro_recall,0.1,0.8999±0.0158
medical,LGBM,BinaryVector,PreOrder__Subset__2,micro_recall,0.1,0.8803±0.0157
medical,LGBM,BinaryVector,PreOrder__Subset__None,micro_recall,0.1,0.8975±0.0132
medical,LGBM,BinaryVector,br,micro_recall,0.1,0.8530±0.0206
medical,LGBM,BinaryVector,cc,micro_recall,0.1,0.8285±0.0179
medical,LGBM,BinaryVector,clr,micro_recall,0.1,0.8557±0.0152
medical,LGBM,BinaryVector,ecc,micro_recall,0.1,0.8297±0.0181
medical,LGBM,BinaryVector,PartialOrder__Hamming__2,micro_recall,0.2,0.8720±0.0109
medical,LGBM,BinaryVector,PartialOrder__Hamming__None,micro_recall,0.2,0.8948±0.0102
medical,LGBM,BinaryVector,PartialOrder__Subset__2,micro_recall,0.2,0.8671±0.0114
medical,LGBM,BinaryVector,PartialOrder__Subset__None,micro_recall,0.2,0.8899±0.0126
medical,LGBM,BinaryVector,PreOrder__Hamming__2,micro_recall,0.2,0.8490±0.0169
medical,LGBM,BinaryVector,PreOrder__Hamming__None,micro_recall,0.2,0.8866±0.0231
medical,LGBM,BinaryVector,PreOrder__Subset__2,micro_recall,0.2,0.8351±0.0202
medical,LGBM,BinaryVector,PreOrder__Subset__None,micro_recall,0.2,0.8867±0.0207
medical,LGBM,BinaryVector,br,micro_recall,0.2,0.8025±0.0285
medical,LGBM,BinaryVector,cc,micro_recall,0.2,0.7898±0.0252
medical,LGBM,BinaryVector,clr,micro_recall,0.2,0.8580±0.0132
medical,LGBM,BinaryVector,ecc,micro_recall,0.2,0.8220±0.0278
medical,LGBM,BinaryVector,PartialOrder__Hamming__2,micro_recall,0.3,0.8011±0.0399
medical,LGBM,BinaryVector,PartialOrder__Hamming__None,micro_recall,0.3,0.8616±0.0269
medical,LGBM,BinaryVector,PartialOrder__Subset__2,micro_recall,0.3,0.7994±0.0388
medical,LGBM,BinaryVector,PartialOrder__Subset__None,micro_recall,0.3,0.8616±0.0272
medical,LGBM,BinaryVector,PreOrder__Hamming__2,micro_recall,0.3,0.7683±0.0375
medical,LGBM,BinaryVector,PreOrder__Hamming__None,micro_recall,0.3,0.8689±0.0205
medical,LGBM,BinaryVector,PreOrder__Subset__2,micro_recall,0.3,0.7650±0.0385
medical,LGBM,BinaryVector,PreOrder__Subset__None,micro_recall,0.3,0.8560±0.0282
medical,LGBM,BinaryVector,br,micro_recall,0.3,0.7734±0.0109
medical,LGBM,BinaryVector,cc,micro_recall,0.3,0.7503±0.0159
medical,LGBM,BinaryVector,clr,micro_recall,0.3,0.8262±0.0193
medical,LGBM,BinaryVector,ecc,micro_recall,0.3,0.7834±0.0288
medical,LGBM,BinaryVector,PartialOrder__Hamming__2,subset0_1,0.0,0.2607±0.1728
medical,LGBM,BinaryVector,PartialOrder__Hamming__None,subset0_1,0.0,0.2167±0.1761
medical,LGBM,BinaryVector,PartialOrder__Subset__2,subset0_1,0.0,0.2443±0.2029
medical,LGBM,BinaryVector,PartialOrder__Subset__None,subset0_1,0.0,0.2167±0.1761
medical,LGBM,BinaryVector,PreOrder__Hamming__2,subset0_1,0.0,0.2658±0.1763
medical,LGBM,BinaryVector,PreOrder__Hamming__None,subset0_1,0.0,0.2208±0.1782
medical,LGBM,BinaryVector,PreOrder__Subset__2,subset0_1,0.0,0.2454±0.1996
medical,LGBM,BinaryVector,PreOrder__Subset__None,subset0_1,0.0,0.2208±0.1782
medical,LGBM,BinaryVector,br,subset0_1,0.0,0.1566±0.1537
medical,LGBM,BinaryVector,cc,subset0_1,0.0,0.1389±0.1462
medical,LGBM,BinaryVector,clr,subset0_1,0.0,0.2616±0.1210
medical,LGBM,BinaryVector,ecc,subset0_1,0.0,0.6605±0.0421
medical,LGBM,BinaryVector,PartialOrder__Hamming__2,subset0_1,0.1,0.0940±0.0189
medical,LGBM,BinaryVector,PartialOrder__Hamming__None,subset0_1,0.1,0.0511±0.0201
medical,LGBM,BinaryVector,PartialOrder__Subset__2,subset0_1,0.1,0.0951±0.0192
medical,LGBM,BinaryVector,PartialOrder__Subset__None,subset0_1,0.1,0.0511±0.0201
medical,LGBM,BinaryVector,PreOrder__Hamming__2,subset0_1,0.1,0.1329±0.0003
medical,LGBM,BinaryVector,PreOrder__Hamming__None,subset0_1,0.1,0.0736±0.0153
medical,LGBM,BinaryVector,PreOrder__Subset__2,subset0_1,0.1,0.1800±0.0190
medical,LGBM,BinaryVector,PreOrder__Subset__None,subset0_1,0.1,0.0746±0.0142
medical,LGBM,BinaryVector,br,subset0_1,0.1,0.0051±0.0046
medical,LGBM,BinaryVector,cc,subset0_1,0.1,0.0143±0.0050
medical,LGBM,BinaryVector,clr,subset0_1,0.1,0.0624±0.0087
medical,LGBM,BinaryVector,ecc,subset0_1,0.1,0.1636±0.0267
medical,LGBM,BinaryVector,PartialOrder__Hamming__2,subset0_1,0.2,0.0061±0.0050
medical,LGBM,BinaryVector,PartialOrder__Hamming__None,subset0_1,0.2,0.0031±0.0041
medical,LGBM,BinaryVector,PartialOrder__Subset__2,subset0_1,0.2,0.0051±0.0046
medical,LGBM,BinaryVector,PartialOrder__Subset__None,subset0_1,0.2,0.0031±0.0041
medical,LGBM,BinaryVector,PreOrder__Hamming__2,subset0_1,0.2,0.0286±0.0135
medical,LGBM,BinaryVector,PreOrder__Hamming__None,subset0_1,0.2,0.0112±0.0075
medical,LGBM,BinaryVector,PreOrder__Subset__2,subset0_1,0.2,0.0419±0.0195
medical,LGBM,BinaryVector,PreOrder__Subset__None,subset0_1,0.2,0.0112±0.0075
medical,LGBM,BinaryVector,br,subset0_1,0.2,0.0000±0.0000
medical,LGBM,BinaryVector,cc,subset0_1,0.2,0.0010±0.0020
medical,LGBM,BinaryVector,clr,subset0_1,0.2,0.0061±0.0038
medical,LGBM,BinaryVector,ecc,subset0_1,0.2,0.0031±0.0062
medical,LGBM,BinaryVector,PartialOrder__Hamming__2,subset0_1,0.3,0.0000±0.0000
medical,LGBM,BinaryVector,PartialOrder__Hamming__None,subset0_1,0.3,0.0000±0.0000
medical,LGBM,BinaryVector,PartialOrder__Subset__2,subset0_1,0.3,0.0000±0.0000
medical,LGBM,BinaryVector,PartialOrder__Subset__None,subset0_1,0.3,0.0000±0.0000
medical,LGBM,BinaryVector,PreOrder__Hamming__2,subset0_1,0.3,0.0041±0.0060
medical,LGBM,BinaryVector,PreOrder__Hamming__None,subset0_1,0.3,0.0010±0.0020
medical,LGBM,BinaryVector,PreOrder__Subset__2,subset0_1,0.3,0.0041±0.0060
medical,LGBM,BinaryVector,PreOrder__Subset__None,subset0_1,0.3,0.0010±0.0020
medical,LGBM,BinaryVector,br,subset0_1,0.3,0.0000±0.0000
medical,LGBM,BinaryVector,cc,subset0_1,0.3,0.0000±0.0000
medical,LGBM,BinaryVector,clr,subset0_1,0.3,0.0000±0.0000
medical,LGBM,BinaryVector,ecc,subset0_1,0.3,0.0000±0.0000
medical,LGBM,PartialAbstention,PartialOrder__Hamming__2,aabs,0.0,0.0733±0.0043
medical,LGBM,PartialAbstention,PartialOrder__Hamming__None,aabs,0.0,0.0734±0.0043
medical,LGBM,PartialAbstention,PartialOrder__Subset__2,aabs,0.0,0.0734±0.0043
medical,LGBM,PartialAbstention,PartialOrder__Subset__None,aabs,0.0,0.0736±0.0043
medical,LGBM,PartialAbstention,PreOrder__Hamming__2,aabs,0.0,0.0735±0.0044
medical,LGBM,PartialAbstention,PreOrder__Hamming__None,aabs,0.0,0.0736±0.0044
medical,LGBM,PartialAbstention,PreOrder__Subset__2,aabs,0.0,0.0739±0.0046
medical,LGBM,PartialAbstention,PreOrder__Subset__None,aabs,0.0,0.0738±0.0045
medical,LGBM,PartialAbstention,PartialOrder__Hamming__2,aabs,0.1,0.0996±0.0054
medical,LGBM,PartialAbstention,PartialOrder__Hamming__None,aabs,0.1,0.1020±0.0057
medical,LGBM,PartialAbstention,PartialOrder__Subset__2,aabs,0.1,0.1001±0.0053
medical,LGBM,PartialAbstention,PartialOrder__Subset__None,aabs,0.1,0.1025±0.0057
medical,LGBM,PartialAbstention,PreOrder__Hamming__2,aabs,0.1,0.0775±0.0046
medical,LGBM,PartialAbstention,PreOrder__Hamming__None,aabs,0.1,0.0761±0.0043
medical,LGBM,PartialAbstention,PreOrder__Subset__2,aabs,0.1,0.0761±0.0045
medical,LGBM,PartialAbstention,PreOrder__Subset__None,aabs,0.1,0.0770±0.0043
medical,LGBM,PartialAbstention,PartialOrder__Hamming__2,aabs,0.2,0.0726±0.0102
medical,LGBM,PartialAbstention,PartialOrder__Hamming__None,aabs,0.2,0.0751±0.0104
medical,LGBM,PartialAbstention,PartialOrder__Subset__2,aabs,0.2,0.0731±0.0101
medical,LGBM,PartialAbstention,PartialOrder__Subset__None,aabs,0.2,0.0758±0.0100
medical,LGBM,PartialAbstention,PreOrder__Hamming__2,aabs,0.2,0.0380±0.0068
medical,LGBM,PartialAbstention,PreOrder__Hamming__None,aabs,0.2,0.0398±0.0067
medical,LGBM,PartialAbstention,PreOrder__Subset__2,aabs,0.2,0.0387±0.0070
medical,LGBM,PartialAbstention,PreOrder__Subset__None,aabs,0.2,0.0411±0.0065
medical,LGBM,PartialAbstention,PartialOrder__Hamming__2,aabs,0.3,0.0473±0.0101
medical,LGBM,PartialAbstention,PartialOrder__Hamming__None,aabs,0.3,0.0485±0.0099
medical,LGBM,PartialAbstention,PartialOrder__Subset__2,aabs,0.3,0.0476±0.0103
medical,LGBM,PartialAbstention,PartialOrder__Subset__None,aabs,0.3,0.0489±0.0101
medical,LGBM,PartialAbstention,PreOrder__Hamming__2,aabs,0.3,0.0118±0.0055
medical,LGBM,PartialAbstention,PreOrder__Hamming__None,aabs,0.3,0.0129±0.0055
medical,LGBM,PartialAbstention,PreOrder__Subset__2,aabs,0.3,0.0122±0.0055
medical,LGBM,PartialAbstention,PreOrder__Subset__None,aabs,0.3,0.0139±0.0056
medical,LGBM,PartialAbstention,PartialOrder__Hamming__2,abs,0.0,0.1606±0.0231
medical,LGBM,PartialAbstention,PartialOrder__Hamming__None,abs,0.0,0.1636±0.0200
medical,LGBM,PartialAbstention,PartialOrder__Subset__2,abs,0.0,0.1626±0.0242
medical,LGBM,PartialAbstention,PartialOrder__Subset__None,abs,0.0,0.1657±0.0202
medical,LGBM,PartialAbstention,PreOrder__Hamming__2,abs,0.0,0.1340±0.0115
medical,LGBM,PartialAbstention,PreOrder__Hamming__None,abs,0.0,0.1350±0.0096
medical,LGBM,PartialAbstention,PreOrder__Subset__2,abs,0.0,0.1350±0.0116
medical,LGBM,PartialAbstention,PreOrder__Subset__None,abs,0.0,0.1350±0.0096
medical,LGBM,PartialAbstention,PartialOrder__Hamming__2,abs,0.1,0.5603±0.0354
medical,LGBM,PartialAbstention,PartialOrder__Hamming__None,abs,0.1,0.5767±0.0320
medical,LGBM,PartialAbstention,PartialOrder__Subset__2,abs,0.1,0.5624±0.0361
medical,LGBM,PartialAbstention,PartialOrder__Subset__None,abs,0.1,0.5757±0.0301
medical,LGBM,PartialAbstention,PreOrder__Hamming__2,abs,0.1,0.3558±0.0240
medical,LGBM,PartialAbstention,PreOrder__Hamming__None,abs,0.1,0.3282±0.0176
medical,LGBM,PartialAbstention,PreOrder__Subset__2,abs,0.1,0.3313±0.0165
medical,LGBM,PartialAbstention,PreOrder__Subset__None,abs,0.1,0.3364±0.0154
medical,LGBM,PartialAbstention,PartialOrder__Hamming__2,abs,0.2,0.5245±0.0412
medical,LGBM,PartialAbstention,PartialOrder__Hamming__None,abs,0.2,0.5551±0.0403
medical,LGBM,PartialAbstention,PartialOrder__Subset__2,abs,0.2,0.5245±0.0399
medical,LGBM,PartialAbstention,PartialOrder__Subset__None,abs,0.2,0.5654±0.0352
medical,LGBM,PartialAbstention,PreOrder__Hamming__2,abs,0.2,0.2668±0.0297
medical,LGBM,PartialAbstention,PreOrder__Hamming__None,abs,0.2,0.2985±0.0248
medical,LGBM,PartialAbstention,PreOrder__Subset__2,abs,0.2,0.2740±0.0328
medical,LGBM,PartialAbstention,PreOrder__Subset__None,abs,0.2,0.3200±0.0303
medical,LGBM,PartialAbstention,PartialOrder__Hamming__2,abs,0.3,0.3384±0.0634
medical,LGBM,PartialAbstention,PartialOrder__Hamming__None,abs,0.3,0.3619±0.0549
medical,LGBM,PartialAbstention,PartialOrder__Subset__2,abs,0.3,0.3404±0.0651
medical,LGBM,PartialAbstention,PartialOrder__Subset__None,abs,0.3,0.3670±0.0580
medical,LGBM,PartialAbstention,PreOrder__Hamming__2,abs,0.3,0.1186±0.0197
medical,LGBM,PartialAbstention,PreOrder__Hamming__None,abs,0.3,0.1431±0.0238
medical,LGBM,PartialAbstention,PreOrder__Subset__2,abs,0.3,0.1217±0.0177
medical,LGBM,PartialAbstention,PreOrder__Subset__None,abs,0.3,0.1666±0.0227
medical,LGBM,PartialAbstention,PartialOrder__Hamming__2,arec,0.0,0.9708±0.0125
medical,LGBM,PartialAbstention,PartialOrder__Hamming__None,arec,0.0,0.9671±0.0152
medical,LGBM,PartialAbstention,PartialOrder__Subset__2,arec,0.0,0.9692±0.0151
medical,LGBM,PartialAbstention,PartialOrder__Subset__None,arec,0.0,0.9672±0.0151
medical,LGBM,PartialAbstention,PreOrder__Hamming__2,arec,0.0,0.9710±0.0125
medical,LGBM,PartialAbstention,PreOrder__Hamming__None,arec,0.0,0.9675±0.0150
medical,LGBM,PartialAbstention,PreOrder__Subset__2,arec,0.0,0.9693±0.0150
medical,LGBM,PartialAbstention,PreOrder__Subset__None,arec,0.0,0.9675±0.0150
medical,LGBM,PartialAbstention,PartialOrder__Hamming__2,arec,0.1,0.9484±0.0011
medical,LGBM,PartialAbstention,PartialOrder__Hamming__None,arec,0.1,0.9211±0.0031
medical,LGBM,PartialAbstention,PartialOrder__Subset__2,arec,0.1,0.9499±0.0011
medical,LGBM,PartialAbstention,PartialOrder__Subset__None,arec,0.1,0.9208±0.0030
medical,LGBM,PartialAbstention,PreOrder__Hamming__2,arec,0.1,0.9515±0.0013
medical,LGBM,PartialAbstention,PreOrder__Hamming__None,arec,0.1,0.9197±0.0025
medical,LGBM,PartialAbstention,PreOrder__Subset__2,arec,0.1,0.9560±0.0013
medical,LGBM,PartialAbstention,PreOrder__Subset__None,arec,0.1,0.9204±0.0025
medical,LGBM,PartialAbstention,PartialOrder__Hamming__2,arec,0.2,0.8548±0.0067
medical,LGBM,PartialAbstention,PartialOrder__Hamming__None,arec,0.2,0.8014±0.0098
medical,LGBM,PartialAbstention,PartialOrder__Subset__2,arec,0.2,0.8562±0.0061
medical,LGBM,PartialAbstention,PartialOrder__Subset__None,arec,0.2,0.8005±0.0094
medical,LGBM,PartialAbstention,PreOrder__Hamming__2,arec,0.2,0.8738±0.0074
medical,LGBM,PartialAbstention,PreOrder__Hamming__None,arec,0.2,0.8007±0.0093
medical,LGBM,PartialAbstention,PreOrder__Subset__2,arec,0.2,0.8825±0.0063
medical,LGBM,PartialAbstention,PreOrder__Subset__None,arec,0.2,0.8027±0.0094
medical,LGBM,PartialAbstention,PartialOrder__Hamming__2,arec,0.3,0.7336±0.0009
medical,LGBM,PartialAbstention,PartialOrder__Hamming__None,arec,0.3,0.6621±0.0062
medical,LGBM,PartialAbstention,PartialOrder__Subset__2,arec,0.3,0.7353±0.0008
medical,LGBM,PartialAbstention,PartialOrder__Subset__None,arec,0.3,0.6587±0.0060
medical,LGBM,PartialAbstention,PreOrder__Hamming__2,arec,0.3,0.7746±0.0016
medical,LGBM,PartialAbstention,PreOrder__Hamming__None,arec,0.3,0.6199±0.0110
medical,LGBM,PartialAbstention,PreOrder__Subset__2,arec,0.3,0.7886±0.0010
medical,LGBM,PartialAbstention,PreOrder__Subset__None,arec,0.3,0.6266±0.0079
medical,LGBM,PartialAbstention,PartialOrder__Hamming__2,f1_pa,0.0,0.6537±0.1053
medical,LGBM,PartialAbstention,PartialOrder__Hamming__None,f1_pa,0.0,0.6315±0.1158
medical,LGBM,PartialAbstention,PartialOrder__Subset__2,f1_pa,0.0,0.6434±0.1211
medical,LGBM,PartialAbstention,PartialOrder__Subset__None,f1_pa,0.0,0.6317±0.1155
medical,LGBM,PartialAbstention,PreOrder__Hamming__2,f1_pa,0.0,0.6555±0.1066
medical,LGBM,PartialAbstention,PreOrder__Hamming__None,f1_pa,0.0,0.6332±0.1141
medical,LGBM,PartialAbstention,PreOrder__Subset__2,f1_pa,0.0,0.6431±0.1197
medical,LGBM,PartialAbstention,PreOrder__Subset__None,f1_pa,0.0,0.6332±0.1141
medical,LGBM,PartialAbstention,PartialOrder__Hamming__2,f1_pa,0.1,0.5498±0.0197
medical,LGBM,PartialAbstention,PartialOrder__Hamming__None,f1_pa,0.1,0.4547±0.0262
medical,LGBM,PartialAbstention,PartialOrder__Subset__2,f1_pa,0.1,0.5556±0.0219
medical,LGBM,PartialAbstention,PartialOrder__Subset__None,f1_pa,0.1,0.4543±0.0267
medical,LGBM,PartialAbstention,PreOrder__Hamming__2,f1_pa,0.1,0.5599±0.0173
medical,LGBM,PartialAbstention,PreOrder__Hamming__None,f1_pa,0.1,0.4484±0.0200
medical,LGBM,PartialAbstention,PreOrder__Subset__2,f1_pa,0.1,0.5841±0.0151
medical,LGBM,PartialAbstention,PreOrder__Subset__None,f1_pa,0.1,0.4494±0.0208
medical,LGBM,PartialAbstention,PartialOrder__Hamming__2,f1_pa,0.2,0.2937±0.0142
medical,LGBM,PartialAbstention,PartialOrder__Hamming__None,f1_pa,0.2,0.2414±0.0156
medical,LGBM,PartialAbstention,PartialOrder__Subset__2,f1_pa,0.2,0.2924±0.0144
medical,LGBM,PartialAbstention,PartialOrder__Subset__None,f1_pa,0.2,0.2403±0.0154
medical,LGBM,PartialAbstention,PreOrder__Hamming__2,f1_pa,0.2,0.3223±0.0220
medical,LGBM,PartialAbstention,PreOrder__Hamming__None,f1_pa,0.2,0.2373±0.0128
medical,LGBM,PartialAbstention,PreOrder__Subset__2,f1_pa,0.2,0.3394±0.0217
medical,LGBM,PartialAbstention,PreOrder__Subset__None,f1_pa,0.2,0.2383±0.0132
medical,LGBM,PartialAbstention,PartialOrder__Hamming__2,f1_pa,0.3,0.1547±0.0084
medical,LGBM,PartialAbstention,PartialOrder__Hamming__None,f1_pa,0.3,0.1373±0.0071
medical,LGBM,PartialAbstention,PartialOrder__Subset__2,f1_pa,0.3,0.1547±0.0081
medical,LGBM,PartialAbstention,PartialOrder__Subset__None,f1_pa,0.3,0.1363±0.0068
medical,LGBM,PartialAbstention,PreOrder__Hamming__2,f1_pa,0.3,0.1752±0.0095
medical,LGBM,PartialAbstention,PreOrder__Hamming__None,f1_pa,0.3,0.1257±0.0066
medical,LGBM,PartialAbstention,PreOrder__Subset__2,f1_pa,0.3,0.1847±0.0108
medical,LGBM,PartialAbstention,PreOrder__Subset__None,f1_pa,0.3,0.1255±0.0062
medical,LGBM,PartialAbstention,PartialOrder__Hamming__2,hamming_accuracy_pa,0.0,0.9685±0.0133
medical,LGBM,PartialAbstention,PartialOrder__Hamming__None,hamming_accuracy_pa,0.0,0.9646±0.0163
medical,LGBM,PartialAbstention,PartialOrder__Subset__2,hamming_accuracy_pa,0.0,0.9668±0.0161
medical,LGBM,PartialAbstention,PartialOrder__Subset__None,hamming_accuracy_pa,0.0,0.9647±0.0162
medical,LGBM,PartialAbstention,PreOrder__Hamming__2,hamming_accuracy_pa,0.0,0.9688±0.0134
medical,LGBM,PartialAbstention,PreOrder__Hamming__None,hamming_accuracy_pa,0.0,0.9650±0.0161
medical,LGBM,PartialAbstention,PreOrder__Subset__2,hamming_accuracy_pa,0.0,0.9670±0.0160
medical,LGBM,PartialAbstention,PreOrder__Subset__None,hamming_accuracy_pa,0.0,0.9650±0.0161
medical,LGBM,PartialAbstention,PartialOrder__Hamming__2,hamming_accuracy_pa,0.1,0.9427±0.0012
medical,LGBM,PartialAbstention,PartialOrder__Hamming__None,hamming_accuracy_pa,0.1,0.9121±0.0037
medical,LGBM,PartialAbstention,PartialOrder__Subset__2,hamming_accuracy_pa,0.1,0.9443±0.0013
medical,LGBM,PartialAbstention,PartialOrder__Subset__None,hamming_accuracy_pa,0.1,0.9117±0.0036
medical,LGBM,PartialAbstention,PreOrder__Hamming__2,hamming_accuracy_pa,0.1,0.9474±0.0013
medical,LGBM,PartialAbstention,PreOrder__Hamming__None,hamming_accuracy_pa,0.1,0.9131±0.0028
medical,LGBM,PartialAbstention,PreOrder__Subset__2,hamming_accuracy_pa,0.1,0.9524±0.0013
medical,LGBM,PartialAbstention,PreOrder__Subset__None,hamming_accuracy_pa,0.1,0.9138±0.0029
medical,LGBM,PartialAbstention,PartialOrder__Hamming__2,hamming_accuracy_pa,0.2,0.8434±0.0073
medical,LGBM,PartialAbstention,PartialOrder__Hamming__None,hamming_accuracy_pa,0.2,0.7853±0.0100
medical,LGBM,PartialAbstention,PartialOrder__Subset__2,hamming_accuracy_pa,0.2,0.8448±0.0067
medical,LGBM,PartialAbstention,PartialOrder__Subset__None,hamming_accuracy_pa,0.2,0.7841±0.0096
medical,LGBM,PartialAbstention,PreOrder__Hamming__2,hamming_accuracy_pa,0.2,0.8688±0.0082
medical,LGBM,PartialAbstention,PreOrder__Hamming__None,hamming_accuracy_pa,0.2,0.7924±0.0106
medical,LGBM,PartialAbstention,PreOrder__Subset__2,hamming_accuracy_pa,0.2,0.8778±0.0070
medical,LGBM,PartialAbstention,PreOrder__Subset__None,hamming_accuracy_pa,0.2,0.7942±0.0106
medical,LGBM,PartialAbstention,PartialOrder__Hamming__2,hamming_accuracy_pa,0.3,0.7203±0.0023
medical,LGBM,PartialAbstention,PartialOrder__Hamming__None,hamming_accuracy_pa,0.3,0.6449±0.0045
medical,LGBM,PartialAbstention,PartialOrder__Subset__2,hamming_accuracy_pa,0.3,0.7221±0.0022
medical,LGBM,PartialAbstention,PartialOrder__Subset__None,hamming_accuracy_pa,0.3,0.6412±0.0039
medical,LGBM,PartialAbstention,PreOrder__Hamming__2,hamming_accuracy_pa,0.3,0.7720±0.0020
medical,LGBM,PartialAbstention,PreOrder__Hamming__None,hamming_accuracy_pa,0.3,0.6149±0.0120
medical,LGBM,PartialAbstention,PreOrder__Subset__2,hamming_accuracy_pa,0.3,0.7860±0.0018
medical,LGBM,PartialAbstention,PreOrder__Subset__None,hamming_accuracy_pa,0.3,0.6213±0.0085
medical,LGBM,PartialAbstention,PartialOrder__Hamming__2,rec,0.0,0.2985±0.2072
medical,LGBM,PartialAbstention,PartialOrder__Hamming__None,rec,0.0,0.2515±0.2071
medical,LGBM,PartialAbstention,PartialOrder__Subset__2,rec,0.0,0.2822±0.2376
medical,LGBM,PartialAbstention,PartialOrder__Subset__None,rec,0.0,0.2515±0.2071
medical,LGBM,PartialAbstention,PreOrder__Hamming__2,rec,0.0,0.3016±0.2111
medical,LGBM,PartialAbstention,PreOrder__Hamming__None,rec,0.0,0.2546±0.2110
medical,LGBM,PartialAbstention,PreOrder__Subset__2,rec,0.0,0.2822±0.2346
medical,LGBM,PartialAbstention,PreOrder__Subset__None,rec,0.0,0.2546±0.2110
medical,LGBM,PartialAbstention,PartialOrder__Hamming__2,rec,0.1,0.1850±0.0275
medical,LGBM,PartialAbstention,PartialOrder__Hamming__None,rec,0.1,0.1094±0.0281
medical,LGBM,PartialAbstention,PartialOrder__Subset__2,rec,0.1,0.1902±0.0288
medical,LGBM,PartialAbstention,PartialOrder__Subset__None,rec,0.1,0.1094±0.0281
medical,LGBM,PartialAbstention,PreOrder__Hamming__2,rec,0.1,0.1942±0.0292
medical,LGBM,PartialAbstention,PreOrder__Hamming__None,rec,0.1,0.1053±0.0221
medical,LGBM,PartialAbstention,PreOrder__Subset__2,rec,0.1,0.2321±0.0256
medical,LGBM,PartialAbstention,PreOrder__Subset__None,rec,0.1,0.1063±0.0206
medical,LGBM,PartialAbstention,PartialOrder__Hamming__2,rec,0.2,0.0317±0.0104
medical,LGBM,PartialAbstention,PartialOrder__Hamming__None,rec,0.2,0.0245±0.0113
medical,LGBM,PartialAbstention,PartialOrder__Subset__2,rec,0.2,0.0307±0.0111
medical,LGBM,PartialAbstention,PartialOrder__Subset__None,rec,0.2,0.0245±0.0113
medical,LGBM,PartialAbstention,PreOrder__Hamming__2,rec,0.2,0.0378±0.0135
medical,LGBM,PartialAbstention,PreOrder__Hamming__None,rec,0.2,0.0174±0.0076
medical,LGBM,PartialAbstention,PreOrder__Subset__2,rec,0.2,0.0531±0.0163
medical,LGBM,PartialAbstention,PreOrder__Subset__None,rec,0.2,0.0174±0.0076
medical,LGBM,PartialAbstention,PartialOrder__Hamming__2,rec,0.3,0.0082±0.0069
medical,LGBM,PartialAbstention,PartialOrder__Hamming__None,rec,0.3,0.0082±0.0069
medical,LGBM,PartialAbstention,PartialOrder__Subset__2,rec,0.3,0.0082±0.0069
medical,LGBM,PartialAbstention,PartialOrder__Subset__None,rec,0.3,0.0082±0.0069
medical,LGBM,PartialAbstention,PreOrder__Hamming__2,rec,0.3,0.0041±0.0060
medical,LGBM,PartialAbstention,PreOrder__Hamming__None,rec,0.3,0.0010±0.0020
medical,LGBM,PartialAbstention,PreOrder__Subset__2,rec,0.3,0.0041±0.0060
medical,LGBM,PartialAbstention,PreOrder__Subset__None,rec,0.3,0.0010±0.0020
medical,LGBM,PartialAbstention,PartialOrder__Hamming__2,subset0_1_pa,0.0,0.2920±0.2025
medical,LGBM,PartialAbstention,PartialOrder__Hamming__None,subset0_1_pa,0.0,0.2444±0.2018
medical,LGBM,PartialAbstention,PartialOrder__Subset__2,subset0_1_pa,0.0,0.2758±0.2330
medical,LGBM,PartialAbstention,PartialOrder__Subset__None,subset0_1_pa,0.0,0.2444±0.2018
medical,LGBM,PartialAbstention,PreOrder__Hamming__2,subset0_1_pa,0.0,0.2952±0.2066
medical,LGBM,PartialAbstention,PreOrder__Hamming__None,subset0_1_pa,0.0,0.2476±0.2058
medical,LGBM,PartialAbstention,PreOrder__Subset__2,subset0_1_pa,0.0,0.2759±0.2298
medical,LGBM,PartialAbstention,PreOrder__Subset__None,subset0_1_pa,0.0,0.2476±0.2058
medical,LGBM,PartialAbstention,PartialOrder__Hamming__2,subset0_1_pa,0.1,0.1800±0.0264
medical,LGBM,PartialAbstention,PartialOrder__Hamming__None,subset0_1_pa,0.1,0.1039±0.0270
medical,LGBM,PartialAbstention,PartialOrder__Subset__2,subset0_1_pa,0.1,0.1852±0.0283
medical,LGBM,PartialAbstention,PartialOrder__Subset__None,subset0_1_pa,0.1,0.1039±0.0270
medical,LGBM,PartialAbstention,PreOrder__Hamming__2,subset0_1_pa,0.1,0.1884±0.0285
medical,LGBM,PartialAbstention,PreOrder__Hamming__None,subset0_1_pa,0.1,0.0988±0.0225
medical,LGBM,PartialAbstention,PreOrder__Subset__2,subset0_1_pa,0.1,0.2266±0.0255
medical,LGBM,PartialAbstention,PreOrder__Subset__None,subset0_1_pa,0.1,0.0998±0.0211
medical,LGBM,PartialAbstention,PartialOrder__Hamming__2,subset0_1_pa,0.2,0.0267±0.0104
medical,LGBM,PartialAbstention,PartialOrder__Hamming__None,subset0_1_pa,0.2,0.0195±0.0114
medical,LGBM,PartialAbstention,PartialOrder__Subset__2,subset0_1_pa,0.2,0.0257±0.0107
medical,LGBM,PartialAbstention,PartialOrder__Subset__None,subset0_1_pa,0.2,0.0195±0.0114
medical,LGBM,PartialAbstention,PreOrder__Hamming__2,subset0_1_pa,0.2,0.0358±0.0151
medical,LGBM,PartialAbstention,PreOrder__Hamming__None,subset0_1_pa,0.2,0.0154±0.0079
medical,LGBM,PartialAbstention,PreOrder__Subset__2,subset0_1_pa,0.2,0.0512±0.0181
medical,LGBM,PartialAbstention,PreOrder__Subset__None,subset0_1_pa,0.2,0.0154±0.0079
medical,LGBM,PartialAbstention,PartialOrder__Hamming__2,subset0_1_pa,0.3,0.0061±0.0075
medical,LGBM,PartialAbstention,PartialOrder__Hamming__None,subset0_1_pa,0.3,0.0061±0.0075
medical,LGBM,PartialAbstention,PartialOrder__Subset__2,subset0_1_pa,0.3,0.0061±0.0075
medical,LGBM,PartialAbstention,PartialOrder__Subset__None,subset0_1_pa,0.3,0.0061±0.0075
medical,LGBM,PartialAbstention,PreOrder__Hamming__2,subset0_1_pa,0.3,0.0041±0.0060
medical,LGBM,PartialAbstention,PreOrder__Hamming__None,subset0_1_pa,0.3,0.0010±0.0020
medical,LGBM,PartialAbstention,PreOrder__Subset__2,subset0_1_pa,0.3,0.0041±0.0060
medical,LGBM,PartialAbstention,PreOrder__Subset__None,subset0_1_pa,0.3,0.0010±0.0020
medical,LGBM,PartialAbstention,PartialOrder__Hamming__2,aabs,0.0,0.0733±0.0043
medical,LGBM,PartialAbstention,PartialOrder__Hamming__None,aabs,0.0,0.0734±0.0043
medical,LGBM,PartialAbstention,PartialOrder__Subset__2,aabs,0.0,0.0734±0.0043
medical,LGBM,PartialAbstention,PartialOrder__Subset__None,aabs,0.0,0.0736±0.0043
medical,LGBM,PartialAbstention,PreOrder__Hamming__2,aabs,0.0,0.0735±0.0044
medical,LGBM,PartialAbstention,PreOrder__Hamming__None,aabs,0.0,0.0736±0.0044
medical,LGBM,PartialAbstention,PreOrder__Subset__2,aabs,0.0,0.0739±0.0046
medical,LGBM,PartialAbstention,PreOrder__Subset__None,aabs,0.0,0.0738±0.0045
medical,LGBM,PartialAbstention,PartialOrder__Hamming__2,aabs,0.1,0.0996±0.0054
medical,LGBM,PartialAbstention,PartialOrder__Hamming__None,aabs,0.1,0.1020±0.0057
medical,LGBM,PartialAbstention,PartialOrder__Subset__2,aabs,0.1,0.1001±0.0053
medical,LGBM,PartialAbstention,PartialOrder__Subset__None,aabs,0.1,0.1025±0.0057
medical,LGBM,PartialAbstention,PreOrder__Hamming__2,aabs,0.1,0.0775±0.0046
medical,LGBM,PartialAbstention,PreOrder__Hamming__None,aabs,0.1,0.0761±0.0043
medical,LGBM,PartialAbstention,PreOrder__Subset__2,aabs,0.1,0.0761±0.0045
medical,LGBM,PartialAbstention,PreOrder__Subset__None,aabs,0.1,0.0770±0.0043
medical,LGBM,PartialAbstention,PartialOrder__Hamming__2,aabs,0.2,0.0726±0.0102
medical,LGBM,PartialAbstention,PartialOrder__Hamming__None,aabs,0.2,0.0751±0.0104
medical,LGBM,PartialAbstention,PartialOrder__Subset__2,aabs,0.2,0.0731±0.0101
medical,LGBM,PartialAbstention,PartialOrder__Subset__None,aabs,0.2,0.0758±0.0100
medical,LGBM,PartialAbstention,PreOrder__Hamming__2,aabs,0.2,0.0380±0.0068
medical,LGBM,PartialAbstention,PreOrder__Hamming__None,aabs,0.2,0.0398±0.0067
medical,LGBM,PartialAbstention,PreOrder__Subset__2,aabs,0.2,0.0387±0.0070
medical,LGBM,PartialAbstention,PreOrder__Subset__None,aabs,0.2,0.0411±0.0065
medical,LGBM,PartialAbstention,PartialOrder__Hamming__2,aabs,0.3,0.0473±0.0101
medical,LGBM,PartialAbstention,PartialOrder__Hamming__None,aabs,0.3,0.0485±0.0099
medical,LGBM,PartialAbstention,PartialOrder__Subset__2,aabs,0.3,0.0476±0.0103
medical,LGBM,PartialAbstention,PartialOrder__Subset__None,aabs,0.3,0.0489±0.0101
medical,LGBM,PartialAbstention,PreOrder__Hamming__2,aabs,0.3,0.0118±0.0055
medical,LGBM,PartialAbstention,PreOrder__Hamming__None,aabs,0.3,0.0129±0.0055
medical,LGBM,PartialAbstention,PreOrder__Subset__2,aabs,0.3,0.0122±0.0055
medical,LGBM,PartialAbstention,PreOrder__Subset__None,aabs,0.3,0.0139±0.0056
medical,LGBM,PartialAbstention,PartialOrder__Hamming__2,abs,0.0,0.1606±0.0231
medical,LGBM,PartialAbstention,PartialOrder__Hamming__None,abs,0.0,0.1636±0.0200
medical,LGBM,PartialAbstention,PartialOrder__Subset__2,abs,0.0,0.1626±0.0242
medical,LGBM,PartialAbstention,PartialOrder__Subset__None,abs,0.0,0.1657±0.0202
medical,LGBM,PartialAbstention,PreOrder__Hamming__2,abs,0.0,0.1340±0.0115
medical,LGBM,PartialAbstention,PreOrder__Hamming__None,abs,0.0,0.1350±0.0096
medical,LGBM,PartialAbstention,PreOrder__Subset__2,abs,0.0,0.1350±0.0116
medical,LGBM,PartialAbstention,PreOrder__Subset__None,abs,0.0,0.1350±0.0096
medical,LGBM,PartialAbstention,PartialOrder__Hamming__2,abs,0.1,0.5603±0.0354
medical,LGBM,PartialAbstention,PartialOrder__Hamming__None,abs,0.1,0.5767±0.0320
medical,LGBM,PartialAbstention,PartialOrder__Subset__2,abs,0.1,0.5624±0.0361
medical,LGBM,PartialAbstention,PartialOrder__Subset__None,abs,0.1,0.5757±0.0301
medical,LGBM,PartialAbstention,PreOrder__Hamming__2,abs,0.1,0.3558±0.0240
medical,LGBM,PartialAbstention,PreOrder__Hamming__None,abs,0.1,0.3282±0.0176
medical,LGBM,PartialAbstention,PreOrder__Subset__2,abs,0.1,0.3313±0.0165
medical,LGBM,PartialAbstention,PreOrder__Subset__None,abs,0.1,0.3364±0.0154
medical,LGBM,PartialAbstention,PartialOrder__Hamming__2,abs,0.2,0.5245±0.0412
medical,LGBM,PartialAbstention,PartialOrder__Hamming__None,abs,0.2,0.5551±0.0403
medical,LGBM,PartialAbstention,PartialOrder__Subset__2,abs,0.2,0.5245±0.0399
medical,LGBM,PartialAbstention,PartialOrder__Subset__None,abs,0.2,0.5654±0.0352
medical,LGBM,PartialAbstention,PreOrder__Hamming__2,abs,0.2,0.2668±0.0297
medical,LGBM,PartialAbstention,PreOrder__Hamming__None,abs,0.2,0.2985±0.0248
medical,LGBM,PartialAbstention,PreOrder__Subset__2,abs,0.2,0.2740±0.0328
medical,LGBM,PartialAbstention,PreOrder__Subset__None,abs,0.2,0.3200±0.0303
medical,LGBM,PartialAbstention,PartialOrder__Hamming__2,abs,0.3,0.3384±0.0634
medical,LGBM,PartialAbstention,PartialOrder__Hamming__None,abs,0.3,0.3619±0.0549
medical,LGBM,PartialAbstention,PartialOrder__Subset__2,abs,0.3,0.3404±0.0651
medical,LGBM,PartialAbstention,PartialOrder__Subset__None,abs,0.3,0.3670±0.0580
medical,LGBM,PartialAbstention,PreOrder__Hamming__2,abs,0.3,0.1186±0.0197
medical,LGBM,PartialAbstention,PreOrder__Hamming__None,abs,0.3,0.1431±0.0238
medical,LGBM,PartialAbstention,PreOrder__Subset__2,abs,0.3,0.1217±0.0177
medical,LGBM,PartialAbstention,PreOrder__Subset__None,abs,0.3,0.1666±0.0227
medical,LGBM,PartialAbstention,PartialOrder__Hamming__2,arec,0.0,0.9708±0.0125
medical,LGBM,PartialAbstention,PartialOrder__Hamming__None,arec,0.0,0.9671±0.0152
medical,LGBM,PartialAbstention,PartialOrder__Subset__2,arec,0.0,0.9692±0.0151
medical,LGBM,PartialAbstention,PartialOrder__Subset__None,arec,0.0,0.9672±0.0151
medical,LGBM,PartialAbstention,PreOrder__Hamming__2,arec,0.0,0.9710±0.0125
medical,LGBM,PartialAbstention,PreOrder__Hamming__None,arec,0.0,0.9675±0.0150
medical,LGBM,PartialAbstention,PreOrder__Subset__2,arec,0.0,0.9693±0.0150
medical,LGBM,PartialAbstention,PreOrder__Subset__None,arec,0.0,0.9675±0.0150
medical,LGBM,PartialAbstention,PartialOrder__Hamming__2,arec,0.1,0.9484±0.0011
medical,LGBM,PartialAbstention,PartialOrder__Hamming__None,arec,0.1,0.9211±0.0031
medical,LGBM,PartialAbstention,PartialOrder__Subset__2,arec,0.1,0.9499±0.0011
medical,LGBM,PartialAbstention,PartialOrder__Subset__None,arec,0.1,0.9208±0.0030
medical,LGBM,PartialAbstention,PreOrder__Hamming__2,arec,0.1,0.9515±0.0013
medical,LGBM,PartialAbstention,PreOrder__Hamming__None,arec,0.1,0.9197±0.0025
medical,LGBM,PartialAbstention,PreOrder__Subset__2,arec,0.1,0.9560±0.0013
medical,LGBM,PartialAbstention,PreOrder__Subset__None,arec,0.1,0.9204±0.0025
medical,LGBM,PartialAbstention,PartialOrder__Hamming__2,arec,0.2,0.8548±0.0067
medical,LGBM,PartialAbstention,PartialOrder__Hamming__None,arec,0.2,0.8014±0.0098
medical,LGBM,PartialAbstention,PartialOrder__Subset__2,arec,0.2,0.8562±0.0061
medical,LGBM,PartialAbstention,PartialOrder__Subset__None,arec,0.2,0.8005±0.0094
medical,LGBM,PartialAbstention,PreOrder__Hamming__2,arec,0.2,0.8738±0.0074
medical,LGBM,PartialAbstention,PreOrder__Hamming__None,arec,0.2,0.8007±0.0093
medical,LGBM,PartialAbstention,PreOrder__Subset__2,arec,0.2,0.8825±0.0063
medical,LGBM,PartialAbstention,PreOrder__Subset__None,arec,0.2,0.8027±0.0094
medical,LGBM,PartialAbstention,PartialOrder__Hamming__2,arec,0.3,0.7336±0.0009
medical,LGBM,PartialAbstention,PartialOrder__Hamming__None,arec,0.3,0.6621±0.0062
medical,LGBM,PartialAbstention,PartialOrder__Subset__2,arec,0.3,0.7353±0.0008
medical,LGBM,PartialAbstention,PartialOrder__Subset__None,arec,0.3,0.6587±0.0060
medical,LGBM,PartialAbstention,PreOrder__Hamming__2,arec,0.3,0.7746±0.0016
medical,LGBM,PartialAbstention,PreOrder__Hamming__None,arec,0.3,0.6199±0.0110
medical,LGBM,PartialAbstention,PreOrder__Subset__2,arec,0.3,0.7886±0.0010
medical,LGBM,PartialAbstention,PreOrder__Subset__None,arec,0.3,0.6266±0.0079
medical,LGBM,PartialAbstention,PartialOrder__Hamming__2,f1_pa,0.0,0.6537±0.1053
medical,LGBM,PartialAbstention,PartialOrder__Hamming__None,f1_pa,0.0,0.6315±0.1158
medical,LGBM,PartialAbstention,PartialOrder__Subset__2,f1_pa,0.0,0.6434±0.1211
medical,LGBM,PartialAbstention,PartialOrder__Subset__None,f1_pa,0.0,0.6317±0.1155
medical,LGBM,PartialAbstention,PreOrder__Hamming__2,f1_pa,0.0,0.6555±0.1066
medical,LGBM,PartialAbstention,PreOrder__Hamming__None,f1_pa,0.0,0.6332±0.1141
medical,LGBM,PartialAbstention,PreOrder__Subset__2,f1_pa,0.0,0.6431±0.1197
medical,LGBM,PartialAbstention,PreOrder__Subset__None,f1_pa,0.0,0.6332±0.1141
medical,LGBM,PartialAbstention,PartialOrder__Hamming__2,f1_pa,0.1,0.5498±0.0197
medical,LGBM,PartialAbstention,PartialOrder__Hamming__None,f1_pa,0.1,0.4547±0.0262
medical,LGBM,PartialAbstention,PartialOrder__Subset__2,f1_pa,0.1,0.5556±0.0219
medical,LGBM,PartialAbstention,PartialOrder__Subset__None,f1_pa,0.1,0.4543±0.0267
medical,LGBM,PartialAbstention,PreOrder__Hamming__2,f1_pa,0.1,0.5599±0.0173
medical,LGBM,PartialAbstention,PreOrder__Hamming__None,f1_pa,0.1,0.4484±0.0200
medical,LGBM,PartialAbstention,PreOrder__Subset__2,f1_pa,0.1,0.5841±0.0151
medical,LGBM,PartialAbstention,PreOrder__Subset__None,f1_pa,0.1,0.4494±0.0208
medical,LGBM,PartialAbstention,PartialOrder__Hamming__2,f1_pa,0.2,0.2937±0.0142
medical,LGBM,PartialAbstention,PartialOrder__Hamming__None,f1_pa,0.2,0.2414±0.0156
medical,LGBM,PartialAbstention,PartialOrder__Subset__2,f1_pa,0.2,0.2924±0.0144
medical,LGBM,PartialAbstention,PartialOrder__Subset__None,f1_pa,0.2,0.2403±0.0154
medical,LGBM,PartialAbstention,PreOrder__Hamming__2,f1_pa,0.2,0.3223±0.0220
medical,LGBM,PartialAbstention,PreOrder__Hamming__None,f1_pa,0.2,0.2373±0.0128
medical,LGBM,PartialAbstention,PreOrder__Subset__2,f1_pa,0.2,0.3394±0.0217
medical,LGBM,PartialAbstention,PreOrder__Subset__None,f1_pa,0.2,0.2383±0.0132
medical,LGBM,PartialAbstention,PartialOrder__Hamming__2,f1_pa,0.3,0.1547±0.0084
medical,LGBM,PartialAbstention,PartialOrder__Hamming__None,f1_pa,0.3,0.1373±0.0071
medical,LGBM,PartialAbstention,PartialOrder__Subset__2,f1_pa,0.3,0.1547±0.0081
medical,LGBM,PartialAbstention,PartialOrder__Subset__None,f1_pa,0.3,0.1363±0.0068
medical,LGBM,PartialAbstention,PreOrder__Hamming__2,f1_pa,0.3,0.1752±0.0095
medical,LGBM,PartialAbstention,PreOrder__Hamming__None,f1_pa,0.3,0.1257±0.0066
medical,LGBM,PartialAbstention,PreOrder__Subset__2,f1_pa,0.3,0.1847±0.0108
medical,LGBM,PartialAbstention,PreOrder__Subset__None,f1_pa,0.3,0.1255±0.0062
medical,LGBM,PartialAbstention,PartialOrder__Hamming__2,hamming_accuracy_pa,0.0,0.9685±0.0133
medical,LGBM,PartialAbstention,PartialOrder__Hamming__None,hamming_accuracy_pa,0.0,0.9646±0.0163
medical,LGBM,PartialAbstention,PartialOrder__Subset__2,hamming_accuracy_pa,0.0,0.9668±0.0161
medical,LGBM,PartialAbstention,PartialOrder__Subset__None,hamming_accuracy_pa,0.0,0.9647±0.0162
medical,LGBM,PartialAbstention,PreOrder__Hamming__2,hamming_accuracy_pa,0.0,0.9688±0.0134
medical,LGBM,PartialAbstention,PreOrder__Hamming__None,hamming_accuracy_pa,0.0,0.9650±0.0161
medical,LGBM,PartialAbstention,PreOrder__Subset__2,hamming_accuracy_pa,0.0,0.9670±0.0160
medical,LGBM,PartialAbstention,PreOrder__Subset__None,hamming_accuracy_pa,0.0,0.9650±0.0161
medical,LGBM,PartialAbstention,PartialOrder__Hamming__2,hamming_accuracy_pa,0.1,0.9427±0.0012
medical,LGBM,PartialAbstention,PartialOrder__Hamming__None,hamming_accuracy_pa,0.1,0.9121±0.0037
medical,LGBM,PartialAbstention,PartialOrder__Subset__2,hamming_accuracy_pa,0.1,0.9443±0.0013
medical,LGBM,PartialAbstention,PartialOrder__Subset__None,hamming_accuracy_pa,0.1,0.9117±0.0036
medical,LGBM,PartialAbstention,PreOrder__Hamming__2,hamming_accuracy_pa,0.1,0.9474±0.0013
medical,LGBM,PartialAbstention,PreOrder__Hamming__None,hamming_accuracy_pa,0.1,0.9131±0.0028
medical,LGBM,PartialAbstention,PreOrder__Subset__2,hamming_accuracy_pa,0.1,0.9524±0.0013
medical,LGBM,PartialAbstention,PreOrder__Subset__None,hamming_accuracy_pa,0.1,0.9138±0.0029
medical,LGBM,PartialAbstention,PartialOrder__Hamming__2,hamming_accuracy_pa,0.2,0.8434±0.0073
medical,LGBM,PartialAbstention,PartialOrder__Hamming__None,hamming_accuracy_pa,0.2,0.7853±0.0100
medical,LGBM,PartialAbstention,PartialOrder__Subset__2,hamming_accuracy_pa,0.2,0.8448±0.0067
medical,LGBM,PartialAbstention,PartialOrder__Subset__None,hamming_accuracy_pa,0.2,0.7841±0.0096
medical,LGBM,PartialAbstention,PreOrder__Hamming__2,hamming_accuracy_pa,0.2,0.8688±0.0082
medical,LGBM,PartialAbstention,PreOrder__Hamming__None,hamming_accuracy_pa,0.2,0.7924±0.0106
medical,LGBM,PartialAbstention,PreOrder__Subset__2,hamming_accuracy_pa,0.2,0.8778±0.0070
medical,LGBM,PartialAbstention,PreOrder__Subset__None,hamming_accuracy_pa,0.2,0.7942±0.0106
medical,LGBM,PartialAbstention,PartialOrder__Hamming__2,hamming_accuracy_pa,0.3,0.7203±0.0023
medical,LGBM,PartialAbstention,PartialOrder__Hamming__None,hamming_accuracy_pa,0.3,0.6449±0.0045
medical,LGBM,PartialAbstention,PartialOrder__Subset__2,hamming_accuracy_pa,0.3,0.7221±0.0022
medical,LGBM,PartialAbstention,PartialOrder__Subset__None,hamming_accuracy_pa,0.3,0.6412±0.0039
medical,LGBM,PartialAbstention,PreOrder__Hamming__2,hamming_accuracy_pa,0.3,0.7720±0.0020
medical,LGBM,PartialAbstention,PreOrder__Hamming__None,hamming_accuracy_pa,0.3,0.6149±0.0120
medical,LGBM,PartialAbstention,PreOrder__Subset__2,hamming_accuracy_pa,0.3,0.7860±0.0018
medical,LGBM,PartialAbstention,PreOrder__Subset__None,hamming_accuracy_pa,0.3,0.6213±0.0085
medical,LGBM,PartialAbstention,PartialOrder__Hamming__2,rec,0.0,0.2985±0.2072
medical,LGBM,PartialAbstention,PartialOrder__Hamming__None,rec,0.0,0.2515±0.2071
medical,LGBM,PartialAbstention,PartialOrder__Subset__2,rec,0.0,0.2822±0.2376
medical,LGBM,PartialAbstention,PartialOrder__Subset__None,rec,0.0,0.2515±0.2071
medical,LGBM,PartialAbstention,PreOrder__Hamming__2,rec,0.0,0.3016±0.2111
medical,LGBM,PartialAbstention,PreOrder__Hamming__None,rec,0.0,0.2546±0.2110
medical,LGBM,PartialAbstention,PreOrder__Subset__2,rec,0.0,0.2822±0.2346
medical,LGBM,PartialAbstention,PreOrder__Subset__None,rec,0.0,0.2546±0.2110
medical,LGBM,PartialAbstention,PartialOrder__Hamming__2,rec,0.1,0.1850±0.0275
medical,LGBM,PartialAbstention,PartialOrder__Hamming__None,rec,0.1,0.1094±0.0281
medical,LGBM,PartialAbstention,PartialOrder__Subset__2,rec,0.1,0.1902±0.0288
medical,LGBM,PartialAbstention,PartialOrder__Subset__None,rec,0.1,0.1094±0.0281
medical,LGBM,PartialAbstention,PreOrder__Hamming__2,rec,0.1,0.1942±0.0292
medical,LGBM,PartialAbstention,PreOrder__Hamming__None,rec,0.1,0.1053±0.0221
medical,LGBM,PartialAbstention,PreOrder__Subset__2,rec,0.1,0.2321±0.0256
medical,LGBM,PartialAbstention,PreOrder__Subset__None,rec,0.1,0.1063±0.0206
medical,LGBM,PartialAbstention,PartialOrder__Hamming__2,rec,0.2,0.0317±0.0104
medical,LGBM,PartialAbstention,PartialOrder__Hamming__None,rec,0.2,0.0245±0.0113
medical,LGBM,PartialAbstention,PartialOrder__Subset__2,rec,0.2,0.0307±0.0111
medical,LGBM,PartialAbstention,PartialOrder__Subset__None,rec,0.2,0.0245±0.0113
medical,LGBM,PartialAbstention,PreOrder__Hamming__2,rec,0.2,0.0378±0.0135
medical,LGBM,PartialAbstention,PreOrder__Hamming__None,rec,0.2,0.0174±0.0076
medical,LGBM,PartialAbstention,PreOrder__Subset__2,rec,0.2,0.0531±0.0163
medical,LGBM,PartialAbstention,PreOrder__Subset__None,rec,0.2,0.0174±0.0076
medical,LGBM,PartialAbstention,PartialOrder__Hamming__2,rec,0.3,0.0082±0.0069
medical,LGBM,PartialAbstention,PartialOrder__Hamming__None,rec,0.3,0.0082±0.0069
medical,LGBM,PartialAbstention,PartialOrder__Subset__2,rec,0.3,0.0082±0.0069
medical,LGBM,PartialAbstention,PartialOrder__Subset__None,rec,0.3,0.0082±0.0069
medical,LGBM,PartialAbstention,PreOrder__Hamming__2,rec,0.3,0.0041±0.0060
medical,LGBM,PartialAbstention,PreOrder__Hamming__None,rec,0.3,0.0010±0.0020
medical,LGBM,PartialAbstention,PreOrder__Subset__2,rec,0.3,0.0041±0.0060
medical,LGBM,PartialAbstention,PreOrder__Subset__None,rec,0.3,0.0010±0.0020
medical,LGBM,PartialAbstention,PartialOrder__Hamming__2,subset0_1_pa,0.0,0.2920±0.2025
medical,LGBM,PartialAbstention,PartialOrder__Hamming__None,subset0_1_pa,0.0,0.2444±0.2018
medical,LGBM,PartialAbstention,PartialOrder__Subset__2,subset0_1_pa,0.0,0.2758±0.2330
medical,LGBM,PartialAbstention,PartialOrder__Subset__None,subset0_1_pa,0.0,0.2444±0.2018
medical,LGBM,PartialAbstention,PreOrder__Hamming__2,subset0_1_pa,0.0,0.2952±0.2066
medical,LGBM,PartialAbstention,PreOrder__Hamming__None,subset0_1_pa,0.0,0.2476±0.2058
medical,LGBM,PartialAbstention,PreOrder__Subset__2,subset0_1_pa,0.0,0.2759±0.2298
medical,LGBM,PartialAbstention,PreOrder__Subset__None,subset0_1_pa,0.0,0.2476±0.2058
medical,LGBM,PartialAbstention,PartialOrder__Hamming__2,subset0_1_pa,0.1,0.1800±0.0264
medical,LGBM,PartialAbstention,PartialOrder__Hamming__None,subset0_1_pa,0.1,0.1039±0.0270
medical,LGBM,PartialAbstention,PartialOrder__Subset__2,subset0_1_pa,0.1,0.1852±0.0283
medical,LGBM,PartialAbstention,PartialOrder__Subset__None,subset0_1_pa,0.1,0.1039±0.0270
medical,LGBM,PartialAbstention,PreOrder__Hamming__2,subset0_1_pa,0.1,0.1884±0.0285
medical,LGBM,PartialAbstention,PreOrder__Hamming__None,subset0_1_pa,0.1,0.0988±0.0225
medical,LGBM,PartialAbstention,PreOrder__Subset__2,subset0_1_pa,0.1,0.2266±0.0255
medical,LGBM,PartialAbstention,PreOrder__Subset__None,subset0_1_pa,0.1,0.0998±0.0211
medical,LGBM,PartialAbstention,PartialOrder__Hamming__2,subset0_1_pa,0.2,0.0267±0.0104
medical,LGBM,PartialAbstention,PartialOrder__Hamming__None,subset0_1_pa,0.2,0.0195±0.0114
medical,LGBM,PartialAbstention,PartialOrder__Subset__2,subset0_1_pa,0.2,0.0257±0.0107
medical,LGBM,PartialAbstention,PartialOrder__Subset__None,subset0_1_pa,0.2,0.0195±0.0114
medical,LGBM,PartialAbstention,PreOrder__Hamming__2,subset0_1_pa,0.2,0.0358±0.0151
medical,LGBM,PartialAbstention,PreOrder__Hamming__None,subset0_1_pa,0.2,0.0154±0.0079
medical,LGBM,PartialAbstention,PreOrder__Subset__2,subset0_1_pa,0.2,0.0512±0.0181
medical,LGBM,PartialAbstention,PreOrder__Subset__None,subset0_1_pa,0.2,0.0154±0.0079
medical,LGBM,PartialAbstention,PartialOrder__Hamming__2,subset0_1_pa,0.3,0.0061±0.0075
medical,LGBM,PartialAbstention,PartialOrder__Hamming__None,subset0_1_pa,0.3,0.0061±0.0075
medical,LGBM,PartialAbstention,PartialOrder__Subset__2,subset0_1_pa,0.3,0.0061±0.0075
medical,LGBM,PartialAbstention,PartialOrder__Subset__None,subset0_1_pa,0.3,0.0061±0.0075
medical,LGBM,PartialAbstention,PreOrder__Hamming__2,subset0_1_pa,0.3,0.0041±0.0060
medical,LGBM,PartialAbstention,PreOrder__Hamming__None,subset0_1_pa,0.3,0.0010±0.0020
medical,LGBM,PartialAbstention,PreOrder__Subset__2,subset0_1_pa,0.3,0.0041±0.0060
medical,LGBM,PartialAbstention,PreOrder__Subset__None,subset0_1_pa,0.3,0.0010±0.0020
medical,LGBM,ScoreVector,PartialOrder__Hamming__2,auc_macro,0.0,nan±nan
medical,LGBM,ScoreVector,PartialOrder__Hamming__None,auc_macro,0.0,nan±nan
medical,LGBM,ScoreVector,PartialOrder__Subset__2,auc_macro,0.0,nan±nan
medical,LGBM,ScoreVector,PartialOrder__Subset__None,auc_macro,0.0,nan±nan
medical,LGBM,ScoreVector,PreOrder__Hamming__2,auc_macro,0.0,nan±nan
medical,LGBM,ScoreVector,PreOrder__Hamming__None,auc_macro,0.0,nan±nan
medical,LGBM,ScoreVector,PreOrder__Subset__2,auc_macro,0.0,nan±nan
medical,LGBM,ScoreVector,PreOrder__Subset__None,auc_macro,0.0,nan±nan
medical,LGBM,ScoreVector,br,auc_macro,0.0,nan±nan
medical,LGBM,ScoreVector,cc,auc_macro,0.0,nan±nan
medical,LGBM,ScoreVector,clr,auc_macro,0.0,nan±nan
medical,LGBM,ScoreVector,ecc,auc_macro,0.0,nan±nan
medical,LGBM,ScoreVector,PartialOrder__Hamming__2,auc_macro,0.1,nan±nan
medical,LGBM,ScoreVector,PartialOrder__Hamming__None,auc_macro,0.1,nan±nan
medical,LGBM,ScoreVector,PartialOrder__Subset__2,auc_macro,0.1,nan±nan
medical,LGBM,ScoreVector,PartialOrder__Subset__None,auc_macro,0.1,nan±nan
medical,LGBM,ScoreVector,PreOrder__Hamming__2,auc_macro,0.1,nan±nan
medical,LGBM,ScoreVector,PreOrder__Hamming__None,auc_macro,0.1,nan±nan
medical,LGBM,ScoreVector,PreOrder__Subset__2,auc_macro,0.1,nan±nan
medical,LGBM,ScoreVector,PreOrder__Subset__None,auc_macro,0.1,nan±nan
medical,LGBM,ScoreVector,br,auc_macro,0.1,nan±nan
medical,LGBM,ScoreVector,cc,auc_macro,0.1,nan±nan
medical,LGBM,ScoreVector,clr,auc_macro,0.1,nan±nan
medical,LGBM,ScoreVector,ecc,auc_macro,0.1,nan±nan
medical,LGBM,ScoreVector,PartialOrder__Hamming__2,auc_macro,0.2,nan±nan
medical,LGBM,ScoreVector,PartialOrder__Hamming__None,auc_macro,0.2,nan±nan
medical,LGBM,ScoreVector,PartialOrder__Subset__2,auc_macro,0.2,nan±nan
medical,LGBM,ScoreVector,PartialOrder__Subset__None,auc_macro,0.2,nan±nan
medical,LGBM,ScoreVector,PreOrder__Hamming__2,auc_macro,0.2,nan±nan
medical,LGBM,ScoreVector,PreOrder__Hamming__None,auc_macro,0.2,nan±nan
medical,LGBM,ScoreVector,PreOrder__Subset__2,auc_macro,0.2,nan±nan
medical,LGBM,ScoreVector,PreOrder__Subset__None,auc_macro,0.2,nan±nan
medical,LGBM,ScoreVector,br,auc_macro,0.2,nan±nan
medical,LGBM,ScoreVector,cc,auc_macro,0.2,nan±nan
medical,LGBM,ScoreVector,clr,auc_macro,0.2,nan±nan
medical,LGBM,ScoreVector,ecc,auc_macro,0.2,nan±nan
medical,LGBM,ScoreVector,PartialOrder__Hamming__2,auc_macro,0.3,nan±nan
medical,LGBM,ScoreVector,PartialOrder__Hamming__None,auc_macro,0.3,nan±nan
medical,LGBM,ScoreVector,PartialOrder__Subset__2,auc_macro,0.3,nan±nan
medical,LGBM,ScoreVector,PartialOrder__Subset__None,auc_macro,0.3,nan±nan
medical,LGBM,ScoreVector,PreOrder__Hamming__2,auc_macro,0.3,nan±nan
medical,LGBM,ScoreVector,PreOrder__Hamming__None,auc_macro,0.3,nan±nan
medical,LGBM,ScoreVector,PreOrder__Subset__2,auc_macro,0.3,nan±nan
medical,LGBM,ScoreVector,PreOrder__Subset__None,auc_macro,0.3,nan±nan
medical,LGBM,ScoreVector,br,auc_macro,0.3,nan±nan
medical,LGBM,ScoreVector,cc,auc_macro,0.3,nan±nan
medical,LGBM,ScoreVector,clr,auc_macro,0.3,nan±nan
medical,LGBM,ScoreVector,ecc,auc_macro,0.3,nan±nan
medical,LGBM,ScoreVector,PartialOrder__Hamming__2,auc_micro,0.0,0.9316±0.0108
medical,LGBM,ScoreVector,PartialOrder__Hamming__None,auc_micro,0.0,0.9316±0.0108
medical,LGBM,ScoreVector,PartialOrder__Subset__2,auc_micro,0.0,0.9316±0.0108
medical,LGBM,ScoreVector,PartialOrder__Subset__None,auc_micro,0.0,0.9316±0.0108
medical,LGBM,ScoreVector,PreOrder__Hamming__2,auc_micro,0.0,0.9316±0.0108
medical,LGBM,ScoreVector,PreOrder__Hamming__None,auc_micro,0.0,0.9316±0.0108
medical,LGBM,ScoreVector,PreOrder__Subset__2,auc_micro,0.0,0.9316±0.0108
medical,LGBM,ScoreVector,PreOrder__Subset__None,auc_micro,0.0,0.9316±0.0108
medical,LGBM,ScoreVector,br,auc_micro,0.0,0.9316±0.0108
medical,LGBM,ScoreVector,cc,auc_micro,0.0,0.9274±0.0121
medical,LGBM,ScoreVector,clr,auc_micro,0.0,0.9571±0.0051
medical,LGBM,ScoreVector,ecc,auc_micro,0.0,0.9694±0.0038
medical,LGBM,ScoreVector,PartialOrder__Hamming__2,auc_micro,0.1,0.9255±0.0076
medical,LGBM,ScoreVector,PartialOrder__Hamming__None,auc_micro,0.1,0.9255±0.0076
medical,LGBM,ScoreVector,PartialOrder__Subset__2,auc_micro,0.1,0.9255±0.0076
medical,LGBM,ScoreVector,PartialOrder__Subset__None,auc_micro,0.1,0.9255±0.0076
medical,LGBM,ScoreVector,PreOrder__Hamming__2,auc_micro,0.1,0.9255±0.0076
medical,LGBM,ScoreVector,PreOrder__Hamming__None,auc_micro,0.1,0.9255±0.0076
medical,LGBM,ScoreVector,PreOrder__Subset__2,auc_micro,0.1,0.9255±0.0076
medical,LGBM,ScoreVector,PreOrder__Subset__None,auc_micro,0.1,0.9255±0.0076
medical,LGBM,ScoreVector,br,auc_micro,0.1,0.9217±0.0089
medical,LGBM,ScoreVector,cc,auc_micro,0.1,0.9142±0.0086
medical,LGBM,ScoreVector,clr,auc_micro,0.1,0.9458±0.0051
medical,LGBM,ScoreVector,ecc,auc_micro,0.1,0.9393±0.0052
medical,LGBM,ScoreVector,PartialOrder__Hamming__2,auc_micro,0.2,0.8854±0.0031
medical,LGBM,ScoreVector,PartialOrder__Hamming__None,auc_micro,0.2,0.8854±0.0031
medical,LGBM,ScoreVector,PartialOrder__Subset__2,auc_micro,0.2,0.8854±0.0031
medical,LGBM,ScoreVector,PartialOrder__Subset__None,auc_micro,0.2,0.8854±0.0031
medical,LGBM,ScoreVector,PreOrder__Hamming__2,auc_micro,0.2,0.8854±0.0031
medical,LGBM,ScoreVector,PreOrder__Hamming__None,auc_micro,0.2,0.8854±0.0031
medical,LGBM,ScoreVector,PreOrder__Subset__2,auc_micro,0.2,0.8854±0.0031
medical,LGBM,ScoreVector,PreOrder__Subset__None,auc_micro,0.2,0.8854±0.0031
medical,LGBM,ScoreVector,br,auc_micro,0.2,0.8612±0.0175
medical,LGBM,ScoreVector,cc,auc_micro,0.2,0.8656±0.0165
medical,LGBM,ScoreVector,clr,auc_micro,0.2,0.9233±0.0049
medical,LGBM,ScoreVector,ecc,auc_micro,0.2,0.9052±0.0178
medical,LGBM,ScoreVector,PartialOrder__Hamming__2,auc_micro,0.3,0.8059±0.0173
medical,LGBM,ScoreVector,PartialOrder__Hamming__None,auc_micro,0.3,0.8059±0.0173
medical,LGBM,ScoreVector,PartialOrder__Subset__2,auc_micro,0.3,0.8059±0.0173
medical,LGBM,ScoreVector,PartialOrder__Subset__None,auc_micro,0.3,0.8059±0.0173
medical,LGBM,ScoreVector,PreOrder__Hamming__2,auc_micro,0.3,0.8059±0.0173
medical,LGBM,ScoreVector,PreOrder__Hamming__None,auc_micro,0.3,0.8059±0.0173
medical,LGBM,ScoreVector,PreOrder__Subset__2,auc_micro,0.3,0.8059±0.0173
medical,LGBM,ScoreVector,PreOrder__Subset__None,auc_micro,0.3,0.8059±0.0173
medical,LGBM,ScoreVector,br,auc_micro,0.3,0.8023±0.0047
medical,LGBM,ScoreVector,cc,auc_micro,0.3,0.7995±0.0079
medical,LGBM,ScoreVector,clr,auc_micro,0.3,0.8654±0.0118
medical,LGBM,ScoreVector,ecc,auc_micro,0.3,0.8467±0.0086
medical,LGBM,ScoreVector,PartialOrder__Hamming__2,auprc_macro,0.0,0.4077±0.0321
medical,LGBM,ScoreVector,PartialOrder__Hamming__None,auprc_macro,0.0,0.4077±0.0321
medical,LGBM,ScoreVector,PartialOrder__Subset__2,auprc_macro,0.0,0.4077±0.0321
medical,LGBM,ScoreVector,PartialOrder__Subset__None,auprc_macro,0.0,0.4077±0.0321
medical,LGBM,ScoreVector,PreOrder__Hamming__2,auprc_macro,0.0,0.4077±0.0321
medical,LGBM,ScoreVector,PreOrder__Hamming__None,auprc_macro,0.0,0.4077±0.0321
medical,LGBM,ScoreVector,PreOrder__Subset__2,auprc_macro,0.0,0.4077±0.0321
medical,LGBM,ScoreVector,PreOrder__Subset__None,auprc_macro,0.0,0.4077±0.0321
medical,LGBM,ScoreVector,br,auprc_macro,0.0,0.4077±0.0321
medical,LGBM,ScoreVector,cc,auprc_macro,0.0,0.3957±0.0257
medical,LGBM,ScoreVector,clr,auprc_macro,0.0,0.3731±0.0310
medical,LGBM,ScoreVector,ecc,auprc_macro,0.0,0.4468±0.0381
medical,LGBM,ScoreVector,PartialOrder__Hamming__2,auprc_macro,0.1,0.3119±0.0228
medical,LGBM,ScoreVector,PartialOrder__Hamming__None,auprc_macro,0.1,0.3119±0.0228
medical,LGBM,ScoreVector,PartialOrder__Subset__2,auprc_macro,0.1,0.3119±0.0228
medical,LGBM,ScoreVector,PartialOrder__Subset__None,auprc_macro,0.1,0.3119±0.0228
medical,LGBM,ScoreVector,PreOrder__Hamming__2,auprc_macro,0.1,0.3119±0.0228
medical,LGBM,ScoreVector,PreOrder__Hamming__None,auprc_macro,0.1,0.3119±0.0228
medical,LGBM,ScoreVector,PreOrder__Subset__2,auprc_macro,0.1,0.3119±0.0228
medical,LGBM,ScoreVector,PreOrder__Subset__None,auprc_macro,0.1,0.3119±0.0228
medical,LGBM,ScoreVector,br,auprc_macro,0.1,0.3133±0.0248
medical,LGBM,ScoreVector,cc,auprc_macro,0.1,0.3071±0.0152
medical,LGBM,ScoreVector,clr,auprc_macro,0.1,0.3166±0.0171
medical,LGBM,ScoreVector,ecc,auprc_macro,0.1,0.3333±0.0218
medical,LGBM,ScoreVector,PartialOrder__Hamming__2,auprc_macro,0.2,0.2400±0.0195
medical,LGBM,ScoreVector,PartialOrder__Hamming__None,auprc_macro,0.2,0.2400±0.0195
medical,LGBM,ScoreVector,PartialOrder__Subset__2,auprc_macro,0.2,0.2400±0.0195
medical,LGBM,ScoreVector,PartialOrder__Subset__None,auprc_macro,0.2,0.2400±0.0195
medical,LGBM,ScoreVector,PreOrder__Hamming__2,auprc_macro,0.2,0.2400±0.0195
medical,LGBM,ScoreVector,PreOrder__Hamming__None,auprc_macro,0.2,0.2400±0.0195
medical,LGBM,ScoreVector,PreOrder__Subset__2,auprc_macro,0.2,0.2400±0.0195
medical,LGBM,ScoreVector,PreOrder__Subset__None,auprc_macro,0.2,0.2400±0.0195
medical,LGBM,ScoreVector,br,auprc_macro,0.2,0.2458±0.0149
medical,LGBM,ScoreVector,cc,auprc_macro,0.2,0.2473±0.0271
medical,LGBM,ScoreVector,clr,auprc_macro,0.2,0.2640±0.0170
medical,LGBM,ScoreVector,ecc,auprc_macro,0.2,0.2762±0.0219
medical,LGBM,ScoreVector,PartialOrder__Hamming__2,auprc_macro,0.3,0.1608±0.0204
medical,LGBM,ScoreVector,PartialOrder__Hamming__None,auprc_macro,0.3,0.1608±0.0204
medical,LGBM,ScoreVector,PartialOrder__Subset__2,auprc_macro,0.3,0.1608±0.0204
medical,LGBM,ScoreVector,PartialOrder__Subset__None,auprc_macro,0.3,0.1608±0.0204
medical,LGBM,ScoreVector,PreOrder__Hamming__2,auprc_macro,0.3,0.1608±0.0204
medical,LGBM,ScoreVector,PreOrder__Hamming__None,auprc_macro,0.3,0.1608±0.0204
medical,LGBM,ScoreVector,PreOrder__Subset__2,auprc_macro,0.3,0.1608±0.0204
medical,LGBM,ScoreVector,PreOrder__Subset__None,auprc_macro,0.3,0.1608±0.0204
medical,LGBM,ScoreVector,br,auprc_macro,0.3,0.1571±0.0071
medical,LGBM,ScoreVector,cc,auprc_macro,0.3,0.1654±0.0148
medical,LGBM,ScoreVector,clr,auprc_macro,0.3,0.1923±0.0161
medical,LGBM,ScoreVector,ecc,auprc_macro,0.3,0.1945±0.0120
medical,LGBM,ScoreVector,PartialOrder__Hamming__2,auprc_micro,0.0,0.2847±0.0902
medical,LGBM,ScoreVector,PartialOrder__Hamming__None,auprc_micro,0.0,0.2847±0.0902
medical,LGBM,ScoreVector,PartialOrder__Subset__2,auprc_micro,0.0,0.2847±0.0902
medical,LGBM,ScoreVector,PartialOrder__Subset__None,auprc_micro,0.0,0.2847±0.0902
medical,LGBM,ScoreVector,PreOrder__Hamming__2,auprc_micro,0.0,0.2847±0.0902
medical,LGBM,ScoreVector,PreOrder__Hamming__None,auprc_micro,0.0,0.2847±0.0902
medical,LGBM,ScoreVector,PreOrder__Subset__2,auprc_micro,0.0,0.2847±0.0902
medical,LGBM,ScoreVector,PreOrder__Subset__None,auprc_micro,0.0,0.2847±0.0902
medical,LGBM,ScoreVector,br,auprc_micro,0.0,0.2847±0.0902
medical,LGBM,ScoreVector,cc,auprc_micro,0.0,0.2633±0.0739
medical,LGBM,ScoreVector,clr,auprc_micro,0.0,0.6621±0.0568
medical,LGBM,ScoreVector,ecc,auprc_micro,0.0,0.8289±0.0251
medical,LGBM,ScoreVector,PartialOrder__Hamming__2,auprc_micro,0.1,0.6841±0.0187
medical,LGBM,ScoreVector,PartialOrder__Hamming__None,auprc_micro,0.1,0.6841±0.0187
medical,LGBM,ScoreVector,PartialOrder__Subset__2,auprc_micro,0.1,0.6841±0.0187
medical,LGBM,ScoreVector,PartialOrder__Subset__None,auprc_micro,0.1,0.6841±0.0187
medical,LGBM,ScoreVector,PreOrder__Hamming__2,auprc_micro,0.1,0.6841±0.0187
medical,LGBM,ScoreVector,PreOrder__Hamming__None,auprc_micro,0.1,0.6841±0.0187
medical,LGBM,ScoreVector,PreOrder__Subset__2,auprc_micro,0.1,0.6841±0.0187
medical,LGBM,ScoreVector,PreOrder__Subset__None,auprc_micro,0.1,0.6841±0.0187
medical,LGBM,ScoreVector,br,auprc_micro,0.1,0.6843±0.0288
medical,LGBM,ScoreVector,cc,auprc_micro,0.1,0.6742±0.0267
medical,LGBM,ScoreVector,clr,auprc_micro,0.1,0.7512±0.0219
medical,LGBM,ScoreVector,ecc,auprc_micro,0.1,0.7544±0.0107
medical,LGBM,ScoreVector,PartialOrder__Hamming__2,auprc_micro,0.2,0.4316±0.0328
medical,LGBM,ScoreVector,PartialOrder__Hamming__None,auprc_micro,0.2,0.4316±0.0328
medical,LGBM,ScoreVector,PartialOrder__Subset__2,auprc_micro,0.2,0.4316±0.0328
medical,LGBM,ScoreVector,PartialOrder__Subset__None,auprc_micro,0.2,0.4316±0.0328
medical,LGBM,ScoreVector,PreOrder__Hamming__2,auprc_micro,0.2,0.4316±0.0328
medical,LGBM,ScoreVector,PreOrder__Hamming__None,auprc_micro,0.2,0.4316±0.0328
medical,LGBM,ScoreVector,PreOrder__Subset__2,auprc_micro,0.2,0.4316±0.0328
medical,LGBM,ScoreVector,PreOrder__Subset__None,auprc_micro,0.2,0.4316±0.0328
medical,LGBM,ScoreVector,br,auprc_micro,0.2,0.4617±0.0271
medical,LGBM,ScoreVector,cc,auprc_micro,0.2,0.4303±0.0336
medical,LGBM,ScoreVector,clr,auprc_micro,0.2,0.6223±0.0420
medical,LGBM,ScoreVector,ecc,auprc_micro,0.2,0.6277±0.0267
medical,LGBM,ScoreVector,PartialOrder__Hamming__2,auprc_micro,0.3,0.1950±0.0277
medical,LGBM,ScoreVector,PartialOrder__Hamming__None,auprc_micro,0.3,0.1950±0.0277
medical,LGBM,ScoreVector,PartialOrder__Subset__2,auprc_micro,0.3,0.1950±0.0277
medical,LGBM,ScoreVector,PartialOrder__Subset__None,auprc_micro,0.3,0.1950±0.0277
medical,LGBM,ScoreVector,PreOrder__Hamming__2,auprc_micro,0.3,0.1950±0.0277
medical,LGBM,ScoreVector,PreOrder__Hamming__None,auprc_micro,0.3,0.1950±0.0277
medical,LGBM,ScoreVector,PreOrder__Subset__2,auprc_micro,0.3,0.1950±0.0277
medical,LGBM,ScoreVector,PreOrder__Subset__None,auprc_micro,0.3,0.1950±0.0277
medical,LGBM,ScoreVector,br,auprc_micro,0.3,0.2026±0.0215
medical,LGBM,ScoreVector,cc,auprc_micro,0.3,0.2197±0.0083
medical,LGBM,ScoreVector,clr,auprc_micro,0.3,0.3338±0.0238
medical,LGBM,ScoreVector,ecc,auprc_micro,0.3,0.3256±0.0219
medical,LGBM,ScoreVector,PartialOrder__Hamming__2,coverage,0.0,3.6879±0.5183
medical,LGBM,ScoreVector,PartialOrder__Hamming__None,coverage,0.0,3.6879±0.5183
medical,LGBM,ScoreVector,PartialOrder__Subset__2,coverage,0.0,3.6879±0.5183
medical,LGBM,ScoreVector,PartialOrder__Subset__None,coverage,0.0,3.6879±0.5183
medical,LGBM,ScoreVector,PreOrder__Hamming__2,coverage,0.0,3.6879±0.5183
medical,LGBM,ScoreVector,PreOrder__Hamming__None,coverage,0.0,3.6879±0.5183
medical,LGBM,ScoreVector,PreOrder__Subset__2,coverage,0.0,3.6879±0.5183
medical,LGBM,ScoreVector,PreOrder__Subset__None,coverage,0.0,3.6879±0.5183
medical,LGBM,ScoreVector,br,coverage,0.0,3.6879±0.5183
medical,LGBM,ScoreVector,cc,coverage,0.0,3.8998±0.5539
medical,LGBM,ScoreVector,clr,coverage,0.0,2.5423±0.3021
medical,LGBM,ScoreVector,ecc,coverage,0.0,1.9329±0.1927
medical,LGBM,ScoreVector,PartialOrder__Hamming__2,coverage,0.1,3.8080±0.4885
medical,LGBM,ScoreVector,PartialOrder__Hamming__None,coverage,0.1,3.8080±0.4885
medical,LGBM,ScoreVector,PartialOrder__Subset__2,coverage,0.1,3.8080±0.4885
medical,LGBM,ScoreVector,PartialOrder__Subset__None,coverage,0.1,3.8080±0.4885
medical,LGBM,ScoreVector,PreOrder__Hamming__2,coverage,0.1,3.8080±0.4885
medical,LGBM,ScoreVector,PreOrder__Hamming__None,coverage,0.1,3.8080±0.4885
medical,LGBM,ScoreVector,PreOrder__Subset__2,coverage,0.1,3.8080±0.4885
medical,LGBM,ScoreVector,PreOrder__Subset__None,coverage,0.1,3.8080±0.4885
medical,LGBM,ScoreVector,br,coverage,0.1,3.9750±0.4684
medical,LGBM,ScoreVector,cc,coverage,0.1,4.6016±0.3613
medical,LGBM,ScoreVector,clr,coverage,0.1,3.1812±0.2339
medical,LGBM,ScoreVector,ecc,coverage,0.1,3.3432±0.4313
medical,LGBM,ScoreVector,PartialOrder__Hamming__2,coverage,0.2,5.6316±0.1743
medical,LGBM,ScoreVector,PartialOrder__Hamming__None,coverage,0.2,5.6316±0.1743
medical,LGBM,ScoreVector,PartialOrder__Subset__2,coverage,0.2,5.6316±0.1743
medical,LGBM,ScoreVector,PartialOrder__Subset__None,coverage,0.2,5.6316±0.1743
medical,LGBM,ScoreVector,PreOrder__Hamming__2,coverage,0.2,5.6316±0.1743
medical,LGBM,ScoreVector,PreOrder__Hamming__None,coverage,0.2,5.6316±0.1743
medical,LGBM,ScoreVector,PreOrder__Subset__2,coverage,0.2,5.6316±0.1743
medical,LGBM,ScoreVector,PreOrder__Subset__None,coverage,0.2,5.6316±0.1743
medical,LGBM,ScoreVector,br,coverage,0.2,6.8426±0.8581
medical,LGBM,ScoreVector,cc,coverage,0.2,6.7286±1.0389
medical,LGBM,ScoreVector,clr,coverage,0.2,4.2391±0.2817
medical,LGBM,ScoreVector,ecc,coverage,0.2,5.0133±0.7682
medical,LGBM,ScoreVector,PartialOrder__Hamming__2,coverage,0.3,9.2267±0.8172
medical,LGBM,ScoreVector,PartialOrder__Hamming__None,coverage,0.3,9.2267±0.8172
medical,LGBM,ScoreVector,PartialOrder__Subset__2,coverage,0.3,9.2267±0.8172
medical,LGBM,ScoreVector,PartialOrder__Subset__None,coverage,0.3,9.2267±0.8172
medical,LGBM,ScoreVector,PreOrder__Hamming__2,coverage,0.3,9.2267±0.8172
medical,LGBM,ScoreVector,PreOrder__Hamming__None,coverage,0.3,9.2267±0.8172
medical,LGBM,ScoreVector,PreOrder__Subset__2,coverage,0.3,9.2267±0.8172
medical,LGBM,ScoreVector,PreOrder__Subset__None,coverage,0.3,9.2267±0.8172
medical,LGBM,ScoreVector,br,coverage,0.3,9.5067±0.2712
medical,LGBM,ScoreVector,cc,coverage,0.3,9.7755±0.4285
medical,LGBM,ScoreVector,clr,coverage,0.3,6.9852±0.6495
medical,LGBM,ScoreVector,ecc,coverage,0.3,7.3713±0.1983
medical,LGBM,ScoreVector,PartialOrder__Hamming__2,lr_ap,0.0,0.5061±0.1382
medical,LGBM,ScoreVector,PartialOrder__Hamming__None,lr_ap,0.0,0.5061±0.1382
medical,LGBM,ScoreVector,PartialOrder__Subset__2,lr_ap,0.0,0.5061±0.1382
medical,LGBM,ScoreVector,PartialOrder__Subset__None,lr_ap,0.0,0.5061±0.1382
medical,LGBM,ScoreVector,PreOrder__Hamming__2,lr_ap,0.0,0.5061±0.1382
medical,LGBM,ScoreVector,PreOrder__Hamming__None,lr_ap,0.0,0.5061±0.1382
medical,LGBM,ScoreVector,PreOrder__Subset__2,lr_ap,0.0,0.5061±0.1382
medical,LGBM,ScoreVector,PreOrder__Subset__None,lr_ap,0.0,0.5061±0.1382
medical,LGBM,ScoreVector,br,lr_ap,0.0,0.5061±0.1382
medical,LGBM,ScoreVector,cc,lr_ap,0.0,0.4825±0.1122
medical,LGBM,ScoreVector,clr,lr_ap,0.0,0.7895±0.0512
medical,LGBM,ScoreVector,ecc,lr_ap,0.0,0.8816±0.0238
medical,LGBM,ScoreVector,PartialOrder__Hamming__2,lr_ap,0.1,0.7913±0.0152
medical,LGBM,ScoreVector,PartialOrder__Hamming__None,lr_ap,0.1,0.7913±0.0152
medical,LGBM,ScoreVector,PartialOrder__Subset__2,lr_ap,0.1,0.7913±0.0152
medical,LGBM,ScoreVector,PartialOrder__Subset__None,lr_ap,0.1,0.7913±0.0152
medical,LGBM,ScoreVector,PreOrder__Hamming__2,lr_ap,0.1,0.7913±0.0152
medical,LGBM,ScoreVector,PreOrder__Hamming__None,lr_ap,0.1,0.7913±0.0152
medical,LGBM,ScoreVector,PreOrder__Subset__2,lr_ap,0.1,0.7913±0.0152
medical,LGBM,ScoreVector,PreOrder__Subset__None,lr_ap,0.1,0.7913±0.0152
medical,LGBM,ScoreVector,br,lr_ap,0.1,0.7798±0.0242
medical,LGBM,ScoreVector,cc,lr_ap,0.1,0.7633±0.0208
medical,LGBM,ScoreVector,clr,lr_ap,0.1,0.8273±0.0194
medical,LGBM,ScoreVector,ecc,lr_ap,0.1,0.8366±0.0193
medical,LGBM,ScoreVector,PartialOrder__Hamming__2,lr_ap,0.2,0.6490±0.0194
medical,LGBM,ScoreVector,PartialOrder__Hamming__None,lr_ap,0.2,0.6490±0.0194
medical,LGBM,ScoreVector,PartialOrder__Subset__2,lr_ap,0.2,0.6490±0.0194
medical,LGBM,ScoreVector,PartialOrder__Subset__None,lr_ap,0.2,0.6490±0.0194
medical,LGBM,ScoreVector,PreOrder__Hamming__2,lr_ap,0.2,0.6490±0.0194
medical,LGBM,ScoreVector,PreOrder__Hamming__None,lr_ap,0.2,0.6490±0.0194
medical,LGBM,ScoreVector,PreOrder__Subset__2,lr_ap,0.2,0.6490±0.0194
medical,LGBM,ScoreVector,PreOrder__Subset__None,lr_ap,0.2,0.6490±0.0194
medical,LGBM,ScoreVector,br,lr_ap,0.2,0.6281±0.0234
medical,LGBM,ScoreVector,cc,lr_ap,0.2,0.6157±0.0273
medical,LGBM,ScoreVector,clr,lr_ap,0.2,0.7406±0.0271
medical,LGBM,ScoreVector,ecc,lr_ap,0.2,0.7441±0.0232
medical,LGBM,ScoreVector,PartialOrder__Hamming__2,lr_ap,0.3,0.4561±0.0241
medical,LGBM,ScoreVector,PartialOrder__Hamming__None,lr_ap,0.3,0.4561±0.0241
medical,LGBM,ScoreVector,PartialOrder__Subset__2,lr_ap,0.3,0.4561±0.0241
medical,LGBM,ScoreVector,PartialOrder__Subset__None,lr_ap,0.3,0.4561±0.0241
medical,LGBM,ScoreVector,PreOrder__Hamming__2,lr_ap,0.3,0.4561±0.0241
medical,LGBM,ScoreVector,PreOrder__Hamming__None,lr_ap,0.3,0.4561±0.0241
medical,LGBM,ScoreVector,PreOrder__Subset__2,lr_ap,0.3,0.4561±0.0241
medical,LGBM,ScoreVector,PreOrder__Subset__None,lr_ap,0.3,0.4561±0.0241
medical,LGBM,ScoreVector,br,lr_ap,0.3,0.4708±0.0166
medical,LGBM,ScoreVector,cc,lr_ap,0.3,0.4538±0.0198
medical,LGBM,ScoreVector,clr,lr_ap,0.3,0.5545±0.0146
medical,LGBM,ScoreVector,ecc,lr_ap,0.3,0.5343±0.0164
medical,LGBM,ScoreVector,PartialOrder__Hamming__2,one_error,0.0,0.7881±0.2094
medical,LGBM,ScoreVector,PartialOrder__Hamming__None,one_error,0.0,0.7881±0.2094
medical,LGBM,ScoreVector,PartialOrder__Subset__2,one_error,0.0,0.7881±0.2094
medical,LGBM,ScoreVector,PartialOrder__Subset__None,one_error,0.0,0.7881±0.2094
medical,LGBM,ScoreVector,PreOrder__Hamming__2,one_error,0.0,0.7881±0.2094
medical,LGBM,ScoreVector,PreOrder__Hamming__None,one_error,0.0,0.7881±0.2094
medical,LGBM,ScoreVector,PreOrder__Subset__2,one_error,0.0,0.7881±0.2094
medical,LGBM,ScoreVector,PreOrder__Subset__None,one_error,0.0,0.7881±0.2094
medical,LGBM,ScoreVector,br,one_error,0.0,0.7881±0.2094
medical,LGBM,ScoreVector,cc,one_error,0.0,0.8243±0.1790
medical,LGBM,ScoreVector,clr,one_error,0.0,0.2823±0.0767
medical,LGBM,ScoreVector,ecc,one_error,0.0,0.1483±0.0400
medical,LGBM,ScoreVector,PartialOrder__Hamming__2,one_error,0.1,0.2393±0.0150
medical,LGBM,ScoreVector,PartialOrder__Hamming__None,one_error,0.1,0.2393±0.0150
medical,LGBM,ScoreVector,PartialOrder__Subset__2,one_error,0.1,0.2393±0.0150
medical,LGBM,ScoreVector,PartialOrder__Subset__None,one_error,0.1,0.2393±0.0150
medical,LGBM,ScoreVector,PreOrder__Hamming__2,one_error,0.1,0.2393±0.0150
medical,LGBM,ScoreVector,PreOrder__Hamming__None,one_error,0.1,0.2393±0.0150
medical,LGBM,ScoreVector,PreOrder__Subset__2,one_error,0.1,0.2393±0.0150
medical,LGBM,ScoreVector,PreOrder__Subset__None,one_error,0.1,0.2393±0.0150
medical,LGBM,ScoreVector,br,one_error,0.1,0.2515±0.0288
medical,LGBM,ScoreVector,cc,one_error,0.1,0.2628±0.0295
medical,LGBM,ScoreVector,clr,one_error,0.1,0.1922±0.0327
medical,LGBM,ScoreVector,ecc,one_error,0.1,0.1738±0.0221
medical,LGBM,ScoreVector,PartialOrder__Hamming__2,one_error,0.2,0.4202±0.0271
medical,LGBM,ScoreVector,PartialOrder__Hamming__None,one_error,0.2,0.4202±0.0271
medical,LGBM,ScoreVector,PartialOrder__Subset__2,one_error,0.2,0.4202±0.0271
medical,LGBM,ScoreVector,PartialOrder__Subset__None,one_error,0.2,0.4202±0.0271
medical,LGBM,ScoreVector,PreOrder__Hamming__2,one_error,0.2,0.4202±0.0271
medical,LGBM,ScoreVector,PreOrder__Hamming__None,one_error,0.2,0.4202±0.0271
medical,LGBM,ScoreVector,PreOrder__Subset__2,one_error,0.2,0.4202±0.0271
medical,LGBM,ScoreVector,PreOrder__Subset__None,one_error,0.2,0.4202±0.0271
medical,LGBM,ScoreVector,br,one_error,0.2,0.4407±0.0247
medical,LGBM,ScoreVector,cc,one_error,0.2,0.4591±0.0263
medical,LGBM,ScoreVector,clr,one_error,0.2,0.3006±0.0336
medical,LGBM,ScoreVector,ecc,one_error,0.2,0.2873±0.0257
medical,LGBM,ScoreVector,PartialOrder__Hamming__2,one_error,0.3,0.6462±0.0239
medical,LGBM,ScoreVector,PartialOrder__Hamming__None,one_error,0.3,0.6462±0.0239
medical,LGBM,ScoreVector,PartialOrder__Subset__2,one_error,0.3,0.6462±0.0239
medical,LGBM,ScoreVector,PartialOrder__Subset__None,one_error,0.3,0.6462±0.0239
medical,LGBM,ScoreVector,PreOrder__Hamming__2,one_error,0.3,0.6462±0.0239
medical,LGBM,ScoreVector,PreOrder__Hamming__None,one_error,0.3,0.6462±0.0239
medical,LGBM,ScoreVector,PreOrder__Subset__2,one_error,0.3,0.6462±0.0239
medical,LGBM,ScoreVector,PreOrder__Subset__None,one_error,0.3,0.6462±0.0239
medical,LGBM,ScoreVector,br,one_error,0.3,0.6298±0.0187
medical,LGBM,ScoreVector,cc,one_error,0.3,0.6432±0.0253
medical,LGBM,ScoreVector,clr,one_error,0.3,0.5266±0.0296
medical,LGBM,ScoreVector,ecc,one_error,0.3,0.5562±0.0188
medical,LGBM,ScoreVector,PartialOrder__Hamming__2,ranking_loss,0.0,0.0655±0.0104
medical,LGBM,ScoreVector,PartialOrder__Hamming__None,ranking_loss,0.0,0.0655±0.0104
medical,LGBM,ScoreVector,PartialOrder__Subset__2,ranking_loss,0.0,0.0655±0.0104
medical,LGBM,ScoreVector,PartialOrder__Subset__None,ranking_loss,0.0,0.0655±0.0104
medical,LGBM,ScoreVector,PreOrder__Hamming__2,ranking_loss,0.0,0.0655±0.0104
medical,LGBM,ScoreVector,PreOrder__Hamming__None,ranking_loss,0.0,0.0655±0.0104
medical,LGBM,ScoreVector,PreOrder__Subset__2,ranking_loss,0.0,0.0655±0.0104
medical,LGBM,ScoreVector,PreOrder__Subset__None,ranking_loss,0.0,0.0655±0.0104
medical,LGBM,ScoreVector,br,ranking_loss,0.0,0.0655±0.0104
medical,LGBM,ScoreVector,cc,ranking_loss,0.0,0.0707±0.0140
medical,LGBM,ScoreVector,clr,ranking_loss,0.0,0.0386±0.0083
medical,LGBM,ScoreVector,ecc,ranking_loss,0.0,0.0281±0.0054
medical,LGBM,ScoreVector,PartialOrder__Hamming__2,ranking_loss,0.1,0.0642±0.0100
medical,LGBM,ScoreVector,PartialOrder__Hamming__None,ranking_loss,0.1,0.0642±0.0100
medical,LGBM,ScoreVector,PartialOrder__Subset__2,ranking_loss,0.1,0.0642±0.0100
medical,LGBM,ScoreVector,PartialOrder__Subset__None,ranking_loss,0.1,0.0642±0.0100
medical,LGBM,ScoreVector,PreOrder__Hamming__2,ranking_loss,0.1,0.0642±0.0100
medical,LGBM,ScoreVector,PreOrder__Hamming__None,ranking_loss,0.1,0.0642±0.0100
medical,LGBM,ScoreVector,PreOrder__Subset__2,ranking_loss,0.1,0.0642±0.0100
medical,LGBM,ScoreVector,PreOrder__Subset__None,ranking_loss,0.1,0.0642±0.0100
medical,LGBM,ScoreVector,br,ranking_loss,0.1,0.0666±0.0102
medical,LGBM,ScoreVector,cc,ranking_loss,0.1,0.0770±0.0060
medical,LGBM,ScoreVector,clr,ranking_loss,0.1,0.0520±0.0041
medical,LGBM,ScoreVector,ecc,ranking_loss,0.1,0.0551±0.0095
medical,LGBM,ScoreVector,PartialOrder__Hamming__2,ranking_loss,0.2,0.0982±0.0041
medical,LGBM,ScoreVector,PartialOrder__Hamming__None,ranking_loss,0.2,0.0982±0.0041
medical,LGBM,ScoreVector,PartialOrder__Subset__2,ranking_loss,0.2,0.0982±0.0041
medical,LGBM,ScoreVector,PartialOrder__Subset__None,ranking_loss,0.2,0.0982±0.0041
medical,LGBM,ScoreVector,PreOrder__Hamming__2,ranking_loss,0.2,0.0982±0.0041
medical,LGBM,ScoreVector,PreOrder__Hamming__None,ranking_loss,0.2,0.0982±0.0041
medical,LGBM,ScoreVector,PreOrder__Subset__2,ranking_loss,0.2,0.0982±0.0041
medical,LGBM,ScoreVector,PreOrder__Subset__None,ranking_loss,0.2,0.0982±0.0041
medical,LGBM,ScoreVector,br,ranking_loss,0.2,0.1246±0.0162
medical,LGBM,ScoreVector,cc,ranking_loss,0.2,0.1210±0.0179
medical,LGBM,ScoreVector,clr,ranking_loss,0.2,0.0726±0.0063
medical,LGBM,ScoreVector,ecc,ranking_loss,0.2,0.0872±0.0125
medical,LGBM,ScoreVector,PartialOrder__Hamming__2,ranking_loss,0.3,0.1762±0.0138
medical,LGBM,ScoreVector,PartialOrder__Hamming__None,ranking_loss,0.3,0.1762±0.0138
medical,LGBM,ScoreVector,PartialOrder__Subset__2,ranking_loss,0.3,0.1762±0.0138
medical,LGBM,ScoreVector,PartialOrder__Subset__None,ranking_loss,0.3,0.1762±0.0138
medical,LGBM,ScoreVector,PreOrder__Hamming__2,ranking_loss,0.3,0.1762±0.0138
medical,LGBM,ScoreVector,PreOrder__Hamming__None,ranking_loss,0.3,0.1762±0.0138
medical,LGBM,ScoreVector,PreOrder__Subset__2,ranking_loss,0.3,0.1762±0.0138
medical,LGBM,ScoreVector,PreOrder__Subset__None,ranking_loss,0.3,0.1762±0.0138
medical,LGBM,ScoreVector,br,ranking_loss,0.3,0.1809±0.0059
medical,LGBM,ScoreVector,cc,ranking_loss,0.3,0.1889±0.0110
medical,LGBM,ScoreVector,clr,ranking_loss,0.3,0.1273±0.0139
medical,LGBM,ScoreVector,ecc,ranking_loss,0.3,0.1349±0.0053
medical,LGBM,ScoreVector,PartialOrder__Hamming__2,auc_macro,0.0,nan±nan
medical,LGBM,ScoreVector,PartialOrder__Hamming__None,auc_macro,0.0,nan±nan
medical,LGBM,ScoreVector,PartialOrder__Subset__2,auc_macro,0.0,nan±nan
medical,LGBM,ScoreVector,PartialOrder__Subset__None,auc_macro,0.0,nan±nan
medical,LGBM,ScoreVector,PreOrder__Hamming__2,auc_macro,0.0,nan±nan
medical,LGBM,ScoreVector,PreOrder__Hamming__None,auc_macro,0.0,nan±nan
medical,LGBM,ScoreVector,PreOrder__Subset__2,auc_macro,0.0,nan±nan
medical,LGBM,ScoreVector,PreOrder__Subset__None,auc_macro,0.0,nan±nan
medical,LGBM,ScoreVector,br,auc_macro,0.0,nan±nan
medical,LGBM,ScoreVector,cc,auc_macro,0.0,nan±nan
medical,LGBM,ScoreVector,clr,auc_macro,0.0,nan±nan
medical,LGBM,ScoreVector,ecc,auc_macro,0.0,nan±nan
medical,LGBM,ScoreVector,PartialOrder__Hamming__2,auc_macro,0.1,nan±nan
medical,LGBM,ScoreVector,PartialOrder__Hamming__None,auc_macro,0.1,nan±nan
medical,LGBM,ScoreVector,PartialOrder__Subset__2,auc_macro,0.1,nan±nan
medical,LGBM,ScoreVector,PartialOrder__Subset__None,auc_macro,0.1,nan±nan
medical,LGBM,ScoreVector,PreOrder__Hamming__2,auc_macro,0.1,nan±nan
medical,LGBM,ScoreVector,PreOrder__Hamming__None,auc_macro,0.1,nan±nan
medical,LGBM,ScoreVector,PreOrder__Subset__2,auc_macro,0.1,nan±nan
medical,LGBM,ScoreVector,PreOrder__Subset__None,auc_macro,0.1,nan±nan
medical,LGBM,ScoreVector,br,auc_macro,0.1,nan±nan
medical,LGBM,ScoreVector,cc,auc_macro,0.1,nan±nan
medical,LGBM,ScoreVector,clr,auc_macro,0.1,nan±nan
medical,LGBM,ScoreVector,ecc,auc_macro,0.1,nan±nan
medical,LGBM,ScoreVector,PartialOrder__Hamming__2,auc_macro,0.2,nan±nan
medical,LGBM,ScoreVector,PartialOrder__Hamming__None,auc_macro,0.2,nan±nan
medical,LGBM,ScoreVector,PartialOrder__Subset__2,auc_macro,0.2,nan±nan
medical,LGBM,ScoreVector,PartialOrder__Subset__None,auc_macro,0.2,nan±nan
medical,LGBM,ScoreVector,PreOrder__Hamming__2,auc_macro,0.2,nan±nan
medical,LGBM,ScoreVector,PreOrder__Hamming__None,auc_macro,0.2,nan±nan
medical,LGBM,ScoreVector,PreOrder__Subset__2,auc_macro,0.2,nan±nan
medical,LGBM,ScoreVector,PreOrder__Subset__None,auc_macro,0.2,nan±nan
medical,LGBM,ScoreVector,br,auc_macro,0.2,nan±nan
medical,LGBM,ScoreVector,cc,auc_macro,0.2,nan±nan
medical,LGBM,ScoreVector,clr,auc_macro,0.2,nan±nan
medical,LGBM,ScoreVector,ecc,auc_macro,0.2,nan±nan
medical,LGBM,ScoreVector,PartialOrder__Hamming__2,auc_macro,0.3,nan±nan
medical,LGBM,ScoreVector,PartialOrder__Hamming__None,auc_macro,0.3,nan±nan
medical,LGBM,ScoreVector,PartialOrder__Subset__2,auc_macro,0.3,nan±nan
medical,LGBM,ScoreVector,PartialOrder__Subset__None,auc_macro,0.3,nan±nan
medical,LGBM,ScoreVector,PreOrder__Hamming__2,auc_macro,0.3,nan±nan
medical,LGBM,ScoreVector,PreOrder__Hamming__None,auc_macro,0.3,nan±nan
medical,LGBM,ScoreVector,PreOrder__Subset__2,auc_macro,0.3,nan±nan
medical,LGBM,ScoreVector,PreOrder__Subset__None,auc_macro,0.3,nan±nan
medical,LGBM,ScoreVector,br,auc_macro,0.3,nan±nan
medical,LGBM,ScoreVector,cc,auc_macro,0.3,nan±nan
medical,LGBM,ScoreVector,clr,auc_macro,0.3,nan±nan
medical,LGBM,ScoreVector,ecc,auc_macro,0.3,nan±nan
medical,LGBM,ScoreVector,PartialOrder__Hamming__2,auc_micro,0.0,0.9316±0.0108
medical,LGBM,ScoreVector,PartialOrder__Hamming__None,auc_micro,0.0,0.9316±0.0108
medical,LGBM,ScoreVector,PartialOrder__Subset__2,auc_micro,0.0,0.9316±0.0108
medical,LGBM,ScoreVector,PartialOrder__Subset__None,auc_micro,0.0,0.9316±0.0108
medical,LGBM,ScoreVector,PreOrder__Hamming__2,auc_micro,0.0,0.9316±0.0108
medical,LGBM,ScoreVector,PreOrder__Hamming__None,auc_micro,0.0,0.9316±0.0108
medical,LGBM,ScoreVector,PreOrder__Subset__2,auc_micro,0.0,0.9316±0.0108
medical,LGBM,ScoreVector,PreOrder__Subset__None,auc_micro,0.0,0.9316±0.0108
medical,LGBM,ScoreVector,br,auc_micro,0.0,0.9316±0.0108
medical,LGBM,ScoreVector,cc,auc_micro,0.0,0.9274±0.0121
medical,LGBM,ScoreVector,clr,auc_micro,0.0,0.9571±0.0051
medical,LGBM,ScoreVector,ecc,auc_micro,0.0,0.9694±0.0038
medical,LGBM,ScoreVector,PartialOrder__Hamming__2,auc_micro,0.1,0.9255±0.0076
medical,LGBM,ScoreVector,PartialOrder__Hamming__None,auc_micro,0.1,0.9255±0.0076
medical,LGBM,ScoreVector,PartialOrder__Subset__2,auc_micro,0.1,0.9255±0.0076
medical,LGBM,ScoreVector,PartialOrder__Subset__None,auc_micro,0.1,0.9255±0.0076
medical,LGBM,ScoreVector,PreOrder__Hamming__2,auc_micro,0.1,0.9255±0.0076
medical,LGBM,ScoreVector,PreOrder__Hamming__None,auc_micro,0.1,0.9255±0.0076
medical,LGBM,ScoreVector,PreOrder__Subset__2,auc_micro,0.1,0.9255±0.0076
medical,LGBM,ScoreVector,PreOrder__Subset__None,auc_micro,0.1,0.9255±0.0076
medical,LGBM,ScoreVector,br,auc_micro,0.1,0.9217±0.0089
medical,LGBM,ScoreVector,cc,auc_micro,0.1,0.9142±0.0086
medical,LGBM,ScoreVector,clr,auc_micro,0.1,0.9458±0.0051
medical,LGBM,ScoreVector,ecc,auc_micro,0.1,0.9393±0.0052
medical,LGBM,ScoreVector,PartialOrder__Hamming__2,auc_micro,0.2,0.8854±0.0031
medical,LGBM,ScoreVector,PartialOrder__Hamming__None,auc_micro,0.2,0.8854±0.0031
medical,LGBM,ScoreVector,PartialOrder__Subset__2,auc_micro,0.2,0.8854±0.0031
medical,LGBM,ScoreVector,PartialOrder__Subset__None,auc_micro,0.2,0.8854±0.0031
medical,LGBM,ScoreVector,PreOrder__Hamming__2,auc_micro,0.2,0.8854±0.0031
medical,LGBM,ScoreVector,PreOrder__Hamming__None,auc_micro,0.2,0.8854±0.0031
medical,LGBM,ScoreVector,PreOrder__Subset__2,auc_micro,0.2,0.8854±0.0031
medical,LGBM,ScoreVector,PreOrder__Subset__None,auc_micro,0.2,0.8854±0.0031
medical,LGBM,ScoreVector,br,auc_micro,0.2,0.8612±0.0175
medical,LGBM,ScoreVector,cc,auc_micro,0.2,0.8656±0.0165
medical,LGBM,ScoreVector,clr,auc_micro,0.2,0.9233±0.0049
medical,LGBM,ScoreVector,ecc,auc_micro,0.2,0.9052±0.0178
medical,LGBM,ScoreVector,PartialOrder__Hamming__2,auc_micro,0.3,0.8059±0.0173
medical,LGBM,ScoreVector,PartialOrder__Hamming__None,auc_micro,0.3,0.8059±0.0173
medical,LGBM,ScoreVector,PartialOrder__Subset__2,auc_micro,0.3,0.8059±0.0173
medical,LGBM,ScoreVector,PartialOrder__Subset__None,auc_micro,0.3,0.8059±0.0173
medical,LGBM,ScoreVector,PreOrder__Hamming__2,auc_micro,0.3,0.8059±0.0173
medical,LGBM,ScoreVector,PreOrder__Hamming__None,auc_micro,0.3,0.8059±0.0173
medical,LGBM,ScoreVector,PreOrder__Subset__2,auc_micro,0.3,0.8059±0.0173
medical,LGBM,ScoreVector,PreOrder__Subset__None,auc_micro,0.3,0.8059±0.0173
medical,LGBM,ScoreVector,br,auc_micro,0.3,0.8023±0.0047
medical,LGBM,ScoreVector,cc,auc_micro,0.3,0.7995±0.0079
medical,LGBM,ScoreVector,clr,auc_micro,0.3,0.8654±0.0118
medical,LGBM,ScoreVector,ecc,auc_micro,0.3,0.8467±0.0086
medical,LGBM,ScoreVector,PartialOrder__Hamming__2,auprc_macro,0.0,0.4077±0.0321
medical,LGBM,ScoreVector,PartialOrder__Hamming__None,auprc_macro,0.0,0.4077±0.0321
medical,LGBM,ScoreVector,PartialOrder__Subset__2,auprc_macro,0.0,0.4077±0.0321
medical,LGBM,ScoreVector,PartialOrder__Subset__None,auprc_macro,0.0,0.4077±0.0321
medical,LGBM,ScoreVector,PreOrder__Hamming__2,auprc_macro,0.0,0.4077±0.0321
medical,LGBM,ScoreVector,PreOrder__Hamming__None,auprc_macro,0.0,0.4077±0.0321
medical,LGBM,ScoreVector,PreOrder__Subset__2,auprc_macro,0.0,0.4077±0.0321
medical,LGBM,ScoreVector,PreOrder__Subset__None,auprc_macro,0.0,0.4077±0.0321
medical,LGBM,ScoreVector,br,auprc_macro,0.0,0.4077±0.0321
medical,LGBM,ScoreVector,cc,auprc_macro,0.0,0.3957±0.0257
medical,LGBM,ScoreVector,clr,auprc_macro,0.0,0.3731±0.0310
medical,LGBM,ScoreVector,ecc,auprc_macro,0.0,0.4468±0.0381
medical,LGBM,ScoreVector,PartialOrder__Hamming__2,auprc_macro,0.1,0.3119±0.0228
medical,LGBM,ScoreVector,PartialOrder__Hamming__None,auprc_macro,0.1,0.3119±0.0228
medical,LGBM,ScoreVector,PartialOrder__Subset__2,auprc_macro,0.1,0.3119±0.0228
medical,LGBM,ScoreVector,PartialOrder__Subset__None,auprc_macro,0.1,0.3119±0.0228
medical,LGBM,ScoreVector,PreOrder__Hamming__2,auprc_macro,0.1,0.3119±0.0228
medical,LGBM,ScoreVector,PreOrder__Hamming__None,auprc_macro,0.1,0.3119±0.0228
medical,LGBM,ScoreVector,PreOrder__Subset__2,auprc_macro,0.1,0.3119±0.0228
medical,LGBM,ScoreVector,PreOrder__Subset__None,auprc_macro,0.1,0.3119±0.0228
medical,LGBM,ScoreVector,br,auprc_macro,0.1,0.3133±0.0248
medical,LGBM,ScoreVector,cc,auprc_macro,0.1,0.3071±0.0152
medical,LGBM,ScoreVector,clr,auprc_macro,0.1,0.3166±0.0171
medical,LGBM,ScoreVector,ecc,auprc_macro,0.1,0.3333±0.0218
medical,LGBM,ScoreVector,PartialOrder__Hamming__2,auprc_macro,0.2,0.2400±0.0195
medical,LGBM,ScoreVector,PartialOrder__Hamming__None,auprc_macro,0.2,0.2400±0.0195
medical,LGBM,ScoreVector,PartialOrder__Subset__2,auprc_macro,0.2,0.2400±0.0195
medical,LGBM,ScoreVector,PartialOrder__Subset__None,auprc_macro,0.2,0.2400±0.0195
medical,LGBM,ScoreVector,PreOrder__Hamming__2,auprc_macro,0.2,0.2400±0.0195
medical,LGBM,ScoreVector,PreOrder__Hamming__None,auprc_macro,0.2,0.2400±0.0195
medical,LGBM,ScoreVector,PreOrder__Subset__2,auprc_macro,0.2,0.2400±0.0195
medical,LGBM,ScoreVector,PreOrder__Subset__None,auprc_macro,0.2,0.2400±0.0195
medical,LGBM,ScoreVector,br,auprc_macro,0.2,0.2458±0.0149
medical,LGBM,ScoreVector,cc,auprc_macro,0.2,0.2473±0.0271
medical,LGBM,ScoreVector,clr,auprc_macro,0.2,0.2640±0.0170
medical,LGBM,ScoreVector,ecc,auprc_macro,0.2,0.2762±0.0219
medical,LGBM,ScoreVector,PartialOrder__Hamming__2,auprc_macro,0.3,0.1608±0.0204
medical,LGBM,ScoreVector,PartialOrder__Hamming__None,auprc_macro,0.3,0.1608±0.0204
medical,LGBM,ScoreVector,PartialOrder__Subset__2,auprc_macro,0.3,0.1608±0.0204
medical,LGBM,ScoreVector,PartialOrder__Subset__None,auprc_macro,0.3,0.1608±0.0204
medical,LGBM,ScoreVector,PreOrder__Hamming__2,auprc_macro,0.3,0.1608±0.0204
medical,LGBM,ScoreVector,PreOrder__Hamming__None,auprc_macro,0.3,0.1608±0.0204
medical,LGBM,ScoreVector,PreOrder__Subset__2,auprc_macro,0.3,0.1608±0.0204
medical,LGBM,ScoreVector,PreOrder__Subset__None,auprc_macro,0.3,0.1608±0.0204
medical,LGBM,ScoreVector,br,auprc_macro,0.3,0.1571±0.0071
medical,LGBM,ScoreVector,cc,auprc_macro,0.3,0.1654±0.0148
medical,LGBM,ScoreVector,clr,auprc_macro,0.3,0.1923±0.0161
medical,LGBM,ScoreVector,ecc,auprc_macro,0.3,0.1945±0.0120
medical,LGBM,ScoreVector,PartialOrder__Hamming__2,auprc_micro,0.0,0.2847±0.0902
medical,LGBM,ScoreVector,PartialOrder__Hamming__None,auprc_micro,0.0,0.2847±0.0902
medical,LGBM,ScoreVector,PartialOrder__Subset__2,auprc_micro,0.0,0.2847±0.0902
medical,LGBM,ScoreVector,PartialOrder__Subset__None,auprc_micro,0.0,0.2847±0.0902
medical,LGBM,ScoreVector,PreOrder__Hamming__2,auprc_micro,0.0,0.2847±0.0902
medical,LGBM,ScoreVector,PreOrder__Hamming__None,auprc_micro,0.0,0.2847±0.0902
medical,LGBM,ScoreVector,PreOrder__Subset__2,auprc_micro,0.0,0.2847±0.0902
medical,LGBM,ScoreVector,PreOrder__Subset__None,auprc_micro,0.0,0.2847±0.0902
medical,LGBM,ScoreVector,br,auprc_micro,0.0,0.2847±0.0902
medical,LGBM,ScoreVector,cc,auprc_micro,0.0,0.2633±0.0739
medical,LGBM,ScoreVector,clr,auprc_micro,0.0,0.6621±0.0568
medical,LGBM,ScoreVector,ecc,auprc_micro,0.0,0.8289±0.0251
medical,LGBM,ScoreVector,PartialOrder__Hamming__2,auprc_micro,0.1,0.6841±0.0187
medical,LGBM,ScoreVector,PartialOrder__Hamming__None,auprc_micro,0.1,0.6841±0.0187
medical,LGBM,ScoreVector,PartialOrder__Subset__2,auprc_micro,0.1,0.6841±0.0187
medical,LGBM,ScoreVector,PartialOrder__Subset__None,auprc_micro,0.1,0.6841±0.0187
medical,LGBM,ScoreVector,PreOrder__Hamming__2,auprc_micro,0.1,0.6841±0.0187
medical,LGBM,ScoreVector,PreOrder__Hamming__None,auprc_micro,0.1,0.6841±0.0187
medical,LGBM,ScoreVector,PreOrder__Subset__2,auprc_micro,0.1,0.6841±0.0187
medical,LGBM,ScoreVector,PreOrder__Subset__None,auprc_micro,0.1,0.6841±0.0187
medical,LGBM,ScoreVector,br,auprc_micro,0.1,0.6843±0.0288
medical,LGBM,ScoreVector,cc,auprc_micro,0.1,0.6742±0.0267
medical,LGBM,ScoreVector,clr,auprc_micro,0.1,0.7512±0.0219
medical,LGBM,ScoreVector,ecc,auprc_micro,0.1,0.7544±0.0107
medical,LGBM,ScoreVector,PartialOrder__Hamming__2,auprc_micro,0.2,0.4316±0.0328
medical,LGBM,ScoreVector,PartialOrder__Hamming__None,auprc_micro,0.2,0.4316±0.0328
medical,LGBM,ScoreVector,PartialOrder__Subset__2,auprc_micro,0.2,0.4316±0.0328
medical,LGBM,ScoreVector,PartialOrder__Subset__None,auprc_micro,0.2,0.4316±0.0328
medical,LGBM,ScoreVector,PreOrder__Hamming__2,auprc_micro,0.2,0.4316±0.0328
medical,LGBM,ScoreVector,PreOrder__Hamming__None,auprc_micro,0.2,0.4316±0.0328
medical,LGBM,ScoreVector,PreOrder__Subset__2,auprc_micro,0.2,0.4316±0.0328
medical,LGBM,ScoreVector,PreOrder__Subset__None,auprc_micro,0.2,0.4316±0.0328
medical,LGBM,ScoreVector,br,auprc_micro,0.2,0.4617±0.0271
medical,LGBM,ScoreVector,cc,auprc_micro,0.2,0.4303±0.0336
medical,LGBM,ScoreVector,clr,auprc_micro,0.2,0.6223±0.0420
medical,LGBM,ScoreVector,ecc,auprc_micro,0.2,0.6277±0.0267
medical,LGBM,ScoreVector,PartialOrder__Hamming__2,auprc_micro,0.3,0.1950±0.0277
medical,LGBM,ScoreVector,PartialOrder__Hamming__None,auprc_micro,0.3,0.1950±0.0277
medical,LGBM,ScoreVector,PartialOrder__Subset__2,auprc_micro,0.3,0.1950±0.0277
medical,LGBM,ScoreVector,PartialOrder__Subset__None,auprc_micro,0.3,0.1950±0.0277
medical,LGBM,ScoreVector,PreOrder__Hamming__2,auprc_micro,0.3,0.1950±0.0277
medical,LGBM,ScoreVector,PreOrder__Hamming__None,auprc_micro,0.3,0.1950±0.0277
medical,LGBM,ScoreVector,PreOrder__Subset__2,auprc_micro,0.3,0.1950±0.0277
medical,LGBM,ScoreVector,PreOrder__Subset__None,auprc_micro,0.3,0.1950±0.0277
medical,LGBM,ScoreVector,br,auprc_micro,0.3,0.2026±0.0215
medical,LGBM,ScoreVector,cc,auprc_micro,0.3,0.2197±0.0083
medical,LGBM,ScoreVector,clr,auprc_micro,0.3,0.3338±0.0238
medical,LGBM,ScoreVector,ecc,auprc_micro,0.3,0.3256±0.0219
medical,LGBM,ScoreVector,PartialOrder__Hamming__2,coverage,0.0,3.6879±0.5183
medical,LGBM,ScoreVector,PartialOrder__Hamming__None,coverage,0.0,3.6879±0.5183
medical,LGBM,ScoreVector,PartialOrder__Subset__2,coverage,0.0,3.6879±0.5183
medical,LGBM,ScoreVector,PartialOrder__Subset__None,coverage,0.0,3.6879±0.5183
medical,LGBM,ScoreVector,PreOrder__Hamming__2,coverage,0.0,3.6879±0.5183
medical,LGBM,ScoreVector,PreOrder__Hamming__None,coverage,0.0,3.6879±0.5183
medical,LGBM,ScoreVector,PreOrder__Subset__2,coverage,0.0,3.6879±0.5183
medical,LGBM,ScoreVector,PreOrder__Subset__None,coverage,0.0,3.6879±0.5183
medical,LGBM,ScoreVector,br,coverage,0.0,3.6879±0.5183
medical,LGBM,ScoreVector,cc,coverage,0.0,3.8998±0.5539
medical,LGBM,ScoreVector,clr,coverage,0.0,2.5423±0.3021
medical,LGBM,ScoreVector,ecc,coverage,0.0,1.9329±0.1927
medical,LGBM,ScoreVector,PartialOrder__Hamming__2,coverage,0.1,3.8080±0.4885
medical,LGBM,ScoreVector,PartialOrder__Hamming__None,coverage,0.1,3.8080±0.4885
medical,LGBM,ScoreVector,PartialOrder__Subset__2,coverage,0.1,3.8080±0.4885
medical,LGBM,ScoreVector,PartialOrder__Subset__None,coverage,0.1,3.8080±0.4885
medical,LGBM,ScoreVector,PreOrder__Hamming__2,coverage,0.1,3.8080±0.4885
medical,LGBM,ScoreVector,PreOrder__Hamming__None,coverage,0.1,3.8080±0.4885
medical,LGBM,ScoreVector,PreOrder__Subset__2,coverage,0.1,3.8080±0.4885
medical,LGBM,ScoreVector,PreOrder__Subset__None,coverage,0.1,3.8080±0.4885
medical,LGBM,ScoreVector,br,coverage,0.1,3.9750±0.4684
medical,LGBM,ScoreVector,cc,coverage,0.1,4.6016±0.3613
medical,LGBM,ScoreVector,clr,coverage,0.1,3.1812±0.2339
medical,LGBM,ScoreVector,ecc,coverage,0.1,3.3432±0.4313
medical,LGBM,ScoreVector,PartialOrder__Hamming__2,coverage,0.2,5.6316±0.1743
medical,LGBM,ScoreVector,PartialOrder__Hamming__None,coverage,0.2,5.6316±0.1743
medical,LGBM,ScoreVector,PartialOrder__Subset__2,coverage,0.2,5.6316±0.1743
medical,LGBM,ScoreVector,PartialOrder__Subset__None,coverage,0.2,5.6316±0.1743
medical,LGBM,ScoreVector,PreOrder__Hamming__2,coverage,0.2,5.6316±0.1743
medical,LGBM,ScoreVector,PreOrder__Hamming__None,coverage,0.2,5.6316±0.1743
medical,LGBM,ScoreVector,PreOrder__Subset__2,coverage,0.2,5.6316±0.1743
medical,LGBM,ScoreVector,PreOrder__Subset__None,coverage,0.2,5.6316±0.1743
medical,LGBM,ScoreVector,br,coverage,0.2,6.8426±0.8581
medical,LGBM,ScoreVector,cc,coverage,0.2,6.7286±1.0389
medical,LGBM,ScoreVector,clr,coverage,0.2,4.2391±0.2817
medical,LGBM,ScoreVector,ecc,coverage,0.2,5.0133±0.7682
medical,LGBM,ScoreVector,PartialOrder__Hamming__2,coverage,0.3,9.2267±0.8172
medical,LGBM,ScoreVector,PartialOrder__Hamming__None,coverage,0.3,9.2267±0.8172
medical,LGBM,ScoreVector,PartialOrder__Subset__2,coverage,0.3,9.2267±0.8172
medical,LGBM,ScoreVector,PartialOrder__Subset__None,coverage,0.3,9.2267±0.8172
medical,LGBM,ScoreVector,PreOrder__Hamming__2,coverage,0.3,9.2267±0.8172
medical,LGBM,ScoreVector,PreOrder__Hamming__None,coverage,0.3,9.2267±0.8172
medical,LGBM,ScoreVector,PreOrder__Subset__2,coverage,0.3,9.2267±0.8172
medical,LGBM,ScoreVector,PreOrder__Subset__None,coverage,0.3,9.2267±0.8172
medical,LGBM,ScoreVector,br,coverage,0.3,9.5067±0.2712
medical,LGBM,ScoreVector,cc,coverage,0.3,9.7755±0.4285
medical,LGBM,ScoreVector,clr,coverage,0.3,6.9852±0.6495
medical,LGBM,ScoreVector,ecc,coverage,0.3,7.3713±0.1983
medical,LGBM,ScoreVector,PartialOrder__Hamming__2,lr_ap,0.0,0.5061±0.1382
medical,LGBM,ScoreVector,PartialOrder__Hamming__None,lr_ap,0.0,0.5061±0.1382
medical,LGBM,ScoreVector,PartialOrder__Subset__2,lr_ap,0.0,0.5061±0.1382
medical,LGBM,ScoreVector,PartialOrder__Subset__None,lr_ap,0.0,0.5061±0.1382
medical,LGBM,ScoreVector,PreOrder__Hamming__2,lr_ap,0.0,0.5061±0.1382
medical,LGBM,ScoreVector,PreOrder__Hamming__None,lr_ap,0.0,0.5061±0.1382
medical,LGBM,ScoreVector,PreOrder__Subset__2,lr_ap,0.0,0.5061±0.1382
medical,LGBM,ScoreVector,PreOrder__Subset__None,lr_ap,0.0,0.5061±0.1382
medical,LGBM,ScoreVector,br,lr_ap,0.0,0.5061±0.1382
medical,LGBM,ScoreVector,cc,lr_ap,0.0,0.4825±0.1122
medical,LGBM,ScoreVector,clr,lr_ap,0.0,0.7895±0.0512
medical,LGBM,ScoreVector,ecc,lr_ap,0.0,0.8816±0.0238
medical,LGBM,ScoreVector,PartialOrder__Hamming__2,lr_ap,0.1,0.7913±0.0152
medical,LGBM,ScoreVector,PartialOrder__Hamming__None,lr_ap,0.1,0.7913±0.0152
medical,LGBM,ScoreVector,PartialOrder__Subset__2,lr_ap,0.1,0.7913±0.0152
medical,LGBM,ScoreVector,PartialOrder__Subset__None,lr_ap,0.1,0.7913±0.0152
medical,LGBM,ScoreVector,PreOrder__Hamming__2,lr_ap,0.1,0.7913±0.0152
medical,LGBM,ScoreVector,PreOrder__Hamming__None,lr_ap,0.1,0.7913±0.0152
medical,LGBM,ScoreVector,PreOrder__Subset__2,lr_ap,0.1,0.7913±0.0152
medical,LGBM,ScoreVector,PreOrder__Subset__None,lr_ap,0.1,0.7913±0.0152
medical,LGBM,ScoreVector,br,lr_ap,0.1,0.7798±0.0242
medical,LGBM,ScoreVector,cc,lr_ap,0.1,0.7633±0.0208
medical,LGBM,ScoreVector,clr,lr_ap,0.1,0.8273±0.0194
medical,LGBM,ScoreVector,ecc,lr_ap,0.1,0.8366±0.0193
medical,LGBM,ScoreVector,PartialOrder__Hamming__2,lr_ap,0.2,0.6490±0.0194
medical,LGBM,ScoreVector,PartialOrder__Hamming__None,lr_ap,0.2,0.6490±0.0194
medical,LGBM,ScoreVector,PartialOrder__Subset__2,lr_ap,0.2,0.6490±0.0194
medical,LGBM,ScoreVector,PartialOrder__Subset__None,lr_ap,0.2,0.6490±0.0194
medical,LGBM,ScoreVector,PreOrder__Hamming__2,lr_ap,0.2,0.6490±0.0194
medical,LGBM,ScoreVector,PreOrder__Hamming__None,lr_ap,0.2,0.6490±0.0194
medical,LGBM,ScoreVector,PreOrder__Subset__2,lr_ap,0.2,0.6490±0.0194
medical,LGBM,ScoreVector,PreOrder__Subset__None,lr_ap,0.2,0.6490±0.0194
medical,LGBM,ScoreVector,br,lr_ap,0.2,0.6281±0.0234
medical,LGBM,ScoreVector,cc,lr_ap,0.2,0.6157±0.0273
medical,LGBM,ScoreVector,clr,lr_ap,0.2,0.7406±0.0271
medical,LGBM,ScoreVector,ecc,lr_ap,0.2,0.7441±0.0232
medical,LGBM,ScoreVector,PartialOrder__Hamming__2,lr_ap,0.3,0.4561±0.0241
medical,LGBM,ScoreVector,PartialOrder__Hamming__None,lr_ap,0.3,0.4561±0.0241
medical,LGBM,ScoreVector,PartialOrder__Subset__2,lr_ap,0.3,0.4561±0.0241
medical,LGBM,ScoreVector,PartialOrder__Subset__None,lr_ap,0.3,0.4561±0.0241
medical,LGBM,ScoreVector,PreOrder__Hamming__2,lr_ap,0.3,0.4561±0.0241
medical,LGBM,ScoreVector,PreOrder__Hamming__None,lr_ap,0.3,0.4561±0.0241
medical,LGBM,ScoreVector,PreOrder__Subset__2,lr_ap,0.3,0.4561±0.0241
medical,LGBM,ScoreVector,PreOrder__Subset__None,lr_ap,0.3,0.4561±0.0241
medical,LGBM,ScoreVector,br,lr_ap,0.3,0.4708±0.0166
medical,LGBM,ScoreVector,cc,lr_ap,0.3,0.4538±0.0198
medical,LGBM,ScoreVector,clr,lr_ap,0.3,0.5545±0.0146
medical,LGBM,ScoreVector,ecc,lr_ap,0.3,0.5343±0.0164
medical,LGBM,ScoreVector,PartialOrder__Hamming__2,one_error,0.0,0.7881±0.2094
medical,LGBM,ScoreVector,PartialOrder__Hamming__None,one_error,0.0,0.7881±0.2094
medical,LGBM,ScoreVector,PartialOrder__Subset__2,one_error,0.0,0.7881±0.2094
medical,LGBM,ScoreVector,PartialOrder__Subset__None,one_error,0.0,0.7881±0.2094
medical,LGBM,ScoreVector,PreOrder__Hamming__2,one_error,0.0,0.7881±0.2094
medical,LGBM,ScoreVector,PreOrder__Hamming__None,one_error,0.0,0.7881±0.2094
medical,LGBM,ScoreVector,PreOrder__Subset__2,one_error,0.0,0.7881±0.2094
medical,LGBM,ScoreVector,PreOrder__Subset__None,one_error,0.0,0.7881±0.2094
medical,LGBM,ScoreVector,br,one_error,0.0,0.7881±0.2094
medical,LGBM,ScoreVector,cc,one_error,0.0,0.8243±0.1790
medical,LGBM,ScoreVector,clr,one_error,0.0,0.2823±0.0767
medical,LGBM,ScoreVector,ecc,one_error,0.0,0.1483±0.0400
medical,LGBM,ScoreVector,PartialOrder__Hamming__2,one_error,0.1,0.2393±0.0150
medical,LGBM,ScoreVector,PartialOrder__Hamming__None,one_error,0.1,0.2393±0.0150
medical,LGBM,ScoreVector,PartialOrder__Subset__2,one_error,0.1,0.2393±0.0150
medical,LGBM,ScoreVector,PartialOrder__Subset__None,one_error,0.1,0.2393±0.0150
medical,LGBM,ScoreVector,PreOrder__Hamming__2,one_error,0.1,0.2393±0.0150
medical,LGBM,ScoreVector,PreOrder__Hamming__None,one_error,0.1,0.2393±0.0150
medical,LGBM,ScoreVector,PreOrder__Subset__2,one_error,0.1,0.2393±0.0150
medical,LGBM,ScoreVector,PreOrder__Subset__None,one_error,0.1,0.2393±0.0150
medical,LGBM,ScoreVector,br,one_error,0.1,0.2515±0.0288
medical,LGBM,ScoreVector,cc,one_error,0.1,0.2628±0.0295
medical,LGBM,ScoreVector,clr,one_error,0.1,0.1922±0.0327
medical,LGBM,ScoreVector,ecc,one_error,0.1,0.1738±0.0221
medical,LGBM,ScoreVector,PartialOrder__Hamming__2,one_error,0.2,0.4202±0.0271
medical,LGBM,ScoreVector,PartialOrder__Hamming__None,one_error,0.2,0.4202±0.0271
medical,LGBM,ScoreVector,PartialOrder__Subset__2,one_error,0.2,0.4202±0.0271
medical,LGBM,ScoreVector,PartialOrder__Subset__None,one_error,0.2,0.4202±0.0271
medical,LGBM,ScoreVector,PreOrder__Hamming__2,one_error,0.2,0.4202±0.0271
medical,LGBM,ScoreVector,PreOrder__Hamming__None,one_error,0.2,0.4202±0.0271
medical,LGBM,ScoreVector,PreOrder__Subset__2,one_error,0.2,0.4202±0.0271
medical,LGBM,ScoreVector,PreOrder__Subset__None,one_error,0.2,0.4202±0.0271
medical,LGBM,ScoreVector,br,one_error,0.2,0.4407±0.0247
medical,LGBM,ScoreVector,cc,one_error,0.2,0.4591±0.0263
medical,LGBM,ScoreVector,clr,one_error,0.2,0.3006±0.0336
medical,LGBM,ScoreVector,ecc,one_error,0.2,0.2873±0.0257
medical,LGBM,ScoreVector,PartialOrder__Hamming__2,one_error,0.3,0.6462±0.0239
medical,LGBM,ScoreVector,PartialOrder__Hamming__None,one_error,0.3,0.6462±0.0239
medical,LGBM,ScoreVector,PartialOrder__Subset__2,one_error,0.3,0.6462±0.0239
medical,LGBM,ScoreVector,PartialOrder__Subset__None,one_error,0.3,0.6462±0.0239
medical,LGBM,ScoreVector,PreOrder__Hamming__2,one_error,0.3,0.6462±0.0239
medical,LGBM,ScoreVector,PreOrder__Hamming__None,one_error,0.3,0.6462±0.0239
medical,LGBM,ScoreVector,PreOrder__Subset__2,one_error,0.3,0.6462±0.0239
medical,LGBM,ScoreVector,PreOrder__Subset__None,one_error,0.3,0.6462±0.0239
medical,LGBM,ScoreVector,br,one_error,0.3,0.6298±0.0187
medical,LGBM,ScoreVector,cc,one_error,0.3,0.6432±0.0253
medical,LGBM,ScoreVector,clr,one_error,0.3,0.5266±0.0296
medical,LGBM,ScoreVector,ecc,one_error,0.3,0.5562±0.0188
medical,LGBM,ScoreVector,PartialOrder__Hamming__2,ranking_loss,0.0,0.0655±0.0104
medical,LGBM,ScoreVector,PartialOrder__Hamming__None,ranking_loss,0.0,0.0655±0.0104
medical,LGBM,ScoreVector,PartialOrder__Subset__2,ranking_loss,0.0,0.0655±0.0104
medical,LGBM,ScoreVector,PartialOrder__Subset__None,ranking_loss,0.0,0.0655±0.0104
medical,LGBM,ScoreVector,PreOrder__Hamming__2,ranking_loss,0.0,0.0655±0.0104
medical,LGBM,ScoreVector,PreOrder__Hamming__None,ranking_loss,0.0,0.0655±0.0104
medical,LGBM,ScoreVector,PreOrder__Subset__2,ranking_loss,0.0,0.0655±0.0104
medical,LGBM,ScoreVector,PreOrder__Subset__None,ranking_loss,0.0,0.0655±0.0104
medical,LGBM,ScoreVector,br,ranking_loss,0.0,0.0655±0.0104
medical,LGBM,ScoreVector,cc,ranking_loss,0.0,0.0707±0.0140
medical,LGBM,ScoreVector,clr,ranking_loss,0.0,0.0386±0.0083
medical,LGBM,ScoreVector,ecc,ranking_loss,0.0,0.0281±0.0054
medical,LGBM,ScoreVector,PartialOrder__Hamming__2,ranking_loss,0.1,0.0642±0.0100
medical,LGBM,ScoreVector,PartialOrder__Hamming__None,ranking_loss,0.1,0.0642±0.0100
medical,LGBM,ScoreVector,PartialOrder__Subset__2,ranking_loss,0.1,0.0642±0.0100
medical,LGBM,ScoreVector,PartialOrder__Subset__None,ranking_loss,0.1,0.0642±0.0100
medical,LGBM,ScoreVector,PreOrder__Hamming__2,ranking_loss,0.1,0.0642±0.0100
medical,LGBM,ScoreVector,PreOrder__Hamming__None,ranking_loss,0.1,0.0642±0.0100
medical,LGBM,ScoreVector,PreOrder__Subset__2,ranking_loss,0.1,0.0642±0.0100
medical,LGBM,ScoreVector,PreOrder__Subset__None,ranking_loss,0.1,0.0642±0.0100
medical,LGBM,ScoreVector,br,ranking_loss,0.1,0.0666±0.0102
medical,LGBM,ScoreVector,cc,ranking_loss,0.1,0.0770±0.0060
medical,LGBM,ScoreVector,clr,ranking_loss,0.1,0.0520±0.0041
medical,LGBM,ScoreVector,ecc,ranking_loss,0.1,0.0551±0.0095
medical,LGBM,ScoreVector,PartialOrder__Hamming__2,ranking_loss,0.2,0.0982±0.0041
medical,LGBM,ScoreVector,PartialOrder__Hamming__None,ranking_loss,0.2,0.0982±0.0041
medical,LGBM,ScoreVector,PartialOrder__Subset__2,ranking_loss,0.2,0.0982±0.0041
medical,LGBM,ScoreVector,PartialOrder__Subset__None,ranking_loss,0.2,0.0982±0.0041
medical,LGBM,ScoreVector,PreOrder__Hamming__2,ranking_loss,0.2,0.0982±0.0041
medical,LGBM,ScoreVector,PreOrder__Hamming__None,ranking_loss,0.2,0.0982±0.0041
medical,LGBM,ScoreVector,PreOrder__Subset__2,ranking_loss,0.2,0.0982±0.0041
medical,LGBM,ScoreVector,PreOrder__Subset__None,ranking_loss,0.2,0.0982±0.0041
medical,LGBM,ScoreVector,br,ranking_loss,0.2,0.1246±0.0162
medical,LGBM,ScoreVector,cc,ranking_loss,0.2,0.1210±0.0179
medical,LGBM,ScoreVector,clr,ranking_loss,0.2,0.0726±0.0063
medical,LGBM,ScoreVector,ecc,ranking_loss,0.2,0.0872±0.0125
medical,LGBM,ScoreVector,PartialOrder__Hamming__2,ranking_loss,0.3,0.1762±0.0138
medical,LGBM,ScoreVector,PartialOrder__Hamming__None,ranking_loss,0.3,0.1762±0.0138
medical,LGBM,ScoreVector,PartialOrder__Subset__2,ranking_loss,0.3,0.1762±0.0138
medical,LGBM,ScoreVector,PartialOrder__Subset__None,ranking_loss,0.3,0.1762±0.0138
medical,LGBM,ScoreVector,PreOrder__Hamming__2,ranking_loss,0.3,0.1762±0.0138
medical,LGBM,ScoreVector,PreOrder__Hamming__None,ranking_loss,0.3,0.1762±0.0138
medical,LGBM,ScoreVector,PreOrder__Subset__2,ranking_loss,0.3,0.1762±0.0138
medical,LGBM,ScoreVector,PreOrder__Subset__None,ranking_loss,0.3,0.1762±0.0138
medical,LGBM,ScoreVector,br,ranking_loss,0.3,0.1809±0.0059
medical,LGBM,ScoreVector,cc,ranking_loss,0.3,0.1889±0.0110
medical,LGBM,ScoreVector,clr,ranking_loss,0.3,0.1273±0.0139
medical,LGBM,ScoreVector,ecc,ranking_loss,0.3,0.1349±0.0053
medical,RF,BinaryVector,PartialOrder__Hamming__2,afrd,0.0,0.2926±0.0115
medical,RF,BinaryVector,PartialOrder__Hamming__None,afrd,0.0,0.2917±0.0129
medical,RF,BinaryVector,PartialOrder__Subset__2,afrd,0.0,0.2925±0.0115
medical,RF,BinaryVector,PartialOrder__Subset__None,afrd,0.0,0.2929±0.0095
medical,RF,BinaryVector,PreOrder__Hamming__2,afrd,0.0,0.3052±0.0215
medical,RF,BinaryVector,PreOrder__Hamming__None,afrd,0.0,0.2997±0.0225
medical,RF,BinaryVector,PreOrder__Subset__2,afrd,0.0,0.3057±0.0219
medical,RF,BinaryVector,PreOrder__Subset__None,afrd,0.0,0.3031±0.0162
medical,RF,BinaryVector,br,afrd,0.0,0.4630±0.0263
medical,RF,BinaryVector,cc,afrd,0.0,0.4460±0.0192
medical,RF,BinaryVector,clr,afrd,0.0,0.6459±0.0364
medical,RF,BinaryVector,ecc,afrd,0.0,0.4640±0.0253
medical,RF,BinaryVector,mlknn,afrd,0.0,0.4541±0.0312
medical,RF,BinaryVector,PartialOrder__Hamming__2,afrd,0.1,0.2921±0.0177
medical,RF,BinaryVector,PartialOrder__Hamming__None,afrd,0.1,0.2918±0.0183
medical,RF,BinaryVector,PartialOrder__Subset__2,afrd,0.1,0.2919±0.0179
medical,RF,BinaryVector,PartialOrder__Subset__None,afrd,0.1,0.2930±0.0187
medical,RF,BinaryVector,PreOrder__Hamming__2,afrd,0.1,0.2650±0.0255
medical,RF,BinaryVector,PreOrder__Hamming__None,afrd,0.1,0.2635±0.0262
medical,RF,BinaryVector,PreOrder__Subset__2,afrd,0.1,0.2664±0.0249
medical,RF,BinaryVector,PreOrder__Subset__None,afrd,0.1,0.2632±0.0280
medical,RF,BinaryVector,br,afrd,0.1,0.3942±0.0386
medical,RF,BinaryVector,cc,afrd,0.1,0.4161±0.0339
medical,RF,BinaryVector,clr,afrd,0.1,0.5768±0.0347
medical,RF,BinaryVector,ecc,afrd,0.1,0.4376±0.0296
medical,RF,BinaryVector,mlknn,afrd,0.1,0.4881±0.0311
medical,RF,BinaryVector,PartialOrder__Hamming__2,afrd,0.2,0.3284±0.0201
medical,RF,BinaryVector,PartialOrder__Hamming__None,afrd,0.2,0.3375±0.0174
medical,RF,BinaryVector,PartialOrder__Subset__2,afrd,0.2,0.3291±0.0209
medical,RF,BinaryVector,PartialOrder__Subset__None,afrd,0.2,0.3393±0.0190
medical,RF,BinaryVector,PreOrder__Hamming__2,afrd,0.2,0.2837±0.0267
medical,RF,BinaryVector,PreOrder__Hamming__None,afrd,0.2,0.2933±0.0278
medical,RF,BinaryVector,PreOrder__Subset__2,afrd,0.2,0.2823±0.0262
medical,RF,BinaryVector,PreOrder__Subset__None,afrd,0.2,0.2934±0.0272
medical,RF,BinaryVector,br,afrd,0.2,0.3808±0.0417
medical,RF,BinaryVector,cc,afrd,0.2,0.4230±0.0388
medical,RF,BinaryVector,clr,afrd,0.2,0.5255±0.0376
medical,RF,BinaryVector,ecc,afrd,0.2,0.4425±0.0357
medical,RF,BinaryVector,mlknn,afrd,0.2,0.5014±0.0324
medical,RF,BinaryVector,PartialOrder__Hamming__2,afrd,0.3,0.3369±0.0171
medical,RF,BinaryVector,PartialOrder__Hamming__None,afrd,0.3,0.3529±0.0181
medical,RF,BinaryVector,PartialOrder__Subset__2,afrd,0.3,0.3353±0.0189
medical,RF,BinaryVector,PartialOrder__Subset__None,afrd,0.3,0.3525±0.0170
medical,RF,BinaryVector,PreOrder__Hamming__2,afrd,0.3,0.3052±0.0246
medical,RF,BinaryVector,PreOrder__Hamming__None,afrd,0.3,0.3286±0.0181
medical,RF,BinaryVector,PreOrder__Subset__2,afrd,0.3,0.3042±0.0249
medical,RF,BinaryVector,PreOrder__Subset__None,afrd,0.3,0.3264±0.0217
medical,RF,BinaryVector,br,afrd,0.3,0.3880±0.0408
medical,RF,BinaryVector,cc,afrd,0.3,0.4435±0.0383
medical,RF,BinaryVector,clr,afrd,0.3,0.4845±0.0310
medical,RF,BinaryVector,ecc,afrd,0.3,0.4600±0.0409
medical,RF,BinaryVector,mlknn,afrd,0.3,0.4580±0.0356
medical,RF,BinaryVector,PartialOrder__Hamming__2,example_precision,0.0,0.5323±0.0268
medical,RF,BinaryVector,PartialOrder__Hamming__None,example_precision,0.0,0.5402±0.0278
medical,RF,BinaryVector,PartialOrder__Subset__2,example_precision,0.0,0.5328±0.0261
medical,RF,BinaryVector,PartialOrder__Subset__None,example_precision,0.0,0.5399±0.0270
medical,RF,BinaryVector,PreOrder__Hamming__2,example_precision,0.0,0.5535±0.0253
medical,RF,BinaryVector,PreOrder__Hamming__None,example_precision,0.0,0.5532±0.0289
medical,RF,BinaryVector,PreOrder__Subset__2,example_precision,0.0,0.5535±0.0253
medical,RF,BinaryVector,PreOrder__Subset__None,example_precision,0.0,0.5546±0.0300
medical,RF,BinaryVector,br,example_precision,0.0,0.6406±0.0408
medical,RF,BinaryVector,cc,example_precision,0.0,0.6769±0.0283
medical,RF,BinaryVector,clr,example_precision,0.0,0.0874±0.0147
medical,RF,BinaryVector,ecc,example_precision,0.0,0.6452±0.0318
medical,RF,BinaryVector,mlknn,example_precision,0.0,0.6221±0.0262
medical,RF,BinaryVector,PartialOrder__Hamming__2,example_precision,0.1,0.2708±0.0242
medical,RF,BinaryVector,PartialOrder__Hamming__None,example_precision,0.1,0.2516±0.0203
medical,RF,BinaryVector,PartialOrder__Subset__2,example_precision,0.1,0.2695±0.0245
medical,RF,BinaryVector,PartialOrder__Subset__None,example_precision,0.1,0.2512±0.0205
medical,RF,BinaryVector,PreOrder__Hamming__2,example_precision,0.1,0.4588±0.0288
medical,RF,BinaryVector,PreOrder__Hamming__None,example_precision,0.1,0.3881±0.0269
medical,RF,BinaryVector,PreOrder__Subset__2,example_precision,0.1,0.4702±0.0300
medical,RF,BinaryVector,PreOrder__Subset__None,example_precision,0.1,0.3874±0.0269
medical,RF,BinaryVector,br,example_precision,0.1,0.6522±0.0338
medical,RF,BinaryVector,cc,example_precision,0.1,0.6378±0.0292
medical,RF,BinaryVector,clr,example_precision,0.1,0.4017±0.0357
medical,RF,BinaryVector,ecc,example_precision,0.1,0.6389±0.0328
medical,RF,BinaryVector,mlknn,example_precision,0.1,0.5199±0.0312
medical,RF,BinaryVector,PartialOrder__Hamming__2,example_precision,0.2,0.1063±0.0081
medical,RF,BinaryVector,PartialOrder__Hamming__None,example_precision,0.2,0.0946±0.0061
medical,RF,BinaryVector,PartialOrder__Subset__2,example_precision,0.2,0.1057±0.0080
medical,RF,BinaryVector,PartialOrder__Subset__None,example_precision,0.2,0.0944±0.0062
medical,RF,BinaryVector,PreOrder__Hamming__2,example_precision,0.2,0.2255±0.0223
medical,RF,BinaryVector,PreOrder__Hamming__None,example_precision,0.2,0.1486±0.0135
medical,RF,BinaryVector,PreOrder__Subset__2,example_precision,0.2,0.2375±0.0236
medical,RF,BinaryVector,PreOrder__Subset__None,example_precision,0.2,0.1487±0.0144
medical,RF,BinaryVector,br,example_precision,0.2,0.4869±0.0357
medical,RF,BinaryVector,cc,example_precision,0.2,0.5098±0.0432
medical,RF,BinaryVector,clr,example_precision,0.2,0.4595±0.0403
medical,RF,BinaryVector,ecc,example_precision,0.2,0.5581±0.0417
medical,RF,BinaryVector,mlknn,example_precision,0.2,0.3338±0.0343
medical,RF,BinaryVector,PartialOrder__Hamming__2,example_precision,0.3,0.0645±0.0038
medical,RF,BinaryVector,PartialOrder__Hamming__None,example_precision,0.3,0.0604±0.0033
medical,RF,BinaryVector,PartialOrder__Subset__2,example_precision,0.3,0.0639±0.0037
medical,RF,BinaryVector,PartialOrder__Subset__None,example_precision,0.3,0.0601±0.0032
medical,RF,BinaryVector,PreOrder__Hamming__2,example_precision,0.3,0.0962±0.0079
medical,RF,BinaryVector,PreOrder__Hamming__None,example_precision,0.3,0.0692±0.0045
medical,RF,BinaryVector,PreOrder__Subset__2,example_precision,0.3,0.0988±0.0083
medical,RF,BinaryVector,PreOrder__Subset__None,example_precision,0.3,0.0692±0.0046
medical,RF,BinaryVector,br,example_precision,0.3,0.2204±0.0194
medical,RF,BinaryVector,cc,example_precision,0.3,0.2945±0.0275
medical,RF,BinaryVector,clr,example_precision,0.3,0.3209±0.0332
medical,RF,BinaryVector,ecc,example_precision,0.3,0.3439±0.0304
medical,RF,BinaryVector,mlknn,example_precision,0.3,0.1195±0.0129
medical,RF,BinaryVector,PartialOrder__Hamming__2,example_recall,0.0,0.8829±0.0159
medical,RF,BinaryVector,PartialOrder__Hamming__None,example_recall,0.0,0.8959±0.0188
medical,RF,BinaryVector,PartialOrder__Subset__2,example_recall,0.0,0.8819±0.0172
medical,RF,BinaryVector,PartialOrder__Subset__None,example_recall,0.0,0.8954±0.0178
medical,RF,BinaryVector,PreOrder__Hamming__2,example_recall,0.0,0.8734±0.0215
medical,RF,BinaryVector,PreOrder__Hamming__None,example_recall,0.0,0.8901±0.0224
medical,RF,BinaryVector,PreOrder__Subset__2,example_recall,0.0,0.8698±0.0235
medical,RF,BinaryVector,PreOrder__Subset__None,example_recall,0.0,0.8865±0.0212
medical,RF,BinaryVector,br,example_recall,0.0,0.5929±0.0407
medical,RF,BinaryVector,cc,example_recall,0.0,0.6260±0.0269
medical,RF,BinaryVector,clr,example_recall,0.0,0.0706±0.0120
medical,RF,BinaryVector,ecc,example_recall,0.0,0.5975±0.0316
medical,RF,BinaryVector,mlknn,example_recall,0.0,0.5928±0.0422
medical,RF,BinaryVector,PartialOrder__Hamming__2,example_recall,0.1,0.9029±0.0184
medical,RF,BinaryVector,PartialOrder__Hamming__None,example_recall,0.1,0.9105±0.0182
medical,RF,BinaryVector,PartialOrder__Subset__2,example_recall,0.1,0.9005±0.0185
medical,RF,BinaryVector,PartialOrder__Subset__None,example_recall,0.1,0.9099±0.0185
medical,RF,BinaryVector,PreOrder__Hamming__2,example_recall,0.1,0.8940±0.0154
medical,RF,BinaryVector,PreOrder__Hamming__None,example_recall,0.1,0.9054±0.0157
medical,RF,BinaryVector,PreOrder__Subset__2,example_recall,0.1,0.8893±0.0153
medical,RF,BinaryVector,PreOrder__Subset__None,example_recall,0.1,0.9046±0.0149
medical,RF,BinaryVector,br,example_recall,0.1,0.6731±0.0334
medical,RF,BinaryVector,cc,example_recall,0.1,0.6430±0.0353
medical,RF,BinaryVector,clr,example_recall,0.1,0.3605±0.0327
medical,RF,BinaryVector,ecc,example_recall,0.1,0.6323±0.0312
medical,RF,BinaryVector,mlknn,example_recall,0.1,0.5382±0.0350
medical,RF,BinaryVector,PartialOrder__Hamming__2,example_recall,0.2,0.8838±0.0253
medical,RF,BinaryVector,PartialOrder__Hamming__None,example_recall,0.2,0.8948±0.0235
medical,RF,BinaryVector,PartialOrder__Subset__2,example_recall,0.2,0.8819±0.0255
medical,RF,BinaryVector,PartialOrder__Subset__None,example_recall,0.2,0.8937±0.0237
medical,RF,BinaryVector,PreOrder__Hamming__2,example_recall,0.2,0.8656±0.0236
medical,RF,BinaryVector,PreOrder__Hamming__None,example_recall,0.2,0.8887±0.0196
medical,RF,BinaryVector,PreOrder__Subset__2,example_recall,0.2,0.8587±0.0251
medical,RF,BinaryVector,PreOrder__Subset__None,example_recall,0.2,0.8874±0.0223
medical,RF,BinaryVector,br,example_recall,0.2,0.6546±0.0390
medical,RF,BinaryVector,cc,example_recall,0.2,0.5920±0.0439
medical,RF,BinaryVector,clr,example_recall,0.2,0.4595±0.0389
medical,RF,BinaryVector,ecc,example_recall,0.2,0.6032±0.0425
medical,RF,BinaryVector,mlknn,example_recall,0.2,0.4832±0.0389
medical,RF,BinaryVector,PartialOrder__Hamming__2,example_recall,0.3,0.8010±0.0381
medical,RF,BinaryVector,PartialOrder__Hamming__None,example_recall,0.3,0.8151±0.0361
medical,RF,BinaryVector,PartialOrder__Subset__2,example_recall,0.3,0.7939±0.0370
medical,RF,BinaryVector,PartialOrder__Subset__None,example_recall,0.3,0.8121±0.0349
medical,RF,BinaryVector,PreOrder__Hamming__2,example_recall,0.3,0.7682±0.0365
medical,RF,BinaryVector,PreOrder__Hamming__None,example_recall,0.3,0.8157±0.0351
medical,RF,BinaryVector,PreOrder__Subset__2,example_recall,0.3,0.7532±0.0377
medical,RF,BinaryVector,PreOrder__Subset__None,example_recall,0.3,0.8116±0.0370
medical,RF,BinaryVector,br,example_recall,0.3,0.5734±0.0409
medical,RF,BinaryVector,cc,example_recall,0.3,0.5196±0.0429
medical,RF,BinaryVector,clr,example_recall,0.3,0.4750±0.0438
medical,RF,BinaryVector,ecc,example_recall,0.3,0.5128±0.0379
medical,RF,BinaryVector,mlknn,example_recall,0.3,0.4615±0.0523
medical,RF,BinaryVector,PartialOrder__Hamming__2,f1,0.0,0.5486±0.0273
medical,RF,BinaryVector,PartialOrder__Hamming__None,f1,0.0,0.5599±0.0278
medical,RF,BinaryVector,PartialOrder__Subset__2,f1,0.0,0.5489±0.0269
medical,RF,BinaryVector,PartialOrder__Subset__None,f1,0.0,0.5595±0.0275
medical,RF,BinaryVector,PreOrder__Hamming__2,f1,0.0,0.5590±0.0247
medical,RF,BinaryVector,PreOrder__Hamming__None,f1,0.0,0.5662±0.0278
medical,RF,BinaryVector,PreOrder__Subset__2,f1,0.0,0.5572±0.0235
medical,RF,BinaryVector,PreOrder__Subset__None,f1,0.0,0.5666±0.0282
medical,RF,BinaryVector,br,f1,0.0,0.6063±0.0403
medical,RF,BinaryVector,cc,f1,0.0,0.6403±0.0271
medical,RF,BinaryVector,clr,f1,0.0,0.0758±0.0123
medical,RF,BinaryVector,ecc,f1,0.0,0.6104±0.0317
medical,RF,BinaryVector,mlknn,f1,0.0,0.5947±0.0330
medical,RF,BinaryVector,PartialOrder__Hamming__2,f1,0.1,0.3538±0.0248
medical,RF,BinaryVector,PartialOrder__Hamming__None,f1,0.1,0.3393±0.0218
medical,RF,BinaryVector,PartialOrder__Subset__2,f1,0.1,0.3523±0.0249
medical,RF,BinaryVector,PartialOrder__Subset__None,f1,0.1,0.3388±0.0223
medical,RF,BinaryVector,PreOrder__Hamming__2,f1,0.1,0.5162±0.0273
medical,RF,BinaryVector,PreOrder__Hamming__None,f1,0.1,0.4656±0.0252
medical,RF,BinaryVector,PreOrder__Subset__2,f1,0.1,0.5235±0.0282
medical,RF,BinaryVector,PreOrder__Subset__None,f1,0.1,0.4646±0.0251
medical,RF,BinaryVector,br,f1,0.1,0.6395±0.0334
medical,RF,BinaryVector,cc,f1,0.1,0.6191±0.0322
medical,RF,BinaryVector,clr,f1,0.1,0.3724±0.0333
medical,RF,BinaryVector,ecc,f1,0.1,0.6166±0.0323
medical,RF,BinaryVector,mlknn,f1,0.1,0.5103±0.0309
medical,RF,BinaryVector,PartialOrder__Hamming__2,f1,0.2,0.1790±0.0115
medical,RF,BinaryVector,PartialOrder__Hamming__None,f1,0.2,0.1640±0.0094
medical,RF,BinaryVector,PartialOrder__Subset__2,f1,0.2,0.1782±0.0114
medical,RF,BinaryVector,PartialOrder__Subset__None,f1,0.2,0.1637±0.0094
medical,RF,BinaryVector,PreOrder__Hamming__2,f1,0.2,0.3132±0.0235
medical,RF,BinaryVector,PreOrder__Hamming__None,f1,0.2,0.2344±0.0166
medical,RF,BinaryVector,PreOrder__Subset__2,f1,0.2,0.3238±0.0250
medical,RF,BinaryVector,PreOrder__Subset__None,f1,0.2,0.2341±0.0179
medical,RF,BinaryVector,br,f1,0.2,0.5147±0.0353
medical,RF,BinaryVector,cc,f1,0.2,0.5119±0.0425
medical,RF,BinaryVector,clr,f1,0.2,0.4425±0.0384
medical,RF,BinaryVector,ecc,f1,0.2,0.5497±0.0417
medical,RF,BinaryVector,mlknn,f1,0.2,0.3686±0.0316
medical,RF,BinaryVector,PartialOrder__Hamming__2,f1,0.3,0.1174±0.0067
medical,RF,BinaryVector,PartialOrder__Hamming__None,f1,0.3,0.1110±0.0058
medical,RF,BinaryVector,PartialOrder__Subset__2,f1,0.3,0.1163±0.0065
medical,RF,BinaryVector,PartialOrder__Subset__None,f1,0.3,0.1104±0.0057
medical,RF,BinaryVector,PreOrder__Hamming__2,f1,0.3,0.1657±0.0118
medical,RF,BinaryVector,PreOrder__Hamming__None,f1,0.3,0.1257±0.0078
medical,RF,BinaryVector,PreOrder__Subset__2,f1,0.3,0.1688±0.0123
medical,RF,BinaryVector,PreOrder__Subset__None,f1,0.3,0.1257±0.0079
medical,RF,BinaryVector,br,f1,0.3,0.2820±0.0233
medical,RF,BinaryVector,cc,f1,0.3,0.3323±0.0303
medical,RF,BinaryVector,clr,f1,0.3,0.3453±0.0348
medical,RF,BinaryVector,ecc,f1,0.3,0.3669±0.0303
medical,RF,BinaryVector,mlknn,f1,0.3,0.1806±0.0175
medical,RF,BinaryVector,PartialOrder__Hamming__2,hamming_accuracy,0.0,0.7369±0.0301
medical,RF,BinaryVector,PartialOrder__Hamming__None,hamming_accuracy,0.0,0.7432±0.0306
medical,RF,BinaryVector,PartialOrder__Subset__2,hamming_accuracy,0.0,0.7368±0.0303
medical,RF,BinaryVector,PartialOrder__Subset__None,hamming_accuracy,0.0,0.7437±0.0305
medical,RF,BinaryVector,PreOrder__Hamming__2,hamming_accuracy,0.0,0.7392±0.0305
medical,RF,BinaryVector,PreOrder__Hamming__None,hamming_accuracy,0.0,0.7458±0.0313
medical,RF,BinaryVector,PreOrder__Subset__2,hamming_accuracy,0.0,0.7390±0.0306
medical,RF,BinaryVector,PreOrder__Subset__None,hamming_accuracy,0.0,0.7449±0.0312
medical,RF,BinaryVector,br,hamming_accuracy,0.0,0.9864±0.0012
medical,RF,BinaryVector,cc,hamming_accuracy,0.0,0.9869±0.0012
medical,RF,BinaryVector,clr,hamming_accuracy,0.0,0.9743±0.0007
medical,RF,BinaryVector,ecc,hamming_accuracy,0.0,0.9863±0.0013
medical,RF,BinaryVector,mlknn,hamming_accuracy,0.0,0.9844±0.0009
medical,RF,BinaryVector,PartialOrder__Hamming__2,hamming_accuracy,0.1,0.7439±0.0244
medical,RF,BinaryVector,PartialOrder__Hamming__None,hamming_accuracy,0.1,0.7433±0.0236
medical,RF,BinaryVector,PartialOrder__Subset__2,hamming_accuracy,0.1,0.7436±0.0243
medical,RF,BinaryVector,PartialOrder__Subset__None,hamming_accuracy,0.1,0.7432±0.0236
medical,RF,BinaryVector,PreOrder__Hamming__2,hamming_accuracy,0.1,0.8104±0.0236
medical,RF,BinaryVector,PreOrder__Hamming__None,hamming_accuracy,0.1,0.8044±0.0228
medical,RF,BinaryVector,PreOrder__Subset__2,hamming_accuracy,0.1,0.8113±0.0238
medical,RF,BinaryVector,PreOrder__Subset__None,hamming_accuracy,0.1,0.8036±0.0230
medical,RF,BinaryVector,br,hamming_accuracy,0.1,0.9824±0.0016
medical,RF,BinaryVector,cc,hamming_accuracy,0.1,0.9819±0.0016
medical,RF,BinaryVector,clr,hamming_accuracy,0.1,0.9812±0.0011
medical,RF,BinaryVector,ecc,hamming_accuracy,0.1,0.9831±0.0020
medical,RF,BinaryVector,mlknn,hamming_accuracy,0.1,0.9781±0.0016
medical,RF,BinaryVector,PartialOrder__Hamming__2,hamming_accuracy,0.2,0.6759±0.0211
medical,RF,BinaryVector,PartialOrder__Hamming__None,hamming_accuracy,0.2,0.6624±0.0205
medical,RF,BinaryVector,PartialOrder__Subset__2,hamming_accuracy,0.2,0.6756±0.0210
medical,RF,BinaryVector,PartialOrder__Subset__None,hamming_accuracy,0.2,0.6620±0.0204
medical,RF,BinaryVector,PreOrder__Hamming__2,hamming_accuracy,0.2,0.7949±0.0204
medical,RF,BinaryVector,PreOrder__Hamming__None,hamming_accuracy,0.2,0.7564±0.0192
medical,RF,BinaryVector,PreOrder__Subset__2,hamming_accuracy,0.2,0.7982±0.0208
medical,RF,BinaryVector,PreOrder__Subset__None,hamming_accuracy,0.2,0.7556±0.0198
medical,RF,BinaryVector,br,hamming_accuracy,0.2,0.9612±0.0039
medical,RF,BinaryVector,cc,hamming_accuracy,0.2,0.9676±0.0037
medical,RF,BinaryVector,clr,hamming_accuracy,0.2,0.9795±0.0016
medical,RF,BinaryVector,ecc,hamming_accuracy,0.2,0.9733±0.0032
medical,RF,BinaryVector,mlknn,hamming_accuracy,0.2,0.9591±0.0042
medical,RF,BinaryVector,PartialOrder__Hamming__2,hamming_accuracy,0.3,0.6411±0.0145
medical,RF,BinaryVector,PartialOrder__Hamming__None,hamming_accuracy,0.3,0.6175±0.0138
medical,RF,BinaryVector,PartialOrder__Subset__2,hamming_accuracy,0.3,0.6409±0.0146
medical,RF,BinaryVector,PartialOrder__Subset__None,hamming_accuracy,0.3,0.6170±0.0135
medical,RF,BinaryVector,PreOrder__Hamming__2,hamming_accuracy,0.3,0.7566±0.0080
medical,RF,BinaryVector,PreOrder__Hamming__None,hamming_accuracy,0.3,0.6670±0.0063
medical,RF,BinaryVector,PreOrder__Subset__2,hamming_accuracy,0.3,0.7616±0.0085
medical,RF,BinaryVector,PreOrder__Subset__None,hamming_accuracy,0.3,0.6703±0.0068
medical,RF,BinaryVector,br,hamming_accuracy,0.3,0.8981±0.0046
medical,RF,BinaryVector,cc,hamming_accuracy,0.3,0.9264±0.0042
medical,RF,BinaryVector,clr,hamming_accuracy,0.3,0.9529±0.0031
medical,RF,BinaryVector,ecc,hamming_accuracy,0.3,0.9412±0.0039
medical,RF,BinaryVector,mlknn,hamming_accuracy,0.3,0.8850±0.0101
medical,RF,BinaryVector,PartialOrder__Hamming__2,jaccard,0.0,0.5059±0.0282
medical,RF,BinaryVector,PartialOrder__Hamming__None,jaccard,0.0,0.5170±0.0292
medical,RF,BinaryVector,PartialOrder__Subset__2,jaccard,0.0,0.5064±0.0275
medical,RF,BinaryVector,PartialOrder__Subset__None,jaccard,0.0,0.5161±0.0288
medical,RF,BinaryVector,PreOrder__Hamming__2,jaccard,0.0,0.5205±0.0245
medical,RF,BinaryVector,PreOrder__Hamming__None,jaccard,0.0,0.5244±0.0287
medical,RF,BinaryVector,PreOrder__Subset__2,jaccard,0.0,0.5179±0.0225
medical,RF,BinaryVector,PreOrder__Subset__None,jaccard,0.0,0.5263±0.0301
medical,RF,BinaryVector,br,jaccard,0.0,0.5849±0.0402
medical,RF,BinaryVector,cc,jaccard,0.0,0.6181±0.0274
medical,RF,BinaryVector,clr,jaccard,0.0,0.0701±0.0117
medical,RF,BinaryVector,ecc,jaccard,0.0,0.5890±0.0327
medical,RF,BinaryVector,mlknn,jaccard,0.0,0.5673±0.0298
medical,RF,BinaryVector,PartialOrder__Hamming__2,jaccard,0.1,0.2652±0.0243
medical,RF,BinaryVector,PartialOrder__Hamming__None,jaccard,0.1,0.2479±0.0205
medical,RF,BinaryVector,PartialOrder__Subset__2,jaccard,0.1,0.2636±0.0244
medical,RF,BinaryVector,PartialOrder__Subset__None,jaccard,0.1,0.2474±0.0210
medical,RF,BinaryVector,PreOrder__Hamming__2,jaccard,0.1,0.4432±0.0288
medical,RF,BinaryVector,PreOrder__Hamming__None,jaccard,0.1,0.3789±0.0266
medical,RF,BinaryVector,PreOrder__Subset__2,jaccard,0.1,0.4535±0.0300
medical,RF,BinaryVector,PreOrder__Subset__None,jaccard,0.1,0.3779±0.0263
medical,RF,BinaryVector,br,jaccard,0.1,0.6017±0.0342
medical,RF,BinaryVector,cc,jaccard,0.1,0.5869±0.0318
medical,RF,BinaryVector,clr,jaccard,0.1,0.3559±0.0328
medical,RF,BinaryVector,ecc,jaccard,0.1,0.5870±0.0333
medical,RF,BinaryVector,mlknn,jaccard,0.1,0.4709±0.0307
medical,RF,BinaryVector,PartialOrder__Hamming__2,jaccard,0.2,0.1053±0.0080
medical,RF,BinaryVector,PartialOrder__Hamming__None,jaccard,0.2,0.0940±0.0061
medical,RF,BinaryVector,PartialOrder__Subset__2,jaccard,0.2,0.1047±0.0078
medical,RF,BinaryVector,PartialOrder__Subset__None,jaccard,0.2,0.0937±0.0061
medical,RF,BinaryVector,PreOrder__Hamming__2,jaccard,0.2,0.2197±0.0219
medical,RF,BinaryVector,PreOrder__Hamming__None,jaccard,0.2,0.1465±0.0130
medical,RF,BinaryVector,PreOrder__Subset__2,jaccard,0.2,0.2309±0.0234
medical,RF,BinaryVector,PreOrder__Subset__None,jaccard,0.2,0.1466±0.0141
medical,RF,BinaryVector,br,jaccard,0.2,0.4501±0.0370
medical,RF,BinaryVector,cc,jaccard,0.2,0.4642±0.0409
medical,RF,BinaryVector,clr,jaccard,0.2,0.4134±0.0370
medical,RF,BinaryVector,ecc,jaccard,0.2,0.5101±0.0419
medical,RF,BinaryVector,mlknn,jaccard,0.2,0.3046±0.0333
medical,RF,BinaryVector,PartialOrder__Hamming__2,jaccard,0.3,0.0640±0.0038
medical,RF,BinaryVector,PartialOrder__Hamming__None,jaccard,0.3,0.0601±0.0033
medical,RF,BinaryVector,PartialOrder__Subset__2,jaccard,0.3,0.0634±0.0037
medical,RF,BinaryVector,PartialOrder__Subset__None,jaccard,0.3,0.0598±0.0033
medical,RF,BinaryVector,PreOrder__Hamming__2,jaccard,0.3,0.0951±0.0078
medical,RF,BinaryVector,PreOrder__Hamming__None,jaccard,0.3,0.0688±0.0046
medical,RF,BinaryVector,PreOrder__Subset__2,jaccard,0.3,0.0976±0.0082
medical,RF,BinaryVector,PreOrder__Subset__None,jaccard,0.3,0.0688±0.0046
medical,RF,BinaryVector,br,jaccard,0.3,0.2069±0.0192
medical,RF,BinaryVector,cc,jaccard,0.3,0.2696±0.0280
medical,RF,BinaryVector,clr,jaccard,0.3,0.2919±0.0324
medical,RF,BinaryVector,ecc,jaccard,0.3,0.3134±0.0281
medical,RF,BinaryVector,mlknn,jaccard,0.3,0.1141±0.0124
medical,RF,BinaryVector,PartialOrder__Hamming__2,macro_f1,0.0,0.1139±0.0068
medical,RF,BinaryVector,PartialOrder__Hamming__None,macro_f1,0.0,0.1170±0.0073
medical,RF,BinaryVector,PartialOrder__Subset__2,macro_f1,0.0,0.1139±0.0069
medical,RF,BinaryVector,PartialOrder__Subset__None,macro_f1,0.0,0.1168±0.0074
medical,RF,BinaryVector,PreOrder__Hamming__2,macro_f1,0.0,0.1129±0.0074
medical,RF,BinaryVector,PreOrder__Hamming__None,macro_f1,0.0,0.1171±0.0084
medical,RF,BinaryVector,PreOrder__Subset__2,macro_f1,0.0,0.1122±0.0073
medical,RF,BinaryVector,PreOrder__Subset__None,macro_f1,0.0,0.1162±0.0082
medical,RF,BinaryVector,br,macro_f1,0.0,0.2191±0.0194
medical,RF,BinaryVector,cc,macro_f1,0.0,0.2319±0.0188
medical,RF,BinaryVector,clr,macro_f1,0.0,0.0189±0.0037
medical,RF,BinaryVector,ecc,macro_f1,0.0,0.2202±0.0197
medical,RF,BinaryVector,mlknn,macro_f1,0.0,0.2220±0.0269
medical,RF,BinaryVector,PartialOrder__Hamming__2,macro_f1,0.1,0.1118±0.0056
medical,RF,BinaryVector,PartialOrder__Hamming__None,macro_f1,0.1,0.1125±0.0054
medical,RF,BinaryVector,PartialOrder__Subset__2,macro_f1,0.1,0.1115±0.0056
medical,RF,BinaryVector,PartialOrder__Subset__None,macro_f1,0.1,0.1123±0.0055
medical,RF,BinaryVector,PreOrder__Hamming__2,macro_f1,0.1,0.1324±0.0090
medical,RF,BinaryVector,PreOrder__Hamming__None,macro_f1,0.1,0.1321±0.0084
medical,RF,BinaryVector,PreOrder__Subset__2,macro_f1,0.1,0.1319±0.0090
medical,RF,BinaryVector,PreOrder__Subset__None,macro_f1,0.1,0.1311±0.0084
medical,RF,BinaryVector,br,macro_f1,0.1,0.2603±0.0224
medical,RF,BinaryVector,cc,macro_f1,0.1,0.2399±0.0172
medical,RF,BinaryVector,clr,macro_f1,0.1,0.1053±0.0147
medical,RF,BinaryVector,ecc,macro_f1,0.1,0.2259±0.0168
medical,RF,BinaryVector,mlknn,macro_f1,0.1,0.1669±0.0213
medical,RF,BinaryVector,PartialOrder__Hamming__2,macro_f1,0.2,0.0941±0.0054
medical,RF,BinaryVector,PartialOrder__Hamming__None,macro_f1,0.2,0.0930±0.0050
medical,RF,BinaryVector,PartialOrder__Subset__2,macro_f1,0.2,0.0939±0.0054
medical,RF,BinaryVector,PartialOrder__Subset__None,macro_f1,0.2,0.0927±0.0051
medical,RF,BinaryVector,PreOrder__Hamming__2,macro_f1,0.2,0.1213±0.0090
medical,RF,BinaryVector,PreOrder__Hamming__None,macro_f1,0.2,0.1128±0.0076
medical,RF,BinaryVector,PreOrder__Subset__2,macro_f1,0.2,0.1217±0.0096
medical,RF,BinaryVector,PreOrder__Subset__None,macro_f1,0.2,0.1123±0.0080
medical,RF,BinaryVector,br,macro_f1,0.2,0.2080±0.0209
medical,RF,BinaryVector,cc,macro_f1,0.2,0.1970±0.0220
medical,RF,BinaryVector,clr,macro_f1,0.2,0.1535±0.0157
medical,RF,BinaryVector,ecc,macro_f1,0.2,0.1935±0.0212
medical,RF,BinaryVector,mlknn,macro_f1,0.2,0.1255±0.0142
medical,RF,BinaryVector,PartialOrder__Hamming__2,macro_f1,0.3,0.0821±0.0051
medical,RF,BinaryVector,PartialOrder__Hamming__None,macro_f1,0.3,0.0799±0.0047
medical,RF,BinaryVector,PartialOrder__Subset__2,macro_f1,0.3,0.0814±0.0049
medical,RF,BinaryVector,PartialOrder__Subset__None,macro_f1,0.3,0.0796±0.0048
medical,RF,BinaryVector,PreOrder__Hamming__2,macro_f1,0.3,0.1003±0.0071
medical,RF,BinaryVector,PreOrder__Hamming__None,macro_f1,0.3,0.0874±0.0056
medical,RF,BinaryVector,PreOrder__Subset__2,macro_f1,0.3,0.1002±0.0074
medical,RF,BinaryVector,PreOrder__Subset__None,macro_f1,0.3,0.0876±0.0058
medical,RF,BinaryVector,br,macro_f1,0.3,0.1273±0.0100
medical,RF,BinaryVector,cc,macro_f1,0.3,0.1274±0.0140
medical,RF,BinaryVector,clr,macro_f1,0.3,0.1334±0.0123
medical,RF,BinaryVector,ecc,macro_f1,0.3,0.1346±0.0129
medical,RF,BinaryVector,mlknn,macro_f1,0.3,0.0909±0.0100
medical,RF,BinaryVector,PartialOrder__Hamming__2,macro_precision,0.0,0.0722±0.0052
medical,RF,BinaryVector,PartialOrder__Hamming__None,macro_precision,0.0,0.0741±0.0055
medical,RF,BinaryVector,PartialOrder__Subset__2,macro_precision,0.0,0.0722±0.0053
medical,RF,BinaryVector,PartialOrder__Subset__None,macro_precision,0.0,0.0739±0.0056
medical,RF,BinaryVector,PreOrder__Hamming__2,macro_precision,0.0,0.0722±0.0057
medical,RF,BinaryVector,PreOrder__Hamming__None,macro_precision,0.0,0.0747±0.0063
medical,RF,BinaryVector,PreOrder__Subset__2,macro_precision,0.0,0.0718±0.0056
medical,RF,BinaryVector,PreOrder__Subset__None,macro_precision,0.0,0.0741±0.0063
medical,RF,BinaryVector,br,macro_precision,0.0,0.2826±0.0246
medical,RF,BinaryVector,cc,macro_precision,0.0,0.2836±0.0157
medical,RF,BinaryVector,clr,macro_precision,0.0,0.0672±0.0163
medical,RF,BinaryVector,ecc,macro_precision,0.0,0.2967±0.0339
medical,RF,BinaryVector,mlknn,macro_precision,0.0,0.2796±0.0228
medical,RF,BinaryVector,PartialOrder__Hamming__2,macro_precision,0.1,0.0688±0.0040
medical,RF,BinaryVector,PartialOrder__Hamming__None,macro_precision,0.1,0.0691±0.0038
medical,RF,BinaryVector,PartialOrder__Subset__2,macro_precision,0.1,0.0686±0.0040
medical,RF,BinaryVector,PartialOrder__Subset__None,macro_precision,0.1,0.0690±0.0039
medical,RF,BinaryVector,PreOrder__Hamming__2,macro_precision,0.1,0.0845±0.0067
medical,RF,BinaryVector,PreOrder__Hamming__None,macro_precision,0.1,0.0837±0.0061
medical,RF,BinaryVector,PreOrder__Subset__2,macro_precision,0.1,0.0843±0.0068
medical,RF,BinaryVector,PreOrder__Subset__None,macro_precision,0.1,0.0830±0.0061
medical,RF,BinaryVector,br,macro_precision,0.1,0.2826±0.0247
medical,RF,BinaryVector,cc,macro_precision,0.1,0.2661±0.0194
medical,RF,BinaryVector,clr,macro_precision,0.1,0.1961±0.0298
medical,RF,BinaryVector,ecc,macro_precision,0.1,0.2609±0.0236
medical,RF,BinaryVector,mlknn,macro_precision,0.1,0.1968±0.0292
medical,RF,BinaryVector,PartialOrder__Hamming__2,macro_precision,0.2,0.0567±0.0034
medical,RF,BinaryVector,PartialOrder__Hamming__None,macro_precision,0.2,0.0558±0.0031
medical,RF,BinaryVector,PartialOrder__Subset__2,macro_precision,0.2,0.0566±0.0034
medical,RF,BinaryVector,PartialOrder__Subset__None,macro_precision,0.2,0.0557±0.0032
medical,RF,BinaryVector,PreOrder__Hamming__2,macro_precision,0.2,0.0770±0.0063
medical,RF,BinaryVector,PreOrder__Hamming__None,macro_precision,0.2,0.0701±0.0052
medical,RF,BinaryVector,PreOrder__Subset__2,macro_precision,0.2,0.0775±0.0067
medical,RF,BinaryVector,PreOrder__Subset__None,macro_precision,0.2,0.0698±0.0053
medical,RF,BinaryVector,br,macro_precision,0.2,0.1907±0.0195
medical,RF,BinaryVector,cc,macro_precision,0.2,0.1978±0.0230
medical,RF,BinaryVector,clr,macro_precision,0.2,0.2249±0.0265
medical,RF,BinaryVector,ecc,macro_precision,0.2,0.1990±0.0211
medical,RF,BinaryVector,mlknn,macro_precision,0.2,0.1324±0.0171
medical,RF,BinaryVector,PartialOrder__Hamming__2,macro_precision,0.3,0.0498±0.0033
medical,RF,BinaryVector,PartialOrder__Hamming__None,macro_precision,0.3,0.0481±0.0030
medical,RF,BinaryVector,PartialOrder__Subset__2,macro_precision,0.3,0.0495±0.0031
medical,RF,BinaryVector,PartialOrder__Subset__None,macro_precision,0.3,0.0480±0.0030
medical,RF,BinaryVector,PreOrder__Hamming__2,macro_precision,0.3,0.0639±0.0048
medical,RF,BinaryVector,PreOrder__Hamming__None,macro_precision,0.3,0.0535±0.0036
medical,RF,BinaryVector,PreOrder__Subset__2,macro_precision,0.3,0.0642±0.0050
medical,RF,BinaryVector,PreOrder__Subset__None,macro_precision,0.3,0.0537±0.0037
medical,RF,BinaryVector,br,macro_precision,0.3,0.0984±0.0077
medical,RF,BinaryVector,cc,macro_precision,0.3,0.1093±0.0113
medical,RF,BinaryVector,clr,macro_precision,0.3,0.1329±0.0123
medical,RF,BinaryVector,ecc,macro_precision,0.3,0.1203±0.0115
medical,RF,BinaryVector,mlknn,macro_precision,0.3,0.0746±0.0108
medical,RF,BinaryVector,PartialOrder__Hamming__2,macro_recall,0.0,0.4731±0.0390
medical,RF,BinaryVector,PartialOrder__Hamming__None,macro_recall,0.0,0.4806±0.0413
medical,RF,BinaryVector,PartialOrder__Subset__2,macro_recall,0.0,0.4730±0.0390
medical,RF,BinaryVector,PartialOrder__Subset__None,macro_recall,0.0,0.4762±0.0343
medical,RF,BinaryVector,PreOrder__Hamming__2,macro_recall,0.0,0.4495±0.0442
medical,RF,BinaryVector,PreOrder__Hamming__None,macro_recall,0.0,0.4658±0.0418
medical,RF,BinaryVector,PreOrder__Subset__2,macro_recall,0.0,0.4463±0.0460
medical,RF,BinaryVector,PreOrder__Subset__None,macro_recall,0.0,0.4587±0.0315
medical,RF,BinaryVector,br,macro_recall,0.0,0.1925±0.0181
medical,RF,BinaryVector,cc,macro_recall,0.0,0.2094±0.0183
medical,RF,BinaryVector,clr,macro_recall,0.0,0.0116±0.0024
medical,RF,BinaryVector,ecc,macro_recall,0.0,0.1915±0.0153
medical,RF,BinaryVector,mlknn,macro_recall,0.0,0.1993±0.0282
medical,RF,BinaryVector,PartialOrder__Hamming__2,macro_recall,0.1,0.5006±0.0322
medical,RF,BinaryVector,PartialOrder__Hamming__None,macro_recall,0.1,0.5081±0.0321
medical,RF,BinaryVector,PartialOrder__Subset__2,macro_recall,0.1,0.4995±0.0321
medical,RF,BinaryVector,PartialOrder__Subset__None,macro_recall,0.1,0.5076±0.0335
medical,RF,BinaryVector,PreOrder__Hamming__2,macro_recall,0.1,0.4758±0.0301
medical,RF,BinaryVector,PreOrder__Hamming__None,macro_recall,0.1,0.4907±0.0353
medical,RF,BinaryVector,PreOrder__Subset__2,macro_recall,0.1,0.4712±0.0319
medical,RF,BinaryVector,PreOrder__Subset__None,macro_recall,0.1,0.4904±0.0355
medical,RF,BinaryVector,br,macro_recall,0.1,0.2604±0.0264
medical,RF,BinaryVector,cc,macro_recall,0.1,0.2378±0.0210
medical,RF,BinaryVector,clr,macro_recall,0.1,0.0798±0.0117
medical,RF,BinaryVector,ecc,macro_recall,0.1,0.2168±0.0160
medical,RF,BinaryVector,mlknn,macro_recall,0.1,0.1629±0.0227
medical,RF,BinaryVector,PartialOrder__Hamming__2,macro_recall,0.2,0.4834±0.0275
medical,RF,BinaryVector,PartialOrder__Hamming__None,macro_recall,0.2,0.4953±0.0293
medical,RF,BinaryVector,PartialOrder__Subset__2,macro_recall,0.2,0.4816±0.0287
medical,RF,BinaryVector,PartialOrder__Subset__None,macro_recall,0.2,0.4927±0.0292
medical,RF,BinaryVector,PreOrder__Hamming__2,macro_recall,0.2,0.4430±0.0307
medical,RF,BinaryVector,PreOrder__Hamming__None,macro_recall,0.2,0.4699±0.0320
medical,RF,BinaryVector,PreOrder__Subset__2,macro_recall,0.2,0.4381±0.0286
medical,RF,BinaryVector,PreOrder__Subset__None,macro_recall,0.2,0.4695±0.0337
medical,RF,BinaryVector,br,macro_recall,0.2,0.2702±0.0325
medical,RF,BinaryVector,cc,macro_recall,0.2,0.2294±0.0345
medical,RF,BinaryVector,clr,macro_recall,0.2,0.1289±0.0152
medical,RF,BinaryVector,ecc,macro_recall,0.2,0.2092±0.0280
medical,RF,BinaryVector,mlknn,macro_recall,0.2,0.1435±0.0214
medical,RF,BinaryVector,PartialOrder__Hamming__2,macro_recall,0.3,0.4381±0.0381
medical,RF,BinaryVector,PartialOrder__Hamming__None,macro_recall,0.3,0.4489±0.0368
medical,RF,BinaryVector,PartialOrder__Subset__2,macro_recall,0.3,0.4351±0.0378
medical,RF,BinaryVector,PartialOrder__Subset__None,macro_recall,0.3,0.4477±0.0366
medical,RF,BinaryVector,PreOrder__Hamming__2,macro_recall,0.3,0.3876±0.0374
medical,RF,BinaryVector,PreOrder__Hamming__None,macro_recall,0.3,0.4344±0.0369
medical,RF,BinaryVector,PreOrder__Subset__2,macro_recall,0.3,0.3801±0.0385
medical,RF,BinaryVector,PreOrder__Subset__None,macro_recall,0.3,0.4325±0.0404
medical,RF,BinaryVector,br,macro_recall,0.3,0.2500±0.0291
medical,RF,BinaryVector,cc,macro_recall,0.3,0.2004±0.0319
medical,RF,BinaryVector,clr,macro_recall,0.3,0.1610±0.0263
medical,RF,BinaryVector,ecc,macro_recall,0.3,0.1837±0.0252
medical,RF,BinaryVector,mlknn,macro_recall,0.3,0.1734±0.0263
medical,RF,BinaryVector,PartialOrder__Hamming__2,mfrd,0.0,0.7329±0.0474
medical,RF,BinaryVector,PartialOrder__Hamming__None,mfrd,0.0,0.7412±0.0458
medical,RF,BinaryVector,PartialOrder__Subset__2,mfrd,0.0,0.7329±0.0474
medical,RF,BinaryVector,PartialOrder__Subset__None,mfrd,0.0,0.7419±0.0498
medical,RF,BinaryVector,PreOrder__Hamming__2,mfrd,0.0,0.7326±0.0517
medical,RF,BinaryVector,PreOrder__Hamming__None,mfrd,0.0,0.7460±0.0503
medical,RF,BinaryVector,PreOrder__Subset__2,mfrd,0.0,0.7326±0.0517
medical,RF,BinaryVector,PreOrder__Subset__None,mfrd,0.0,0.7423±0.0489
medical,RF,BinaryVector,br,mfrd,0.0,1.0000±0.0000
medical,RF,BinaryVector,cc,mfrd,0.0,1.0000±0.0000
medical,RF,BinaryVector,clr,mfrd,0.0,1.0000±0.0000
medical,RF,BinaryVector,ecc,mfrd,0.0,1.0000±0.0000
medical,RF,BinaryVector,mlknn,mfrd,0.0,1.0000±0.0000
medical,RF,BinaryVector,PartialOrder__Hamming__2,mfrd,0.1,0.7797±0.0338
medical,RF,BinaryVector,PartialOrder__Hamming__None,mfrd,0.1,0.7721±0.0418
medical,RF,BinaryVector,PartialOrder__Subset__2,mfrd,0.1,0.7798±0.0342
medical,RF,BinaryVector,PartialOrder__Subset__None,mfrd,0.1,0.7767±0.0387
medical,RF,BinaryVector,PreOrder__Hamming__2,mfrd,0.1,0.8436±0.0287
medical,RF,BinaryVector,PreOrder__Hamming__None,mfrd,0.1,0.8390±0.0284
medical,RF,BinaryVector,PreOrder__Subset__2,mfrd,0.1,0.8454±0.0279
medical,RF,BinaryVector,PreOrder__Subset__None,mfrd,0.1,0.8375±0.0284
medical,RF,BinaryVector,br,mfrd,0.1,1.0000±0.0000
medical,RF,BinaryVector,cc,mfrd,0.1,1.0000±0.0000
medical,RF,BinaryVector,clr,mfrd,0.1,1.0000±0.0000
medical,RF,BinaryVector,ecc,mfrd,0.1,1.0000±0.0000
medical,RF,BinaryVector,mlknn,mfrd,0.1,1.0000±0.0000
medical,RF,BinaryVector,PartialOrder__Hamming__2,mfrd,0.2,0.7298±0.0414
medical,RF,BinaryVector,PartialOrder__Hamming__None,mfrd,0.2,0.7161±0.0447
medical,RF,BinaryVector,PartialOrder__Subset__2,mfrd,0.2,0.7298±0.0411
medical,RF,BinaryVector,PartialOrder__Subset__None,mfrd,0.2,0.7171±0.0445
medical,RF,BinaryVector,PreOrder__Hamming__2,mfrd,0.2,0.8447±0.0326
medical,RF,BinaryVector,PreOrder__Hamming__None,mfrd,0.2,0.8127±0.0377
medical,RF,BinaryVector,PreOrder__Subset__2,mfrd,0.2,0.8460±0.0336
medical,RF,BinaryVector,PreOrder__Subset__None,mfrd,0.2,0.8076±0.0387
medical,RF,BinaryVector,br,mfrd,0.2,0.9936±0.0047
medical,RF,BinaryVector,cc,mfrd,0.2,0.9961±0.0036
medical,RF,BinaryVector,clr,mfrd,0.2,1.0000±0.0000
medical,RF,BinaryVector,ecc,mfrd,0.2,0.9990±0.0025
medical,RF,BinaryVector,mlknn,mfrd,0.2,0.9998±0.0010
medical,RF,BinaryVector,PartialOrder__Hamming__2,mfrd,0.3,0.6929±0.0433
medical,RF,BinaryVector,PartialOrder__Hamming__None,mfrd,0.3,0.6746±0.0495
medical,RF,BinaryVector,PartialOrder__Subset__2,mfrd,0.3,0.6933±0.0475
medical,RF,BinaryVector,PartialOrder__Subset__None,mfrd,0.3,0.6729±0.0486
medical,RF,BinaryVector,PreOrder__Hamming__2,mfrd,0.3,0.8208±0.0216
medical,RF,BinaryVector,PreOrder__Hamming__None,mfrd,0.3,0.7309±0.0233
medical,RF,BinaryVector,PreOrder__Subset__2,mfrd,0.3,0.8276±0.0210
medical,RF,BinaryVector,PreOrder__Subset__None,mfrd,0.3,0.7316±0.0250
medical,RF,BinaryVector,br,mfrd,0.3,0.9542±0.0141
medical,RF,BinaryVector,cc,mfrd,0.3,0.9759±0.0085
medical,RF,BinaryVector,clr,mfrd,0.3,0.9936±0.0042
medical,RF,BinaryVector,ecc,mfrd,0.3,0.9833±0.0066
medical,RF,BinaryVector,mlknn,mfrd,0.3,0.9877±0.0143
medical,RF,BinaryVector,PartialOrder__Hamming__2,micro_f1,0.0,0.1542±0.0130
medical,RF,BinaryVector,PartialOrder__Hamming__None,micro_f1,0.0,0.1600±0.0140
medical,RF,BinaryVector,PartialOrder__Subset__2,micro_f1,0.0,0.1540±0.0133
medical,RF,BinaryVector,PartialOrder__Subset__None,micro_f1,0.0,0.1601±0.0141
medical,RF,BinaryVector,PreOrder__Hamming__2,micro_f1,0.0,0.1531±0.0133
medical,RF,BinaryVector,PreOrder__Hamming__None,micro_f1,0.0,0.1602±0.0148
medical,RF,BinaryVector,PreOrder__Subset__2,micro_f1,0.0,0.1522±0.0130
medical,RF,BinaryVector,PreOrder__Subset__None,micro_f1,0.0,0.1590±0.0147
medical,RF,BinaryVector,br,micro_f1,0.0,0.7021±0.0315
medical,RF,BinaryVector,cc,micro_f1,0.0,0.7207±0.0276
medical,RF,BinaryVector,clr,micro_f1,0.0,0.1501±0.0243
medical,RF,BinaryVector,ecc,micro_f1,0.0,0.7036±0.0312
medical,RF,BinaryVector,mlknn,micro_f1,0.0,0.6717±0.0279
medical,RF,BinaryVector,PartialOrder__Hamming__2,micro_f1,0.1,0.1622±0.0120
medical,RF,BinaryVector,PartialOrder__Hamming__None,micro_f1,0.1,0.1632±0.0117
medical,RF,BinaryVector,PartialOrder__Subset__2,micro_f1,0.1,0.1616±0.0117
medical,RF,BinaryVector,PartialOrder__Subset__None,micro_f1,0.1,0.1631±0.0116
medical,RF,BinaryVector,PreOrder__Hamming__2,micro_f1,0.1,0.2056±0.0206
medical,RF,BinaryVector,PreOrder__Hamming__None,micro_f1,0.1,0.2031±0.0190
medical,RF,BinaryVector,PreOrder__Subset__2,micro_f1,0.1,0.2053±0.0210
medical,RF,BinaryVector,PreOrder__Subset__None,micro_f1,0.1,0.2022±0.0190
medical,RF,BinaryVector,br,micro_f1,0.1,0.6735±0.0283
medical,RF,BinaryVector,cc,micro_f1,0.1,0.6573±0.0277
medical,RF,BinaryVector,clr,micro_f1,0.1,0.5122±0.0343
medical,RF,BinaryVector,ecc,micro_f1,0.1,0.6714±0.0333
medical,RF,BinaryVector,mlknn,micro_f1,0.1,0.5704±0.0254
medical,RF,BinaryVector,PartialOrder__Hamming__2,micro_f1,0.2,0.1301±0.0089
medical,RF,BinaryVector,PartialOrder__Hamming__None,micro_f1,0.2,0.1270±0.0080
medical,RF,BinaryVector,PartialOrder__Subset__2,micro_f1,0.2,0.1296±0.0089
medical,RF,BinaryVector,PartialOrder__Subset__None,micro_f1,0.2,0.1267±0.0080
medical,RF,BinaryVector,PreOrder__Hamming__2,micro_f1,0.2,0.1875±0.0158
medical,RF,BinaryVector,PreOrder__Hamming__None,micro_f1,0.2,0.1666±0.0124
medical,RF,BinaryVector,PreOrder__Subset__2,micro_f1,0.2,0.1887±0.0169
medical,RF,BinaryVector,PreOrder__Subset__None,micro_f1,0.2,0.1659±0.0131
medical,RF,BinaryVector,br,micro_f1,0.2,0.4778±0.0324
medical,RF,BinaryVector,cc,micro_f1,0.2,0.5006±0.0425
medical,RF,BinaryVector,clr,micro_f1,0.2,0.5498±0.0381
medical,RF,BinaryVector,ecc,micro_f1,0.2,0.5524±0.0404
medical,RF,BinaryVector,mlknn,micro_f1,0.2,0.3889±0.0299
medical,RF,BinaryVector,PartialOrder__Hamming__2,micro_f1,0.3,0.1095±0.0059
medical,RF,BinaryVector,PartialOrder__Hamming__None,micro_f1,0.3,0.1052±0.0054
medical,RF,BinaryVector,PartialOrder__Subset__2,micro_f1,0.3,0.1085±0.0057
medical,RF,BinaryVector,PartialOrder__Subset__None,micro_f1,0.3,0.1047±0.0052
medical,RF,BinaryVector,PreOrder__Hamming__2,micro_f1,0.3,0.1479±0.0095
medical,RF,BinaryVector,PreOrder__Hamming__None,micro_f1,0.3,0.1188±0.0067
medical,RF,BinaryVector,PreOrder__Subset__2,micro_f1,0.3,0.1480±0.0097
medical,RF,BinaryVector,PreOrder__Subset__None,micro_f1,0.3,0.1194±0.0070
medical,RF,BinaryVector,br,micro_f1,0.3,0.2350±0.0173
medical,RF,BinaryVector,cc,micro_f1,0.3,0.2784±0.0196
medical,RF,BinaryVector,clr,micro_f1,0.3,0.3532±0.0263
medical,RF,BinaryVector,ecc,micro_f1,0.3,0.3219±0.0252
medical,RF,BinaryVector,mlknn,micro_f1,0.3,0.1792±0.0172
medical,RF,BinaryVector,PartialOrder__Hamming__2,micro_precision,0.0,0.0848±0.0078
medical,RF,BinaryVector,PartialOrder__Hamming__None,micro_precision,0.0,0.0881±0.0084
medical,RF,BinaryVector,PartialOrder__Subset__2,micro_precision,0.0,0.0847±0.0080
medical,RF,BinaryVector,PartialOrder__Subset__None,micro_precision,0.0,0.0882±0.0085
medical,RF,BinaryVector,PreOrder__Hamming__2,micro_precision,0.0,0.0843±0.0080
medical,RF,BinaryVector,PreOrder__Hamming__None,micro_precision,0.0,0.0883±0.0089
medical,RF,BinaryVector,PreOrder__Subset__2,micro_precision,0.0,0.0838±0.0078
medical,RF,BinaryVector,PreOrder__Subset__None,micro_precision,0.0,0.0877±0.0088
medical,RF,BinaryVector,br,micro_precision,0.0,0.8881±0.0170
medical,RF,BinaryVector,cc,micro_precision,0.0,0.8773±0.0278
medical,RF,BinaryVector,clr,micro_precision,0.0,0.8924±0.0480
medical,RF,BinaryVector,ecc,micro_precision,0.0,0.8802±0.0296
medical,RF,BinaryVector,mlknn,micro_precision,0.0,0.8057±0.0119
medical,RF,BinaryVector,PartialOrder__Hamming__2,micro_precision,0.1,0.0893±0.0073
medical,RF,BinaryVector,PartialOrder__Hamming__None,micro_precision,0.1,0.0898±0.0071
medical,RF,BinaryVector,PartialOrder__Subset__2,micro_precision,0.1,0.0889±0.0071
medical,RF,BinaryVector,PartialOrder__Subset__None,micro_precision,0.1,0.0898±0.0070
medical,RF,BinaryVector,PreOrder__Hamming__2,micro_precision,0.1,0.1166±0.0133
medical,RF,BinaryVector,PreOrder__Hamming__None,micro_precision,0.1,0.1148±0.0121
medical,RF,BinaryVector,PreOrder__Subset__2,micro_precision,0.1,0.1165±0.0136
medical,RF,BinaryVector,PreOrder__Subset__None,micro_precision,0.1,0.1142±0.0122
medical,RF,BinaryVector,br,micro_precision,0.1,0.6914±0.0316
medical,RF,BinaryVector,cc,micro_precision,0.1,0.6915±0.0333
medical,RF,BinaryVector,clr,micro_precision,0.1,0.9051±0.0380
medical,RF,BinaryVector,ecc,micro_precision,0.1,0.7317±0.0511
medical,RF,BinaryVector,mlknn,micro_precision,0.1,0.6259±0.0386
medical,RF,BinaryVector,PartialOrder__Hamming__2,micro_precision,0.2,0.0703±0.0051
medical,RF,BinaryVector,PartialOrder__Hamming__None,micro_precision,0.2,0.0684±0.0046
medical,RF,BinaryVector,PartialOrder__Subset__2,micro_precision,0.2,0.0701±0.0051
medical,RF,BinaryVector,PartialOrder__Subset__None,micro_precision,0.2,0.0682±0.0046
medical,RF,BinaryVector,PreOrder__Hamming__2,micro_precision,0.2,0.1055±0.0098
medical,RF,BinaryVector,PreOrder__Hamming__None,micro_precision,0.2,0.0921±0.0075
medical,RF,BinaryVector,PreOrder__Subset__2,micro_precision,0.2,0.1064±0.0106
medical,RF,BinaryVector,PreOrder__Subset__None,micro_precision,0.2,0.0917±0.0079
medical,RF,BinaryVector,br,micro_precision,0.2,0.3822±0.0337
medical,RF,BinaryVector,cc,micro_precision,0.2,0.4389±0.0448
medical,RF,BinaryVector,clr,micro_precision,0.2,0.7039±0.0518
medical,RF,BinaryVector,ecc,micro_precision,0.2,0.5188±0.0518
medical,RF,BinaryVector,mlknn,micro_precision,0.2,0.3342±0.0337
medical,RF,BinaryVector,PartialOrder__Hamming__2,micro_precision,0.3,0.0588±0.0032
medical,RF,BinaryVector,PartialOrder__Hamming__None,micro_precision,0.3,0.0562±0.0029
medical,RF,BinaryVector,PartialOrder__Subset__2,micro_precision,0.3,0.0583±0.0032
medical,RF,BinaryVector,PartialOrder__Subset__None,micro_precision,0.3,0.0560±0.0029
medical,RF,BinaryVector,PreOrder__Hamming__2,micro_precision,0.3,0.0819±0.0054
medical,RF,BinaryVector,PreOrder__Hamming__None,micro_precision,0.3,0.0641±0.0037
medical,RF,BinaryVector,PreOrder__Subset__2,micro_precision,0.3,0.0822±0.0056
medical,RF,BinaryVector,PreOrder__Subset__None,micro_precision,0.3,0.0645±0.0039
medical,RF,BinaryVector,br,micro_precision,0.3,0.1484±0.0114
medical,RF,BinaryVector,cc,micro_precision,0.3,0.1913±0.0140
medical,RF,BinaryVector,clr,micro_precision,0.3,0.2856±0.0247
medical,RF,BinaryVector,ecc,micro_precision,0.3,0.2369±0.0214
medical,RF,BinaryVector,mlknn,micro_precision,0.3,0.1119±0.0114
medical,RF,BinaryVector,PartialOrder__Hamming__2,micro_recall,0.0,0.8580±0.0158
medical,RF,BinaryVector,PartialOrder__Hamming__None,micro_recall,0.0,0.8744±0.0199
medical,RF,BinaryVector,PartialOrder__Subset__2,micro_recall,0.0,0.8571±0.0167
medical,RF,BinaryVector,PartialOrder__Subset__None,micro_recall,0.0,0.8735±0.0185
medical,RF,BinaryVector,PreOrder__Hamming__2,micro_recall,0.0,0.8431±0.0231
medical,RF,BinaryVector,PreOrder__Hamming__None,micro_recall,0.0,0.8661±0.0248
medical,RF,BinaryVector,PreOrder__Subset__2,micro_recall,0.0,0.8381±0.0252
medical,RF,BinaryVector,PreOrder__Subset__None,micro_recall,0.0,0.8620±0.0229
medical,RF,BinaryVector,br,micro_recall,0.0,0.5816±0.0397
medical,RF,BinaryVector,cc,micro_recall,0.0,0.6119±0.0291
medical,RF,BinaryVector,clr,micro_recall,0.0,0.0821±0.0143
medical,RF,BinaryVector,ecc,micro_recall,0.0,0.5866±0.0342
medical,RF,BinaryVector,mlknn,micro_recall,0.0,0.5775±0.0419
medical,RF,BinaryVector,PartialOrder__Hamming__2,micro_recall,0.1,0.8897±0.0177
medical,RF,BinaryVector,PartialOrder__Hamming__None,micro_recall,0.1,0.8990±0.0178
medical,RF,BinaryVector,PartialOrder__Subset__2,micro_recall,0.1,0.8867±0.0178
medical,RF,BinaryVector,PartialOrder__Subset__None,micro_recall,0.1,0.8988±0.0183
medical,RF,BinaryVector,PreOrder__Hamming__2,micro_recall,0.1,0.8755±0.0155
medical,RF,BinaryVector,PreOrder__Hamming__None,micro_recall,0.1,0.8913±0.0160
medical,RF,BinaryVector,PreOrder__Subset__2,micro_recall,0.1,0.8696±0.0164
medical,RF,BinaryVector,PreOrder__Subset__None,micro_recall,0.1,0.8900±0.0152
medical,RF,BinaryVector,br,micro_recall,0.1,0.6574±0.0341
medical,RF,BinaryVector,cc,micro_recall,0.1,0.6274±0.0333
medical,RF,BinaryVector,clr,micro_recall,0.1,0.3582±0.0325
medical,RF,BinaryVector,ecc,micro_recall,0.1,0.6215±0.0301
medical,RF,BinaryVector,mlknn,micro_recall,0.1,0.5257±0.0334
medical,RF,BinaryVector,PartialOrder__Hamming__2,micro_recall,0.2,0.8719±0.0239
medical,RF,BinaryVector,PartialOrder__Hamming__None,micro_recall,0.2,0.8845±0.0219
medical,RF,BinaryVector,PartialOrder__Subset__2,micro_recall,0.2,0.8697±0.0243
medical,RF,BinaryVector,PartialOrder__Subset__None,micro_recall,0.2,0.8827±0.0221
medical,RF,BinaryVector,PreOrder__Hamming__2,micro_recall,0.2,0.8485±0.0230
medical,RF,BinaryVector,PreOrder__Hamming__None,micro_recall,0.2,0.8750±0.0201
medical,RF,BinaryVector,PreOrder__Subset__2,micro_recall,0.2,0.8408±0.0247
medical,RF,BinaryVector,PreOrder__Subset__None,micro_recall,0.2,0.8736±0.0233
medical,RF,BinaryVector,br,micro_recall,0.2,0.6399±0.0378
medical,RF,BinaryVector,cc,micro_recall,0.2,0.5843±0.0454
medical,RF,BinaryVector,clr,micro_recall,0.2,0.4525±0.0387
medical,RF,BinaryVector,ecc,micro_recall,0.2,0.5931±0.0394
medical,RF,BinaryVector,mlknn,micro_recall,0.2,0.4689±0.0415
medical,RF,BinaryVector,PartialOrder__Hamming__2,micro_recall,0.3,0.7966±0.0356
medical,RF,BinaryVector,PartialOrder__Hamming__None,micro_recall,0.3,0.8116±0.0337
medical,RF,BinaryVector,PartialOrder__Subset__2,micro_recall,0.3,0.7890±0.0349
medical,RF,BinaryVector,PartialOrder__Subset__None,micro_recall,0.3,0.8083±0.0328
medical,RF,BinaryVector,PreOrder__Hamming__2,micro_recall,0.3,0.7621±0.0353
medical,RF,BinaryVector,PreOrder__Hamming__None,micro_recall,0.3,0.8105±0.0349
medical,RF,BinaryVector,PreOrder__Subset__2,micro_recall,0.3,0.7472±0.0360
medical,RF,BinaryVector,PreOrder__Subset__None,micro_recall,0.3,0.8071±0.0367
medical,RF,BinaryVector,br,micro_recall,0.3,0.5653±0.0427
medical,RF,BinaryVector,cc,micro_recall,0.3,0.5130±0.0461
medical,RF,BinaryVector,clr,micro_recall,0.3,0.4653±0.0434
medical,RF,BinaryVector,ecc,micro_recall,0.3,0.5039±0.0387
medical,RF,BinaryVector,mlknn,micro_recall,0.3,0.4526±0.0491
medical,RF,BinaryVector,PartialOrder__Hamming__2,subset0_1,0.0,0.4090±0.0328
medical,RF,BinaryVector,PartialOrder__Hamming__None,subset0_1,0.0,0.4192±0.0340
medical,RF,BinaryVector,PartialOrder__Subset__2,subset0_1,0.0,0.4100±0.0317
medical,RF,BinaryVector,PartialOrder__Subset__None,subset0_1,0.0,0.4182±0.0337
medical,RF,BinaryVector,PreOrder__Hamming__2,subset0_1,0.0,0.4356±0.0275
medical,RF,BinaryVector,PreOrder__Hamming__None,subset0_1,0.0,0.4305±0.0355
medical,RF,BinaryVector,PreOrder__Subset__2,subset0_1,0.0,0.4305±0.0234
medical,RF,BinaryVector,PreOrder__Subset__None,subset0_1,0.0,0.4366±0.0389
medical,RF,BinaryVector,br,subset0_1,0.0,0.5205±0.0416
medical,RF,BinaryVector,cc,subset0_1,0.0,0.5522±0.0298
medical,RF,BinaryVector,clr,subset0_1,0.0,0.0532±0.0124
medical,RF,BinaryVector,ecc,subset0_1,0.0,0.5245±0.0367
medical,RF,BinaryVector,mlknn,subset0_1,0.0,0.4867±0.0228
medical,RF,BinaryVector,PartialOrder__Hamming__2,subset0_1,0.1,0.0877±0.0218
medical,RF,BinaryVector,PartialOrder__Hamming__None,subset0_1,0.1,0.0697±0.0169
medical,RF,BinaryVector,PartialOrder__Subset__2,subset0_1,0.1,0.0859±0.0223
medical,RF,BinaryVector,PartialOrder__Subset__None,subset0_1,0.1,0.0689±0.0171
medical,RF,BinaryVector,PreOrder__Hamming__2,subset0_1,0.1,0.2800±0.0371
medical,RF,BinaryVector,PreOrder__Hamming__None,subset0_1,0.1,0.1886±0.0333
medical,RF,BinaryVector,PreOrder__Subset__2,subset0_1,0.1,0.2974±0.0384
medical,RF,BinaryVector,PreOrder__Subset__None,subset0_1,0.1,0.1878±0.0318
medical,RF,BinaryVector,br,subset0_1,0.1,0.4972±0.0386
medical,RF,BinaryVector,cc,subset0_1,0.1,0.4978±0.0330
medical,RF,BinaryVector,clr,subset0_1,0.1,0.3074±0.0324
medical,RF,BinaryVector,ecc,subset0_1,0.1,0.5047±0.0363
medical,RF,BinaryVector,mlknn,subset0_1,0.1,0.3569±0.0364
medical,RF,BinaryVector,PartialOrder__Hamming__2,subset0_1,0.2,0.0012±0.0022
medical,RF,BinaryVector,PartialOrder__Hamming__None,subset0_1,0.2,0.0006±0.0017
medical,RF,BinaryVector,PartialOrder__Subset__2,subset0_1,0.2,0.0012±0.0022
medical,RF,BinaryVector,PartialOrder__Subset__None,subset0_1,0.2,0.0006±0.0017
medical,RF,BinaryVector,PreOrder__Hamming__2,subset0_1,0.2,0.0497±0.0186
medical,RF,BinaryVector,PreOrder__Hamming__None,subset0_1,0.2,0.0110±0.0059
medical,RF,BinaryVector,PreOrder__Subset__2,subset0_1,0.2,0.0587±0.0204
medical,RF,BinaryVector,PreOrder__Subset__None,subset0_1,0.2,0.0119±0.0066
medical,RF,BinaryVector,br,subset0_1,0.2,0.2894±0.0454
medical,RF,BinaryVector,cc,subset0_1,0.2,0.3395±0.0401
medical,RF,BinaryVector,clr,subset0_1,0.2,0.3319±0.0330
medical,RF,BinaryVector,ecc,subset0_1,0.2,0.4047±0.0432
medical,RF,BinaryVector,mlknn,subset0_1,0.2,0.1424±0.0420
medical,RF,BinaryVector,PartialOrder__Hamming__2,subset0_1,0.3,0.0000±0.0000
medical,RF,BinaryVector,PartialOrder__Hamming__None,subset0_1,0.3,0.0000±0.0000
medical,RF,BinaryVector,PartialOrder__Subset__2,subset0_1,0.3,0.0000±0.0000
medical,RF,BinaryVector,PartialOrder__Subset__None,subset0_1,0.3,0.0000±0.0000
medical,RF,BinaryVector,PreOrder__Hamming__2,subset0_1,0.3,0.0006±0.0017
medical,RF,BinaryVector,PreOrder__Hamming__None,subset0_1,0.3,0.0000±0.0000
medical,RF,BinaryVector,PreOrder__Subset__2,subset0_1,0.3,0.0006±0.0017
medical,RF,BinaryVector,PreOrder__Subset__None,subset0_1,0.3,0.0000±0.0000
medical,RF,BinaryVector,br,subset0_1,0.3,0.0597±0.0127
medical,RF,BinaryVector,cc,subset0_1,0.3,0.1311±0.0250
medical,RF,BinaryVector,clr,subset0_1,0.3,0.1669±0.0283
medical,RF,BinaryVector,ecc,subset0_1,0.3,0.1896±0.0261
medical,RF,BinaryVector,mlknn,subset0_1,0.3,0.0045±0.0053
medical,RF,PartialAbstention,PartialOrder__Hamming__2,aabs,0.0,0.2589±0.0305
medical,RF,PartialAbstention,PartialOrder__Hamming__None,aabs,0.0,0.2528±0.0309
medical,RF,PartialAbstention,PartialOrder__Subset__2,aabs,0.0,0.2591±0.0307
medical,RF,PartialAbstention,PartialOrder__Subset__None,aabs,0.0,0.2522±0.0308
medical,RF,PartialAbstention,PreOrder__Hamming__2,aabs,0.0,0.2562±0.0311
medical,RF,PartialAbstention,PreOrder__Hamming__None,aabs,0.0,0.2492±0.0317
medical,RF,PartialAbstention,PreOrder__Subset__2,aabs,0.0,0.2563±0.0313
medical,RF,PartialAbstention,PreOrder__Subset__None,aabs,0.0,0.2504±0.0316
medical,RF,PartialAbstention,PartialOrder__Hamming__2,aabs,0.1,0.2318±0.0254
medical,RF,PartialAbstention,PartialOrder__Hamming__None,aabs,0.1,0.2273±0.0249
medical,RF,PartialAbstention,PartialOrder__Subset__2,aabs,0.1,0.2321±0.0253
medical,RF,PartialAbstention,PartialOrder__Subset__None,aabs,0.1,0.2275±0.0250
medical,RF,PartialAbstention,PreOrder__Hamming__2,aabs,0.1,0.1681±0.0239
medical,RF,PartialAbstention,PreOrder__Hamming__None,aabs,0.1,0.1648±0.0237
medical,RF,PartialAbstention,PreOrder__Subset__2,aabs,0.1,0.1684±0.0239
medical,RF,PartialAbstention,PreOrder__Subset__None,aabs,0.1,0.1655±0.0238
medical,RF,PartialAbstention,PartialOrder__Hamming__2,aabs,0.2,0.2190±0.0227
medical,RF,PartialAbstention,PartialOrder__Hamming__None,aabs,0.2,0.2134±0.0225
medical,RF,PartialAbstention,PartialOrder__Subset__2,aabs,0.2,0.2194±0.0226
medical,RF,PartialAbstention,PartialOrder__Subset__None,aabs,0.2,0.2137±0.0226
medical,RF,PartialAbstention,PreOrder__Hamming__2,aabs,0.2,0.1167±0.0215
medical,RF,PartialAbstention,PreOrder__Hamming__None,aabs,0.2,0.1140±0.0210
medical,RF,PartialAbstention,PreOrder__Subset__2,aabs,0.2,0.1176±0.0214
medical,RF,PartialAbstention,PreOrder__Subset__None,aabs,0.2,0.1152±0.0211
medical,RF,PartialAbstention,PartialOrder__Hamming__2,aabs,0.3,0.1118±0.0198
medical,RF,PartialAbstention,PartialOrder__Hamming__None,aabs,0.3,0.1071±0.0193
medical,RF,PartialAbstention,PartialOrder__Subset__2,aabs,0.3,0.1123±0.0198
medical,RF,PartialAbstention,PartialOrder__Subset__None,aabs,0.3,0.1073±0.0194
medical,RF,PartialAbstention,PreOrder__Hamming__2,aabs,0.3,0.0282±0.0080
medical,RF,PartialAbstention,PreOrder__Hamming__None,aabs,0.3,0.0281±0.0077
medical,RF,PartialAbstention,PreOrder__Subset__2,aabs,0.3,0.0289±0.0079
medical,RF,PartialAbstention,PreOrder__Subset__None,aabs,0.3,0.0293±0.0078
medical,RF,PartialAbstention,PartialOrder__Hamming__2,abs,0.0,0.4836±0.0179
medical,RF,PartialAbstention,PartialOrder__Hamming__None,abs,0.0,0.4755±0.0188
medical,RF,PartialAbstention,PartialOrder__Subset__2,abs,0.0,0.4836±0.0179
medical,RF,PartialAbstention,PartialOrder__Subset__None,abs,0.0,0.4765±0.0178
medical,RF,PartialAbstention,PreOrder__Hamming__2,abs,0.0,0.4417±0.0235
medical,RF,PartialAbstention,PreOrder__Hamming__None,abs,0.0,0.4376±0.0232
medical,RF,PartialAbstention,PreOrder__Subset__2,abs,0.0,0.4417±0.0235
medical,RF,PartialAbstention,PreOrder__Subset__None,abs,0.0,0.4407±0.0269
medical,RF,PartialAbstention,PartialOrder__Hamming__2,abs,0.1,0.7356±0.0315
medical,RF,PartialAbstention,PartialOrder__Hamming__None,abs,0.1,0.7300±0.0338
medical,RF,PartialAbstention,PartialOrder__Subset__2,abs,0.1,0.7362±0.0318
medical,RF,PartialAbstention,PartialOrder__Subset__None,abs,0.1,0.7311±0.0329
medical,RF,PartialAbstention,PreOrder__Hamming__2,abs,0.1,0.4519±0.0374
medical,RF,PartialAbstention,PreOrder__Hamming__None,abs,0.1,0.4501±0.0398
medical,RF,PartialAbstention,PreOrder__Subset__2,abs,0.1,0.4525±0.0375
medical,RF,PartialAbstention,PreOrder__Subset__None,abs,0.1,0.4495±0.0389
medical,RF,PartialAbstention,PartialOrder__Hamming__2,abs,0.2,0.7700±0.0215
medical,RF,PartialAbstention,PartialOrder__Hamming__None,abs,0.2,0.7698±0.0208
medical,RF,PartialAbstention,PartialOrder__Subset__2,abs,0.2,0.7712±0.0219
medical,RF,PartialAbstention,PartialOrder__Subset__None,abs,0.2,0.7704±0.0218
medical,RF,PartialAbstention,PreOrder__Hamming__2,abs,0.2,0.4632±0.0439
medical,RF,PartialAbstention,PreOrder__Hamming__None,abs,0.2,0.4718±0.0463
medical,RF,PartialAbstention,PreOrder__Subset__2,abs,0.2,0.4677±0.0454
medical,RF,PartialAbstention,PreOrder__Subset__None,abs,0.2,0.4773±0.0438
medical,RF,PartialAbstention,PartialOrder__Hamming__2,abs,0.3,0.5880±0.0287
medical,RF,PartialAbstention,PartialOrder__Hamming__None,abs,0.3,0.5837±0.0265
medical,RF,PartialAbstention,PartialOrder__Subset__2,abs,0.3,0.5912±0.0301
medical,RF,PartialAbstention,PartialOrder__Subset__None,abs,0.3,0.5871±0.0300
medical,RF,PartialAbstention,PreOrder__Hamming__2,abs,0.3,0.2689±0.0430
medical,RF,PartialAbstention,PreOrder__Hamming__None,abs,0.3,0.2947±0.0458
medical,RF,PartialAbstention,PreOrder__Subset__2,abs,0.3,0.2761±0.0427
medical,RF,PartialAbstention,PreOrder__Subset__None,abs,0.3,0.3078±0.0441
medical,RF,PartialAbstention,PartialOrder__Hamming__2,arec,0.0,0.9924±0.0008
medical,RF,PartialAbstention,PartialOrder__Hamming__None,arec,0.0,0.9926±0.0009
medical,RF,PartialAbstention,PartialOrder__Subset__2,arec,0.0,0.9924±0.0008
medical,RF,PartialAbstention,PartialOrder__Subset__None,arec,0.0,0.9925±0.0008
medical,RF,PartialAbstention,PreOrder__Hamming__2,arec,0.0,0.9923±0.0010
medical,RF,PartialAbstention,PreOrder__Hamming__None,arec,0.0,0.9918±0.0011
medical,RF,PartialAbstention,PreOrder__Subset__2,arec,0.0,0.9922±0.0010
medical,RF,PartialAbstention,PreOrder__Subset__None,arec,0.0,0.9923±0.0010
medical,RF,PartialAbstention,PartialOrder__Hamming__2,arec,0.1,0.9737±0.0025
medical,RF,PartialAbstention,PartialOrder__Hamming__None,arec,0.1,0.9686±0.0026
medical,RF,PartialAbstention,PartialOrder__Subset__2,arec,0.1,0.9736±0.0024
medical,RF,PartialAbstention,PartialOrder__Subset__None,arec,0.1,0.9686±0.0026
medical,RF,PartialAbstention,PreOrder__Hamming__2,arec,0.1,0.9769±0.0021
medical,RF,PartialAbstention,PreOrder__Hamming__None,arec,0.1,0.9676±0.0026
medical,RF,PartialAbstention,PreOrder__Subset__2,arec,0.1,0.9781±0.0020
medical,RF,PartialAbstention,PreOrder__Subset__None,arec,0.1,0.9675±0.0026
medical,RF,PartialAbstention,PartialOrder__Hamming__2,arec,0.2,0.8932±0.0069
medical,RF,PartialAbstention,PartialOrder__Hamming__None,arec,0.2,0.8741±0.0075
medical,RF,PartialAbstention,PartialOrder__Subset__2,arec,0.2,0.8933±0.0070
medical,RF,PartialAbstention,PartialOrder__Subset__None,arec,0.2,0.8740±0.0079
medical,RF,PartialAbstention,PreOrder__Hamming__2,arec,0.2,0.9106±0.0061
medical,RF,PartialAbstention,PreOrder__Hamming__None,arec,0.2,0.8695±0.0073
medical,RF,PartialAbstention,PreOrder__Subset__2,arec,0.2,0.9148±0.0057
medical,RF,PartialAbstention,PreOrder__Subset__None,arec,0.2,0.8697±0.0076
medical,RF,PartialAbstention,PartialOrder__Hamming__2,arec,0.3,0.7519±0.0079
medical,RF,PartialAbstention,PartialOrder__Hamming__None,arec,0.3,0.7236±0.0081
medical,RF,PartialAbstention,PartialOrder__Subset__2,arec,0.3,0.7522±0.0076
medical,RF,PartialAbstention,PartialOrder__Subset__None,arec,0.3,0.7234±0.0084
medical,RF,PartialAbstention,PreOrder__Hamming__2,arec,0.3,0.7846±0.0083
medical,RF,PartialAbstention,PreOrder__Hamming__None,arec,0.3,0.6949±0.0088
medical,RF,PartialAbstention,PreOrder__Subset__2,arec,0.3,0.7903±0.0084
medical,RF,PartialAbstention,PreOrder__Subset__None,arec,0.3,0.6994±0.0090
medical,RF,PartialAbstention,PartialOrder__Hamming__2,f1_pa,0.0,0.8456±0.0164
medical,RF,PartialAbstention,PartialOrder__Hamming__None,f1_pa,0.0,0.8529±0.0191
medical,RF,PartialAbstention,PartialOrder__Subset__2,f1_pa,0.0,0.8454±0.0172
medical,RF,PartialAbstention,PartialOrder__Subset__None,f1_pa,0.0,0.8504±0.0189
medical,RF,PartialAbstention,PreOrder__Hamming__2,f1_pa,0.0,0.8437±0.0217
medical,RF,PartialAbstention,PreOrder__Hamming__None,f1_pa,0.0,0.8447±0.0241
medical,RF,PartialAbstention,PreOrder__Subset__2,f1_pa,0.0,0.8415±0.0227
medical,RF,PartialAbstention,PreOrder__Subset__None,f1_pa,0.0,0.8482±0.0218
medical,RF,PartialAbstention,PartialOrder__Hamming__2,f1_pa,0.1,0.7007±0.0228
medical,RF,PartialAbstention,PartialOrder__Hamming__None,f1_pa,0.1,0.6682±0.0208
medical,RF,PartialAbstention,PartialOrder__Subset__2,f1_pa,0.1,0.6991±0.0228
medical,RF,PartialAbstention,PartialOrder__Subset__None,f1_pa,0.1,0.6678±0.0209
medical,RF,PartialAbstention,PreOrder__Hamming__2,f1_pa,0.1,0.7277±0.0194
medical,RF,PartialAbstention,PreOrder__Hamming__None,f1_pa,0.1,0.6635±0.0204
medical,RF,PartialAbstention,PreOrder__Subset__2,f1_pa,0.1,0.7363±0.0191
medical,RF,PartialAbstention,PreOrder__Subset__None,f1_pa,0.1,0.6623±0.0196
medical,RF,PartialAbstention,PartialOrder__Hamming__2,f1_pa,0.2,0.3595±0.0226
medical,RF,PartialAbstention,PartialOrder__Hamming__None,f1_pa,0.2,0.3267±0.0212
medical,RF,PartialAbstention,PartialOrder__Subset__2,f1_pa,0.2,0.3590±0.0232
medical,RF,PartialAbstention,PartialOrder__Subset__None,f1_pa,0.2,0.3267±0.0216
medical,RF,PartialAbstention,PreOrder__Hamming__2,f1_pa,0.2,0.4144±0.0220
medical,RF,PartialAbstention,PreOrder__Hamming__None,f1_pa,0.2,0.3179±0.0173
medical,RF,PartialAbstention,PreOrder__Subset__2,f1_pa,0.2,0.4283±0.0228
medical,RF,PartialAbstention,PreOrder__Subset__None,f1_pa,0.2,0.3185±0.0180
medical,RF,PartialAbstention,PartialOrder__Hamming__2,f1_pa,0.3,0.1574±0.0125
medical,RF,PartialAbstention,PartialOrder__Hamming__None,f1_pa,0.3,0.1474±0.0115
medical,RF,PartialAbstention,PartialOrder__Subset__2,f1_pa,0.3,0.1564±0.0124
medical,RF,PartialAbstention,PartialOrder__Subset__None,f1_pa,0.3,0.1469±0.0115
medical,RF,PartialAbstention,PreOrder__Hamming__2,f1_pa,0.3,0.1790±0.0145
medical,RF,PartialAbstention,PreOrder__Hamming__None,f1_pa,0.3,0.1361±0.0107
medical,RF,PartialAbstention,PreOrder__Subset__2,f1_pa,0.3,0.1826±0.0151
medical,RF,PartialAbstention,PreOrder__Subset__None,f1_pa,0.3,0.1363±0.0107
medical,RF,PartialAbstention,PartialOrder__Hamming__2,hamming_accuracy_pa,0.0,0.9897±0.0013
medical,RF,PartialAbstention,PartialOrder__Hamming__None,hamming_accuracy_pa,0.0,0.9901±0.0015
medical,RF,PartialAbstention,PartialOrder__Subset__2,hamming_accuracy_pa,0.0,0.9897±0.0013
medical,RF,PartialAbstention,PartialOrder__Subset__None,hamming_accuracy_pa,0.0,0.9899±0.0014
medical,RF,PartialAbstention,PreOrder__Hamming__2,hamming_accuracy_pa,0.0,0.9896±0.0014
medical,RF,PartialAbstention,PreOrder__Hamming__None,hamming_accuracy_pa,0.0,0.9891±0.0017
medical,RF,PartialAbstention,PreOrder__Subset__2,hamming_accuracy_pa,0.0,0.9895±0.0014
medical,RF,PartialAbstention,PreOrder__Subset__None,hamming_accuracy_pa,0.0,0.9896±0.0015
medical,RF,PartialAbstention,PartialOrder__Hamming__2,hamming_accuracy_pa,0.1,0.9658±0.0031
medical,RF,PartialAbstention,PartialOrder__Hamming__None,hamming_accuracy_pa,0.1,0.9594±0.0030
medical,RF,PartialAbstention,PartialOrder__Subset__2,hamming_accuracy_pa,0.1,0.9657±0.0031
medical,RF,PartialAbstention,PartialOrder__Subset__None,hamming_accuracy_pa,0.1,0.9594±0.0030
medical,RF,PartialAbstention,PreOrder__Hamming__2,hamming_accuracy_pa,0.1,0.9723±0.0026
medical,RF,PartialAbstention,PreOrder__Hamming__None,hamming_accuracy_pa,0.1,0.9613±0.0030
medical,RF,PartialAbstention,PreOrder__Subset__2,hamming_accuracy_pa,0.1,0.9736±0.0025
medical,RF,PartialAbstention,PreOrder__Subset__None,hamming_accuracy_pa,0.1,0.9610±0.0030
medical,RF,PartialAbstention,PartialOrder__Hamming__2,hamming_accuracy_pa,0.2,0.8633±0.0084
medical,RF,PartialAbstention,PartialOrder__Hamming__None,hamming_accuracy_pa,0.2,0.8400±0.0089
medical,RF,PartialAbstention,PartialOrder__Subset__2,hamming_accuracy_pa,0.2,0.8633±0.0085
medical,RF,PartialAbstention,PartialOrder__Subset__None,hamming_accuracy_pa,0.2,0.8398±0.0092
medical,RF,PartialAbstention,PreOrder__Hamming__2,hamming_accuracy_pa,0.2,0.8988±0.0066
medical,RF,PartialAbstention,PreOrder__Hamming__None,hamming_accuracy_pa,0.2,0.8526±0.0077
medical,RF,PartialAbstention,PreOrder__Subset__2,hamming_accuracy_pa,0.2,0.9035±0.0064
medical,RF,PartialAbstention,PreOrder__Subset__None,hamming_accuracy_pa,0.2,0.8528±0.0082
medical,RF,PartialAbstention,PartialOrder__Hamming__2,hamming_accuracy_pa,0.3,0.7206±0.0059
medical,RF,PartialAbstention,PartialOrder__Hamming__None,hamming_accuracy_pa,0.3,0.6905±0.0058
medical,RF,PartialAbstention,PartialOrder__Subset__2,hamming_accuracy_pa,0.3,0.7209±0.0055
medical,RF,PartialAbstention,PartialOrder__Subset__None,hamming_accuracy_pa,0.3,0.6901±0.0058
medical,RF,PartialAbstention,PreOrder__Hamming__2,hamming_accuracy_pa,0.3,0.7784±0.0078
medical,RF,PartialAbstention,PreOrder__Hamming__None,hamming_accuracy_pa,0.3,0.6861±0.0075
medical,RF,PartialAbstention,PreOrder__Subset__2,hamming_accuracy_pa,0.3,0.7841±0.0080
medical,RF,PartialAbstention,PreOrder__Subset__None,hamming_accuracy_pa,0.3,0.6903±0.0078
medical,RF,PartialAbstention,PartialOrder__Hamming__2,rec,0.0,0.7730±0.0217
medical,RF,PartialAbstention,PartialOrder__Hamming__None,rec,0.0,0.7730±0.0278
medical,RF,PartialAbstention,PartialOrder__Subset__2,rec,0.0,0.7740±0.0199
medical,RF,PartialAbstention,PartialOrder__Subset__None,rec,0.0,0.7679±0.0263
medical,RF,PartialAbstention,PreOrder__Hamming__2,rec,0.0,0.7700±0.0303
medical,RF,PartialAbstention,PreOrder__Hamming__None,rec,0.0,0.7546±0.0325
medical,RF,PartialAbstention,PreOrder__Subset__2,rec,0.0,0.7659±0.0305
medical,RF,PartialAbstention,PreOrder__Subset__None,rec,0.0,0.7607±0.0301
medical,RF,PartialAbstention,PartialOrder__Hamming__2,rec,0.1,0.4587±0.0397
medical,RF,PartialAbstention,PartialOrder__Hamming__None,rec,0.1,0.4002±0.0319
medical,RF,PartialAbstention,PartialOrder__Subset__2,rec,0.1,0.4577±0.0384
medical,RF,PartialAbstention,PartialOrder__Subset__None,rec,0.1,0.4004±0.0315
medical,RF,PartialAbstention,PreOrder__Hamming__2,rec,0.1,0.5037±0.0352
medical,RF,PartialAbstention,PreOrder__Hamming__None,rec,0.1,0.3853±0.0302
medical,RF,PartialAbstention,PreOrder__Subset__2,rec,0.1,0.5244±0.0363
medical,RF,PartialAbstention,PreOrder__Subset__None,rec,0.1,0.3814±0.0303
medical,RF,PartialAbstention,PartialOrder__Hamming__2,rec,0.2,0.0661±0.0139
medical,RF,PartialAbstention,PartialOrder__Hamming__None,rec,0.2,0.0505±0.0151
medical,RF,PartialAbstention,PartialOrder__Subset__2,rec,0.2,0.0661±0.0140
medical,RF,PartialAbstention,PartialOrder__Subset__None,rec,0.2,0.0513±0.0146
medical,RF,PartialAbstention,PreOrder__Hamming__2,rec,0.2,0.0980±0.0210
medical,RF,PartialAbstention,PreOrder__Hamming__None,rec,0.2,0.0401±0.0136
medical,RF,PartialAbstention,PreOrder__Subset__2,rec,0.2,0.1119±0.0214
medical,RF,PartialAbstention,PreOrder__Subset__None,rec,0.2,0.0415±0.0147
medical,RF,PartialAbstention,PartialOrder__Hamming__2,rec,0.3,0.0027±0.0036
medical,RF,PartialAbstention,PartialOrder__Hamming__None,rec,0.3,0.0027±0.0036
medical,RF,PartialAbstention,PartialOrder__Subset__2,rec,0.3,0.0027±0.0036
medical,RF,PartialAbstention,PartialOrder__Subset__None,rec,0.3,0.0025±0.0033
medical,RF,PartialAbstention,PreOrder__Hamming__2,rec,0.3,0.0012±0.0030
medical,RF,PartialAbstention,PreOrder__Hamming__None,rec,0.3,0.0000±0.0000
medical,RF,PartialAbstention,PreOrder__Subset__2,rec,0.3,0.0012±0.0030
medical,RF,PartialAbstention,PreOrder__Subset__None,rec,0.3,0.0000±0.0000
medical,RF,PartialAbstention,PartialOrder__Hamming__2,subset0_1_pa,0.0,0.7489±0.0292
medical,RF,PartialAbstention,PartialOrder__Hamming__None,subset0_1_pa,0.0,0.7497±0.0352
medical,RF,PartialAbstention,PartialOrder__Subset__2,subset0_1_pa,0.0,0.7500±0.0271
medical,RF,PartialAbstention,PartialOrder__Subset__None,subset0_1_pa,0.0,0.7442±0.0348
medical,RF,PartialAbstention,PreOrder__Hamming__2,subset0_1_pa,0.0,0.7453±0.0369
medical,RF,PartialAbstention,PreOrder__Hamming__None,subset0_1_pa,0.0,0.7292±0.0398
medical,RF,PartialAbstention,PreOrder__Subset__2,subset0_1_pa,0.0,0.7409±0.0363
medical,RF,PartialAbstention,PreOrder__Subset__None,subset0_1_pa,0.0,0.7359±0.0394
medical,RF,PartialAbstention,PartialOrder__Hamming__2,subset0_1_pa,0.1,0.4381±0.0397
medical,RF,PartialAbstention,PartialOrder__Hamming__None,subset0_1_pa,0.1,0.3787±0.0311
medical,RF,PartialAbstention,PartialOrder__Subset__2,subset0_1_pa,0.1,0.4370±0.0384
medical,RF,PartialAbstention,PartialOrder__Subset__None,subset0_1_pa,0.1,0.3783±0.0309
medical,RF,PartialAbstention,PreOrder__Hamming__2,subset0_1_pa,0.1,0.4880±0.0350
medical,RF,PartialAbstention,PreOrder__Hamming__None,subset0_1_pa,0.1,0.3667±0.0292
medical,RF,PartialAbstention,PreOrder__Subset__2,subset0_1_pa,0.1,0.5092±0.0366
medical,RF,PartialAbstention,PreOrder__Subset__None,subset0_1_pa,0.1,0.3626±0.0306
medical,RF,PartialAbstention,PartialOrder__Hamming__2,subset0_1_pa,0.2,0.0585±0.0121
medical,RF,PartialAbstention,PartialOrder__Hamming__None,subset0_1_pa,0.2,0.0433±0.0123
medical,RF,PartialAbstention,PartialOrder__Subset__2,subset0_1_pa,0.2,0.0585±0.0127
medical,RF,PartialAbstention,PartialOrder__Subset__None,subset0_1_pa,0.2,0.0439±0.0118
medical,RF,PartialAbstention,PreOrder__Hamming__2,subset0_1_pa,0.2,0.0939±0.0187
medical,RF,PartialAbstention,PreOrder__Hamming__None,subset0_1_pa,0.2,0.0363±0.0119
medical,RF,PartialAbstention,PreOrder__Subset__2,subset0_1_pa,0.2,0.1079±0.0194
medical,RF,PartialAbstention,PreOrder__Subset__None,subset0_1_pa,0.2,0.0374±0.0126
medical,RF,PartialAbstention,PartialOrder__Hamming__2,subset0_1_pa,0.3,0.0022±0.0036
medical,RF,PartialAbstention,PartialOrder__Hamming__None,subset0_1_pa,0.3,0.0022±0.0036
medical,RF,PartialAbstention,PartialOrder__Subset__2,subset0_1_pa,0.3,0.0022±0.0036
medical,RF,PartialAbstention,PartialOrder__Subset__None,subset0_1_pa,0.3,0.0020±0.0032
medical,RF,PartialAbstention,PreOrder__Hamming__2,subset0_1_pa,0.3,0.0012±0.0030
medical,RF,PartialAbstention,PreOrder__Hamming__None,subset0_1_pa,0.3,0.0000±0.0000
medical,RF,PartialAbstention,PreOrder__Subset__2,subset0_1_pa,0.3,0.0012±0.0030
medical,RF,PartialAbstention,PreOrder__Subset__None,subset0_1_pa,0.3,0.0000±0.0000
medical,RF,ScoreVector,PartialOrder__Hamming__2,auc_macro,0.0,nan±nan
medical,RF,ScoreVector,PartialOrder__Hamming__None,auc_macro,0.0,nan±nan
medical,RF,ScoreVector,PartialOrder__Subset__2,auc_macro,0.0,nan±nan
medical,RF,ScoreVector,PartialOrder__Subset__None,auc_macro,0.0,nan±nan
medical,RF,ScoreVector,PreOrder__Hamming__2,auc_macro,0.0,nan±nan
medical,RF,ScoreVector,PreOrder__Hamming__None,auc_macro,0.0,nan±nan
medical,RF,ScoreVector,PreOrder__Subset__2,auc_macro,0.0,nan±nan
medical,RF,ScoreVector,PreOrder__Subset__None,auc_macro,0.0,nan±nan
medical,RF,ScoreVector,br,auc_macro,0.0,nan±nan
medical,RF,ScoreVector,cc,auc_macro,0.0,nan±nan
medical,RF,ScoreVector,clr,auc_macro,0.0,nan±nan
medical,RF,ScoreVector,ecc,auc_macro,0.0,nan±nan
medical,RF,ScoreVector,mlknn,auc_macro,0.0,nan±nan
medical,RF,ScoreVector,PartialOrder__Hamming__2,auc_macro,0.1,nan±nan
medical,RF,ScoreVector,PartialOrder__Hamming__None,auc_macro,0.1,nan±nan
medical,RF,ScoreVector,PartialOrder__Subset__2,auc_macro,0.1,nan±nan
medical,RF,ScoreVector,PartialOrder__Subset__None,auc_macro,0.1,nan±nan
medical,RF,ScoreVector,PreOrder__Hamming__2,auc_macro,0.1,nan±nan
medical,RF,ScoreVector,PreOrder__Hamming__None,auc_macro,0.1,nan±nan
medical,RF,ScoreVector,PreOrder__Subset__2,auc_macro,0.1,nan±nan
medical,RF,ScoreVector,PreOrder__Subset__None,auc_macro,0.1,nan±nan
medical,RF,ScoreVector,br,auc_macro,0.1,nan±nan
medical,RF,ScoreVector,cc,auc_macro,0.1,nan±nan
medical,RF,ScoreVector,clr,auc_macro,0.1,nan±nan
medical,RF,ScoreVector,ecc,auc_macro,0.1,nan±nan
medical,RF,ScoreVector,mlknn,auc_macro,0.1,nan±nan
medical,RF,ScoreVector,PartialOrder__Hamming__2,auc_macro,0.2,nan±nan
medical,RF,ScoreVector,PartialOrder__Hamming__None,auc_macro,0.2,nan±nan
medical,RF,ScoreVector,PartialOrder__Subset__2,auc_macro,0.2,nan±nan
medical,RF,ScoreVector,PartialOrder__Subset__None,auc_macro,0.2,nan±nan
medical,RF,ScoreVector,PreOrder__Hamming__2,auc_macro,0.2,nan±nan
medical,RF,ScoreVector,PreOrder__Hamming__None,auc_macro,0.2,nan±nan
medical,RF,ScoreVector,PreOrder__Subset__2,auc_macro,0.2,nan±nan
medical,RF,ScoreVector,PreOrder__Subset__None,auc_macro,0.2,nan±nan
medical,RF,ScoreVector,br,auc_macro,0.2,nan±nan
medical,RF,ScoreVector,cc,auc_macro,0.2,nan±nan
medical,RF,ScoreVector,clr,auc_macro,0.2,nan±nan
medical,RF,ScoreVector,ecc,auc_macro,0.2,nan±nan
medical,RF,ScoreVector,mlknn,auc_macro,0.2,nan±nan
medical,RF,ScoreVector,PartialOrder__Hamming__2,auc_macro,0.3,nan±nan
medical,RF,ScoreVector,PartialOrder__Hamming__None,auc_macro,0.3,nan±nan
medical,RF,ScoreVector,PartialOrder__Subset__2,auc_macro,0.3,nan±nan
medical,RF,ScoreVector,PartialOrder__Subset__None,auc_macro,0.3,nan±nan
medical,RF,ScoreVector,PreOrder__Hamming__2,auc_macro,0.3,nan±nan
medical,RF,ScoreVector,PreOrder__Hamming__None,auc_macro,0.3,nan±nan
medical,RF,ScoreVector,PreOrder__Subset__2,auc_macro,0.3,nan±nan
medical,RF,ScoreVector,PreOrder__Subset__None,auc_macro,0.3,nan±nan
medical,RF,ScoreVector,br,auc_macro,0.3,nan±nan
medical,RF,ScoreVector,cc,auc_macro,0.3,nan±nan
medical,RF,ScoreVector,clr,auc_macro,0.3,nan±nan
medical,RF,ScoreVector,ecc,auc_macro,0.3,nan±nan
medical,RF,ScoreVector,mlknn,auc_macro,0.3,nan±nan
medical,RF,ScoreVector,PartialOrder__Hamming__2,auc_micro,0.0,0.9785±0.0044
medical,RF,ScoreVector,PartialOrder__Hamming__None,auc_micro,0.0,0.9785±0.0044
medical,RF,ScoreVector,PartialOrder__Subset__2,auc_micro,0.0,0.9785±0.0044
medical,RF,ScoreVector,PartialOrder__Subset__None,auc_micro,0.0,0.9785±0.0044
medical,RF,ScoreVector,PreOrder__Hamming__2,auc_micro,0.0,0.9785±0.0044
medical,RF,ScoreVector,PreOrder__Hamming__None,auc_micro,0.0,0.9785±0.0044
medical,RF,ScoreVector,PreOrder__Subset__2,auc_micro,0.0,0.9785±0.0044
medical,RF,ScoreVector,PreOrder__Subset__None,auc_micro,0.0,0.9785±0.0044
medical,RF,ScoreVector,br,auc_micro,0.0,0.9785±0.0044
medical,RF,ScoreVector,cc,auc_micro,0.0,0.9790±0.0034
medical,RF,ScoreVector,clr,auc_micro,0.0,0.9589±0.0066
medical,RF,ScoreVector,ecc,auc_micro,0.0,0.8655±0.0146
medical,RF,ScoreVector,mlknn,auc_micro,0.0,0.9346±0.0052
medical,RF,ScoreVector,PartialOrder__Hamming__2,auc_micro,0.1,0.9569±0.0067
medical,RF,ScoreVector,PartialOrder__Hamming__None,auc_micro,0.1,0.9569±0.0067
medical,RF,ScoreVector,PartialOrder__Subset__2,auc_micro,0.1,0.9569±0.0067
medical,RF,ScoreVector,PartialOrder__Subset__None,auc_micro,0.1,0.9569±0.0067
medical,RF,ScoreVector,PreOrder__Hamming__2,auc_micro,0.1,0.9569±0.0067
medical,RF,ScoreVector,PreOrder__Hamming__None,auc_micro,0.1,0.9569±0.0067
medical,RF,ScoreVector,PreOrder__Subset__2,auc_micro,0.1,0.9569±0.0067
medical,RF,ScoreVector,PreOrder__Subset__None,auc_micro,0.1,0.9569±0.0067
medical,RF,ScoreVector,br,auc_micro,0.1,0.9555±0.0092
medical,RF,ScoreVector,cc,auc_micro,0.1,0.9567±0.0079
medical,RF,ScoreVector,clr,auc_micro,0.1,0.9530±0.0070
medical,RF,ScoreVector,ecc,auc_micro,0.1,0.9617±0.0090
medical,RF,ScoreVector,mlknn,auc_micro,0.1,0.5591±0.0260
medical,RF,ScoreVector,PartialOrder__Hamming__2,auc_micro,0.2,0.9220±0.0114
medical,RF,ScoreVector,PartialOrder__Hamming__None,auc_micro,0.2,0.9220±0.0114
medical,RF,ScoreVector,PartialOrder__Subset__2,auc_micro,0.2,0.9220±0.0114
medical,RF,ScoreVector,PartialOrder__Subset__None,auc_micro,0.2,0.9220±0.0114
medical,RF,ScoreVector,PreOrder__Hamming__2,auc_micro,0.2,0.9220±0.0114
medical,RF,ScoreVector,PreOrder__Hamming__None,auc_micro,0.2,0.9220±0.0114
medical,RF,ScoreVector,PreOrder__Subset__2,auc_micro,0.2,0.9220±0.0114
medical,RF,ScoreVector,PreOrder__Subset__None,auc_micro,0.2,0.9220±0.0114
medical,RF,ScoreVector,br,auc_micro,0.2,0.9196±0.0117
medical,RF,ScoreVector,cc,auc_micro,0.2,0.9243±0.0107
medical,RF,ScoreVector,clr,auc_micro,0.2,0.9331±0.0097
medical,RF,ScoreVector,ecc,auc_micro,0.2,0.9373±0.0101
medical,RF,ScoreVector,mlknn,auc_micro,0.2,0.4622±0.0287
medical,RF,ScoreVector,PartialOrder__Hamming__2,auc_micro,0.3,0.8444±0.0163
medical,RF,ScoreVector,PartialOrder__Hamming__None,auc_micro,0.3,0.8444±0.0163
medical,RF,ScoreVector,PartialOrder__Subset__2,auc_micro,0.3,0.8444±0.0163
medical,RF,ScoreVector,PartialOrder__Subset__None,auc_micro,0.3,0.8444±0.0163
medical,RF,ScoreVector,PreOrder__Hamming__2,auc_micro,0.3,0.8444±0.0163
medical,RF,ScoreVector,PreOrder__Hamming__None,auc_micro,0.3,0.8444±0.0163
medical,RF,ScoreVector,PreOrder__Subset__2,auc_micro,0.3,0.8444±0.0163
medical,RF,ScoreVector,PreOrder__Subset__None,auc_micro,0.3,0.8444±0.0163
medical,RF,ScoreVector,br,auc_micro,0.3,0.8414±0.0178
medical,RF,ScoreVector,cc,auc_micro,0.3,0.8490±0.0135
medical,RF,ScoreVector,clr,auc_micro,0.3,0.8807±0.0165
medical,RF,ScoreVector,ecc,auc_micro,0.3,0.8734±0.0152
medical,RF,ScoreVector,mlknn,auc_micro,0.3,0.4991±0.0362
medical,RF,ScoreVector,PartialOrder__Hamming__2,auprc_macro,0.0,0.4503±0.0364
medical,RF,ScoreVector,PartialOrder__Hamming__None,auprc_macro,0.0,0.4503±0.0364
medical,RF,ScoreVector,PartialOrder__Subset__2,auprc_macro,0.0,0.4503±0.0364
medical,RF,ScoreVector,PartialOrder__Subset__None,auprc_macro,0.0,0.4503±0.0364
medical,RF,ScoreVector,PreOrder__Hamming__2,auprc_macro,0.0,0.4503±0.0364
medical,RF,ScoreVector,PreOrder__Hamming__None,auprc_macro,0.0,0.4503±0.0364
medical,RF,ScoreVector,PreOrder__Subset__2,auprc_macro,0.0,0.4503±0.0364
medical,RF,ScoreVector,PreOrder__Subset__None,auprc_macro,0.0,0.4503±0.0364
medical,RF,ScoreVector,br,auprc_macro,0.0,0.4503±0.0364
medical,RF,ScoreVector,cc,auprc_macro,0.0,0.4569±0.0424
medical,RF,ScoreVector,clr,auprc_macro,0.0,0.3989±0.0282
medical,RF,ScoreVector,ecc,auprc_macro,0.0,0.2667±0.0291
medical,RF,ScoreVector,mlknn,auprc_macro,0.0,0.2320±0.0103
medical,RF,ScoreVector,PartialOrder__Hamming__2,auprc_macro,0.1,0.3245±0.0220
medical,RF,ScoreVector,PartialOrder__Hamming__None,auprc_macro,0.1,0.3245±0.0220
medical,RF,ScoreVector,PartialOrder__Subset__2,auprc_macro,0.1,0.3245±0.0220
medical,RF,ScoreVector,PartialOrder__Subset__None,auprc_macro,0.1,0.3245±0.0220
medical,RF,ScoreVector,PreOrder__Hamming__2,auprc_macro,0.1,0.3245±0.0220
medical,RF,ScoreVector,PreOrder__Hamming__None,auprc_macro,0.1,0.3245±0.0220
medical,RF,ScoreVector,PreOrder__Subset__2,auprc_macro,0.1,0.3245±0.0220
medical,RF,ScoreVector,PreOrder__Subset__None,auprc_macro,0.1,0.3245±0.0220
medical,RF,ScoreVector,br,auprc_macro,0.1,0.3282±0.0253
medical,RF,ScoreVector,cc,auprc_macro,0.1,0.3205±0.0232
medical,RF,ScoreVector,clr,auprc_macro,0.1,0.3120±0.0238
medical,RF,ScoreVector,ecc,auprc_macro,0.1,0.3345±0.0270
medical,RF,ScoreVector,mlknn,auprc_macro,0.1,0.0481±0.0050
medical,RF,ScoreVector,PartialOrder__Hamming__2,auprc_macro,0.2,0.2479±0.0193
medical,RF,ScoreVector,PartialOrder__Hamming__None,auprc_macro,0.2,0.2479±0.0193
medical,RF,ScoreVector,PartialOrder__Subset__2,auprc_macro,0.2,0.2479±0.0193
medical,RF,ScoreVector,PartialOrder__Subset__None,auprc_macro,0.2,0.2479±0.0193
medical,RF,ScoreVector,PreOrder__Hamming__2,auprc_macro,0.2,0.2479±0.0193
medical,RF,ScoreVector,PreOrder__Hamming__None,auprc_macro,0.2,0.2479±0.0193
medical,RF,ScoreVector,PreOrder__Subset__2,auprc_macro,0.2,0.2479±0.0193
medical,RF,ScoreVector,PreOrder__Subset__None,auprc_macro,0.2,0.2479±0.0193
medical,RF,ScoreVector,br,auprc_macro,0.2,0.2484±0.0290
medical,RF,ScoreVector,cc,auprc_macro,0.2,0.2367±0.0195
medical,RF,ScoreVector,clr,auprc_macro,0.2,0.2562±0.0225
medical,RF,ScoreVector,ecc,auprc_macro,0.2,0.2574±0.0245
medical,RF,ScoreVector,mlknn,auprc_macro,0.2,0.0364±0.0031
medical,RF,ScoreVector,PartialOrder__Hamming__2,auprc_macro,0.3,0.1517±0.0174
medical,RF,ScoreVector,PartialOrder__Hamming__None,auprc_macro,0.3,0.1517±0.0174
medical,RF,ScoreVector,PartialOrder__Subset__2,auprc_macro,0.3,0.1517±0.0174
medical,RF,ScoreVector,PartialOrder__Subset__None,auprc_macro,0.3,0.1517±0.0174
medical,RF,ScoreVector,PreOrder__Hamming__2,auprc_macro,0.3,0.1517±0.0174
medical,RF,ScoreVector,PreOrder__Hamming__None,auprc_macro,0.3,0.1517±0.0174
medical,RF,ScoreVector,PreOrder__Subset__2,auprc_macro,0.3,0.1517±0.0174
medical,RF,ScoreVector,PreOrder__Subset__None,auprc_macro,0.3,0.1517±0.0174
medical,RF,ScoreVector,br,auprc_macro,0.3,0.1482±0.0144
medical,RF,ScoreVector,cc,auprc_macro,0.3,0.1440±0.0162
medical,RF,ScoreVector,clr,auprc_macro,0.3,0.1727±0.0176
medical,RF,ScoreVector,ecc,auprc_macro,0.3,0.1616±0.0165
medical,RF,ScoreVector,mlknn,auprc_macro,0.3,0.0351±0.0027
medical,RF,ScoreVector,PartialOrder__Hamming__2,auprc_micro,0.0,0.8201±0.0244
medical,RF,ScoreVector,PartialOrder__Hamming__None,auprc_micro,0.0,0.8201±0.0244
medical,RF,ScoreVector,PartialOrder__Subset__2,auprc_micro,0.0,0.8201±0.0244
medical,RF,ScoreVector,PartialOrder__Subset__None,auprc_micro,0.0,0.8201±0.0244
medical,RF,ScoreVector,PreOrder__Hamming__2,auprc_micro,0.0,0.8201±0.0244
medical,RF,ScoreVector,PreOrder__Hamming__None,auprc_micro,0.0,0.8201±0.0244
medical,RF,ScoreVector,PreOrder__Subset__2,auprc_micro,0.0,0.8201±0.0244
medical,RF,ScoreVector,PreOrder__Subset__None,auprc_micro,0.0,0.8201±0.0244
medical,RF,ScoreVector,br,auprc_micro,0.0,0.8201±0.0244
medical,RF,ScoreVector,cc,auprc_micro,0.0,0.8184±0.0272
medical,RF,ScoreVector,clr,auprc_micro,0.0,0.7579±0.0207
medical,RF,ScoreVector,ecc,auprc_micro,0.0,0.6647±0.0364
medical,RF,ScoreVector,mlknn,auprc_micro,0.0,0.5922±0.0129
medical,RF,ScoreVector,PartialOrder__Hamming__2,auprc_micro,0.1,0.6915±0.0282
medical,RF,ScoreVector,PartialOrder__Hamming__None,auprc_micro,0.1,0.6915±0.0282
medical,RF,ScoreVector,PartialOrder__Subset__2,auprc_micro,0.1,0.6915±0.0282
medical,RF,ScoreVector,PartialOrder__Subset__None,auprc_micro,0.1,0.6915±0.0282
medical,RF,ScoreVector,PreOrder__Hamming__2,auprc_micro,0.1,0.6915±0.0282
medical,RF,ScoreVector,PreOrder__Hamming__None,auprc_micro,0.1,0.6915±0.0282
medical,RF,ScoreVector,PreOrder__Subset__2,auprc_micro,0.1,0.6915±0.0282
medical,RF,ScoreVector,PreOrder__Subset__None,auprc_micro,0.1,0.6915±0.0282
medical,RF,ScoreVector,br,auprc_micro,0.1,0.6924±0.0328
medical,RF,ScoreVector,cc,auprc_micro,0.1,0.6766±0.0340
medical,RF,ScoreVector,clr,auprc_micro,0.1,0.7264±0.0296
medical,RF,ScoreVector,ecc,auprc_micro,0.1,0.7404±0.0329
medical,RF,ScoreVector,mlknn,auprc_micro,0.1,0.1047±0.0449
medical,RF,ScoreVector,PartialOrder__Hamming__2,auprc_micro,0.2,0.4787±0.0451
medical,RF,ScoreVector,PartialOrder__Hamming__None,auprc_micro,0.2,0.4787±0.0451
medical,RF,ScoreVector,PartialOrder__Subset__2,auprc_micro,0.2,0.4787±0.0451
medical,RF,ScoreVector,PartialOrder__Subset__None,auprc_micro,0.2,0.4787±0.0451
medical,RF,ScoreVector,PreOrder__Hamming__2,auprc_micro,0.2,0.4787±0.0451
medical,RF,ScoreVector,PreOrder__Hamming__None,auprc_micro,0.2,0.4787±0.0451
medical,RF,ScoreVector,PreOrder__Subset__2,auprc_micro,0.2,0.4787±0.0451
medical,RF,ScoreVector,PreOrder__Subset__None,auprc_micro,0.2,0.4787±0.0451
medical,RF,ScoreVector,br,auprc_micro,0.2,0.4832±0.0478
medical,RF,ScoreVector,cc,auprc_micro,0.2,0.4538±0.0537
medical,RF,ScoreVector,clr,auprc_micro,0.2,0.6156±0.0445
medical,RF,ScoreVector,ecc,auprc_micro,0.2,0.5871±0.0441
medical,RF,ScoreVector,mlknn,auprc_micro,0.2,0.0262±0.0037
medical,RF,ScoreVector,PartialOrder__Hamming__2,auprc_micro,0.3,0.2149±0.0350
medical,RF,ScoreVector,PartialOrder__Hamming__None,auprc_micro,0.3,0.2149±0.0350
medical,RF,ScoreVector,PartialOrder__Subset__2,auprc_micro,0.3,0.2149±0.0350
medical,RF,ScoreVector,PartialOrder__Subset__None,auprc_micro,0.3,0.2149±0.0350
medical,RF,ScoreVector,PreOrder__Hamming__2,auprc_micro,0.3,0.2149±0.0350
medical,RF,ScoreVector,PreOrder__Hamming__None,auprc_micro,0.3,0.2149±0.0350
medical,RF,ScoreVector,PreOrder__Subset__2,auprc_micro,0.3,0.2149±0.0350
medical,RF,ScoreVector,PreOrder__Subset__None,auprc_micro,0.3,0.2149±0.0350
medical,RF,ScoreVector,br,auprc_micro,0.3,0.2073±0.0258
medical,RF,ScoreVector,cc,auprc_micro,0.3,0.2110±0.0393
medical,RF,ScoreVector,clr,auprc_micro,0.3,0.3593±0.0447
medical,RF,ScoreVector,ecc,auprc_micro,0.3,0.2745±0.0477
medical,RF,ScoreVector,mlknn,auprc_micro,0.3,0.0286±0.0048
medical,RF,ScoreVector,PartialOrder__Hamming__2,coverage,0.0,1.9186±0.3147
medical,RF,ScoreVector,PartialOrder__Hamming__None,coverage,0.0,1.9186±0.3147
medical,RF,ScoreVector,PartialOrder__Subset__2,coverage,0.0,1.9186±0.3147
medical,RF,ScoreVector,PartialOrder__Subset__None,coverage,0.0,1.9186±0.3147
medical,RF,ScoreVector,PreOrder__Hamming__2,coverage,0.0,1.9186±0.3147
medical,RF,ScoreVector,PreOrder__Hamming__None,coverage,0.0,1.9186±0.3147
medical,RF,ScoreVector,PreOrder__Subset__2,coverage,0.0,1.9186±0.3147
medical,RF,ScoreVector,PreOrder__Subset__None,coverage,0.0,1.9186±0.3147
medical,RF,ScoreVector,br,coverage,0.0,1.9186±0.3147
medical,RF,ScoreVector,cc,coverage,0.0,1.9361±0.2740
medical,RF,ScoreVector,clr,coverage,0.0,2.4466±0.3673
medical,RF,ScoreVector,ecc,coverage,0.0,13.4984±1.5213
medical,RF,ScoreVector,mlknn,coverage,0.0,3.9000±0.2341
medical,RF,ScoreVector,PartialOrder__Hamming__2,coverage,0.1,2.5009±0.3376
medical,RF,ScoreVector,PartialOrder__Hamming__None,coverage,0.1,2.5009±0.3376
medical,RF,ScoreVector,PartialOrder__Subset__2,coverage,0.1,2.5009±0.3376
medical,RF,ScoreVector,PartialOrder__Subset__None,coverage,0.1,2.5009±0.3376
medical,RF,ScoreVector,PreOrder__Hamming__2,coverage,0.1,2.5009±0.3376
medical,RF,ScoreVector,PreOrder__Hamming__None,coverage,0.1,2.5009±0.3376
medical,RF,ScoreVector,PreOrder__Subset__2,coverage,0.1,2.5009±0.3376
medical,RF,ScoreVector,PreOrder__Subset__None,coverage,0.1,2.5009±0.3376
medical,RF,ScoreVector,br,coverage,0.1,2.5878±0.4571
medical,RF,ScoreVector,cc,coverage,0.1,2.5355±0.4342
medical,RF,ScoreVector,clr,coverage,0.1,2.6361±0.3822
medical,RF,ScoreVector,ecc,coverage,0.1,2.1784±0.4289
medical,RF,ScoreVector,mlknn,coverage,0.1,21.5162±1.3233
medical,RF,ScoreVector,PartialOrder__Hamming__2,coverage,0.2,3.9693±0.5327
medical,RF,ScoreVector,PartialOrder__Hamming__None,coverage,0.2,3.9693±0.5327
medical,RF,ScoreVector,PartialOrder__Subset__2,coverage,0.2,3.9693±0.5327
medical,RF,ScoreVector,PartialOrder__Subset__None,coverage,0.2,3.9693±0.5327
medical,RF,ScoreVector,PreOrder__Hamming__2,coverage,0.2,3.9693±0.5327
medical,RF,ScoreVector,PreOrder__Hamming__None,coverage,0.2,3.9693±0.5327
medical,RF,ScoreVector,PreOrder__Subset__2,coverage,0.2,3.9693±0.5327
medical,RF,ScoreVector,PreOrder__Subset__None,coverage,0.2,3.9693±0.5327
medical,RF,ScoreVector,br,coverage,0.2,4.1965±0.5417
medical,RF,ScoreVector,cc,coverage,0.2,3.9122±0.4842
medical,RF,ScoreVector,clr,coverage,0.2,3.5485±0.4881
medical,RF,ScoreVector,ecc,coverage,0.2,3.2706±0.4922
medical,RF,ScoreVector,mlknn,coverage,0.2,25.6889±1.2143
medical,RF,ScoreVector,PartialOrder__Hamming__2,coverage,0.3,7.7810±0.8631
medical,RF,ScoreVector,PartialOrder__Hamming__None,coverage,0.3,7.7810±0.8631
medical,RF,ScoreVector,PartialOrder__Subset__2,coverage,0.3,7.7810±0.8631
medical,RF,ScoreVector,PartialOrder__Subset__None,coverage,0.3,7.7810±0.8631
medical,RF,ScoreVector,PreOrder__Hamming__2,coverage,0.3,7.7810±0.8631
medical,RF,ScoreVector,PreOrder__Hamming__None,coverage,0.3,7.7810±0.8631
medical,RF,ScoreVector,PreOrder__Subset__2,coverage,0.3,7.7810±0.8631
medical,RF,ScoreVector,PreOrder__Subset__None,coverage,0.3,7.7810±0.8631
medical,RF,ScoreVector,br,coverage,0.3,7.7893±0.8895
medical,RF,ScoreVector,cc,coverage,0.3,7.4096±0.6445
medical,RF,ScoreVector,clr,coverage,0.3,6.0705±0.7748
medical,RF,ScoreVector,ecc,coverage,0.3,5.9265±0.6682
medical,RF,ScoreVector,mlknn,coverage,0.3,23.8140±1.5983
medical,RF,ScoreVector,PartialOrder__Hamming__2,lr_ap,0.0,0.8785±0.0191
medical,RF,ScoreVector,PartialOrder__Hamming__None,lr_ap,0.0,0.8785±0.0191
medical,RF,ScoreVector,PartialOrder__Subset__2,lr_ap,0.0,0.8785±0.0191
medical,RF,ScoreVector,PartialOrder__Subset__None,lr_ap,0.0,0.8785±0.0191
medical,RF,ScoreVector,PreOrder__Hamming__2,lr_ap,0.0,0.8785±0.0191
medical,RF,ScoreVector,PreOrder__Hamming__None,lr_ap,0.0,0.8785±0.0191
medical,RF,ScoreVector,PreOrder__Subset__2,lr_ap,0.0,0.8785±0.0191
medical,RF,ScoreVector,PreOrder__Subset__None,lr_ap,0.0,0.8785±0.0191
medical,RF,ScoreVector,br,lr_ap,0.0,0.8785±0.0191
medical,RF,ScoreVector,cc,lr_ap,0.0,0.8807±0.0161
medical,RF,ScoreVector,clr,lr_ap,0.0,0.8532±0.0174
medical,RF,ScoreVector,ecc,lr_ap,0.0,0.7400±0.0306
medical,RF,ScoreVector,mlknn,lr_ap,0.0,0.7022±0.0132
medical,RF,ScoreVector,PartialOrder__Hamming__2,lr_ap,0.1,0.8391±0.0167
medical,RF,ScoreVector,PartialOrder__Hamming__None,lr_ap,0.1,0.8391±0.0167
medical,RF,ScoreVector,PartialOrder__Subset__2,lr_ap,0.1,0.8391±0.0167
medical,RF,ScoreVector,PartialOrder__Subset__None,lr_ap,0.1,0.8391±0.0167
medical,RF,ScoreVector,PreOrder__Hamming__2,lr_ap,0.1,0.8391±0.0167
medical,RF,ScoreVector,PreOrder__Hamming__None,lr_ap,0.1,0.8391±0.0167
medical,RF,ScoreVector,PreOrder__Subset__2,lr_ap,0.1,0.8391±0.0167
medical,RF,ScoreVector,PreOrder__Subset__None,lr_ap,0.1,0.8391±0.0167
medical,RF,ScoreVector,br,lr_ap,0.1,0.8376±0.0188
medical,RF,ScoreVector,cc,lr_ap,0.1,0.8396±0.0167
medical,RF,ScoreVector,clr,lr_ap,0.1,0.8310±0.0184
medical,RF,ScoreVector,ecc,lr_ap,0.1,0.8572±0.0194
medical,RF,ScoreVector,mlknn,lr_ap,0.1,0.1722±0.0372
medical,RF,ScoreVector,PartialOrder__Hamming__2,lr_ap,0.2,0.7332±0.0239
medical,RF,ScoreVector,PartialOrder__Hamming__None,lr_ap,0.2,0.7332±0.0239
medical,RF,ScoreVector,PartialOrder__Subset__2,lr_ap,0.2,0.7332±0.0239
medical,RF,ScoreVector,PartialOrder__Subset__None,lr_ap,0.2,0.7332±0.0239
medical,RF,ScoreVector,PreOrder__Hamming__2,lr_ap,0.2,0.7332±0.0239
medical,RF,ScoreVector,PreOrder__Hamming__None,lr_ap,0.2,0.7332±0.0239
medical,RF,ScoreVector,PreOrder__Subset__2,lr_ap,0.2,0.7332±0.0239
medical,RF,ScoreVector,PreOrder__Subset__None,lr_ap,0.2,0.7332±0.0239
medical,RF,ScoreVector,br,lr_ap,0.2,0.7291±0.0251
medical,RF,ScoreVector,cc,lr_ap,0.2,0.7366±0.0241
medical,RF,ScoreVector,clr,lr_ap,0.2,0.7739±0.0274
medical,RF,ScoreVector,ecc,lr_ap,0.2,0.7953±0.0199
medical,RF,ScoreVector,mlknn,lr_ap,0.2,0.0824±0.0200
medical,RF,ScoreVector,PartialOrder__Hamming__2,lr_ap,0.3,0.4957±0.0375
medical,RF,ScoreVector,PartialOrder__Hamming__None,lr_ap,0.3,0.4957±0.0375
medical,RF,ScoreVector,PartialOrder__Subset__2,lr_ap,0.3,0.4957±0.0375
medical,RF,ScoreVector,PartialOrder__Subset__None,lr_ap,0.3,0.4957±0.0375
medical,RF,ScoreVector,PreOrder__Hamming__2,lr_ap,0.3,0.4957±0.0375
medical,RF,ScoreVector,PreOrder__Hamming__None,lr_ap,0.3,0.4957±0.0375
medical,RF,ScoreVector,PreOrder__Subset__2,lr_ap,0.3,0.4957±0.0375
medical,RF,ScoreVector,PreOrder__Subset__None,lr_ap,0.3,0.4957±0.0375
medical,RF,ScoreVector,br,lr_ap,0.3,0.4930±0.0292
medical,RF,ScoreVector,cc,lr_ap,0.3,0.5296±0.0330
medical,RF,ScoreVector,clr,lr_ap,0.3,0.5957±0.0348
medical,RF,ScoreVector,ecc,lr_ap,0.3,0.6255±0.0327
medical,RF,ScoreVector,mlknn,lr_ap,0.3,0.0906±0.0165
medical,RF,ScoreVector,PartialOrder__Hamming__2,one_error,0.0,0.1636±0.0268
medical,RF,ScoreVector,PartialOrder__Hamming__None,one_error,0.0,0.1636±0.0268
medical,RF,ScoreVector,PartialOrder__Subset__2,one_error,0.0,0.1636±0.0268
medical,RF,ScoreVector,PartialOrder__Subset__None,one_error,0.0,0.1636±0.0268
medical,RF,ScoreVector,PreOrder__Hamming__2,one_error,0.0,0.1636±0.0268
medical,RF,ScoreVector,PreOrder__Hamming__None,one_error,0.0,0.1636±0.0268
medical,RF,ScoreVector,PreOrder__Subset__2,one_error,0.0,0.1636±0.0268
medical,RF,ScoreVector,PreOrder__Subset__None,one_error,0.0,0.1636±0.0268
medical,RF,ScoreVector,br,one_error,0.0,0.1636±0.0268
medical,RF,ScoreVector,cc,one_error,0.0,0.1595±0.0248
medical,RF,ScoreVector,clr,one_error,0.0,0.1769±0.0259
medical,RF,ScoreVector,ecc,one_error,0.0,0.2208±0.0262
medical,RF,ScoreVector,mlknn,one_error,0.0,0.4039±0.0254
medical,RF,ScoreVector,PartialOrder__Hamming__2,one_error,0.1,0.1888±0.0263
medical,RF,ScoreVector,PartialOrder__Hamming__None,one_error,0.1,0.1888±0.0263
medical,RF,ScoreVector,PartialOrder__Subset__2,one_error,0.1,0.1888±0.0263
medical,RF,ScoreVector,PartialOrder__Subset__None,one_error,0.1,0.1888±0.0263
medical,RF,ScoreVector,PreOrder__Hamming__2,one_error,0.1,0.1888±0.0263
medical,RF,ScoreVector,PreOrder__Hamming__None,one_error,0.1,0.1888±0.0263
medical,RF,ScoreVector,PreOrder__Subset__2,one_error,0.1,0.1888±0.0263
medical,RF,ScoreVector,PreOrder__Subset__None,one_error,0.1,0.1888±0.0263
medical,RF,ScoreVector,br,one_error,0.1,0.1879±0.0240
medical,RF,ScoreVector,cc,one_error,0.1,0.1882±0.0238
medical,RF,ScoreVector,clr,one_error,0.1,0.1998±0.0257
medical,RF,ScoreVector,ecc,one_error,0.1,0.1683±0.0257
medical,RF,ScoreVector,mlknn,one_error,0.1,0.8748±0.0505
medical,RF,ScoreVector,PartialOrder__Hamming__2,one_error,0.2,0.3084±0.0318
medical,RF,ScoreVector,PartialOrder__Hamming__None,one_error,0.2,0.3084±0.0318
medical,RF,ScoreVector,PartialOrder__Subset__2,one_error,0.2,0.3084±0.0318
medical,RF,ScoreVector,PartialOrder__Subset__None,one_error,0.2,0.3084±0.0318
medical,RF,ScoreVector,PreOrder__Hamming__2,one_error,0.2,0.3084±0.0318
medical,RF,ScoreVector,PreOrder__Hamming__None,one_error,0.2,0.3084±0.0318
medical,RF,ScoreVector,PreOrder__Subset__2,one_error,0.2,0.3084±0.0318
medical,RF,ScoreVector,PreOrder__Subset__None,one_error,0.2,0.3084±0.0318
medical,RF,ScoreVector,br,one_error,0.2,0.3128±0.0332
medical,RF,ScoreVector,cc,one_error,0.2,0.3110±0.0325
medical,RF,ScoreVector,clr,one_error,0.2,0.2622±0.0350
medical,RF,ScoreVector,ecc,one_error,0.2,0.2364±0.0242
medical,RF,ScoreVector,mlknn,one_error,0.2,0.9818±0.0149
medical,RF,ScoreVector,PartialOrder__Hamming__2,one_error,0.3,0.5863±0.0470
medical,RF,ScoreVector,PartialOrder__Hamming__None,one_error,0.3,0.5863±0.0470
medical,RF,ScoreVector,PartialOrder__Subset__2,one_error,0.3,0.5863±0.0470
medical,RF,ScoreVector,PartialOrder__Subset__None,one_error,0.3,0.5863±0.0470
medical,RF,ScoreVector,PreOrder__Hamming__2,one_error,0.3,0.5863±0.0470
medical,RF,ScoreVector,PreOrder__Hamming__None,one_error,0.3,0.5863±0.0470
medical,RF,ScoreVector,PreOrder__Subset__2,one_error,0.3,0.5863±0.0470
medical,RF,ScoreVector,PreOrder__Subset__None,one_error,0.3,0.5863±0.0470
medical,RF,ScoreVector,br,one_error,0.3,0.5855±0.0344
medical,RF,ScoreVector,cc,one_error,0.3,0.5431±0.0466
medical,RF,ScoreVector,clr,one_error,0.3,0.4791±0.0432
medical,RF,ScoreVector,ecc,one_error,0.3,0.4338±0.0464
medical,RF,ScoreVector,mlknn,one_error,0.3,0.9802±0.0161
medical,RF,ScoreVector,PartialOrder__Hamming__2,ranking_loss,0.0,0.0279±0.0074
medical,RF,ScoreVector,PartialOrder__Hamming__None,ranking_loss,0.0,0.0279±0.0074
medical,RF,ScoreVector,PartialOrder__Subset__2,ranking_loss,0.0,0.0279±0.0074
medical,RF,ScoreVector,PartialOrder__Subset__None,ranking_loss,0.0,0.0279±0.0074
medical,RF,ScoreVector,PreOrder__Hamming__2,ranking_loss,0.0,0.0279±0.0074
medical,RF,ScoreVector,PreOrder__Hamming__None,ranking_loss,0.0,0.0279±0.0074
medical,RF,ScoreVector,PreOrder__Subset__2,ranking_loss,0.0,0.0279±0.0074
medical,RF,ScoreVector,PreOrder__Subset__None,ranking_loss,0.0,0.0279±0.0074
medical,RF,ScoreVector,br,ranking_loss,0.0,0.0279±0.0074
medical,RF,ScoreVector,cc,ranking_loss,0.0,0.0281±0.0073
medical,RF,ScoreVector,clr,ranking_loss,0.0,0.0360±0.0092
medical,RF,ScoreVector,ecc,ranking_loss,0.0,0.2506±0.0290
medical,RF,ScoreVector,mlknn,ranking_loss,0.0,0.0641±0.0081
medical,RF,ScoreVector,PartialOrder__Hamming__2,ranking_loss,0.1,0.0395±0.0072
medical,RF,ScoreVector,PartialOrder__Hamming__None,ranking_loss,0.1,0.0395±0.0072
medical,RF,ScoreVector,PartialOrder__Subset__2,ranking_loss,0.1,0.0395±0.0072
medical,RF,ScoreVector,PartialOrder__Subset__None,ranking_loss,0.1,0.0395±0.0072
medical,RF,ScoreVector,PreOrder__Hamming__2,ranking_loss,0.1,0.0395±0.0072
medical,RF,ScoreVector,PreOrder__Hamming__None,ranking_loss,0.1,0.0395±0.0072
medical,RF,ScoreVector,PreOrder__Subset__2,ranking_loss,0.1,0.0395±0.0072
medical,RF,ScoreVector,PreOrder__Subset__None,ranking_loss,0.1,0.0395±0.0072
medical,RF,ScoreVector,br,ranking_loss,0.1,0.0405±0.0098
medical,RF,ScoreVector,cc,ranking_loss,0.1,0.0403±0.0097
medical,RF,ScoreVector,clr,ranking_loss,0.1,0.0419±0.0088
medical,RF,ScoreVector,ecc,ranking_loss,0.1,0.0332±0.0093
medical,RF,ScoreVector,mlknn,ranking_loss,0.1,0.4512±0.0274
medical,RF,ScoreVector,PartialOrder__Hamming__2,ranking_loss,0.2,0.0674±0.0119
medical,RF,ScoreVector,PartialOrder__Hamming__None,ranking_loss,0.2,0.0674±0.0119
medical,RF,ScoreVector,PartialOrder__Subset__2,ranking_loss,0.2,0.0674±0.0119
medical,RF,ScoreVector,PartialOrder__Subset__None,ranking_loss,0.2,0.0674±0.0119
medical,RF,ScoreVector,PreOrder__Hamming__2,ranking_loss,0.2,0.0674±0.0119
medical,RF,ScoreVector,PreOrder__Hamming__None,ranking_loss,0.2,0.0674±0.0119
medical,RF,ScoreVector,PreOrder__Subset__2,ranking_loss,0.2,0.0674±0.0119
medical,RF,ScoreVector,PreOrder__Subset__None,ranking_loss,0.2,0.0674±0.0119
medical,RF,ScoreVector,br,ranking_loss,0.2,0.0720±0.0121
medical,RF,ScoreVector,cc,ranking_loss,0.2,0.0666±0.0099
medical,RF,ScoreVector,clr,ranking_loss,0.2,0.0592±0.0098
medical,RF,ScoreVector,ecc,ranking_loss,0.2,0.0532±0.0108
medical,RF,ScoreVector,mlknn,ranking_loss,0.2,0.5474±0.0294
medical,RF,ScoreVector,PartialOrder__Hamming__2,ranking_loss,0.3,0.1462±0.0177
medical,RF,ScoreVector,PartialOrder__Hamming__None,ranking_loss,0.3,0.1462±0.0177
medical,RF,ScoreVector,PartialOrder__Subset__2,ranking_loss,0.3,0.1462±0.0177
medical,RF,ScoreVector,PartialOrder__Subset__None,ranking_loss,0.3,0.1462±0.0177
medical,RF,ScoreVector,PreOrder__Hamming__2,ranking_loss,0.3,0.1462±0.0177
medical,RF,ScoreVector,PreOrder__Hamming__None,ranking_loss,0.3,0.1462±0.0177
medical,RF,ScoreVector,PreOrder__Subset__2,ranking_loss,0.3,0.1462±0.0177
medical,RF,ScoreVector,PreOrder__Subset__None,ranking_loss,0.3,0.1462±0.0177
medical,RF,ScoreVector,br,ranking_loss,0.3,0.1464±0.0189
medical,RF,ScoreVector,cc,ranking_loss,0.3,0.1387±0.0130
medical,RF,ScoreVector,clr,ranking_loss,0.3,0.1099±0.0162
medical,RF,ScoreVector,ecc,ranking_loss,0.3,0.1074±0.0139
medical,RF,ScoreVector,mlknn,ranking_loss,0.3,0.5034±0.0367
