Base_Learner,Algorithm,Algorithm_Metric,Algorithm_Height,Algorithm_Order,Prediction_Type,Metric,Mean,Std
RF,,,,,BinaryVector,hamming_accuracy,0.8465505974607916,0.013625229653478139
RF,,,,,BinaryVector,subset0_1,0.5182038834951457,0.04407491508931116
RF,,,,,BinaryVector,f1,0.532966143888474,0.04350530978870813
RF,,,,,BinaryVector,mfrd,0.995999199679872,0.00490077675551824
RF,,,,,BinaryVector,afrd,0.5464619059050861,0.03612071639664162
