Base_Learner,Algorithm,Algorithm_Metric,Algorithm_Height,Algorithm_Order,Prediction_Type,Metric,Mean,Std
RF,,,,,BinaryVector,hamming_accuracy,0.7495917010872146,0.014237567217097605
RF,,,,,BinaryVector,subset0_1,0.18050135308360632,0.03454398480257537
RF,,,,,BinaryVector,f1,0.5274126260673757,0.02922119091206581
RF,,,,,BinaryVector,mfrd,0.5358277805204839,0.13007598831579945
RF,,,,,BinaryVector,afrd,0.28633459400948363,0.07196976389174907
