Base_Learner,Algorithm,Algorithm_Metric,Algorithm_Height,Algorithm_Order,Prediction_Type,Metric,Mean,Std
RF,,,,,BinaryVector,hamming_accuracy,0.8825285467401651,0.004560658857644038
RF,,,,,BinaryVector,subset0_1,0.46780436676702236,0.015479617428477333
RF,,,,,BinaryVector,f1,0.5629200058660636,0.018380782315216556
RF,,,,,BinaryVector,mfrd,0.5833294152061379,0.05254432712648469
RF,,,,,BinaryVector,afrd,0.3505297184595581,0.025715881972262034
