Base_Learner,Algorithm,Algorithm_Metric,Algorithm_Height,Algorithm_Order,Prediction_Type,Metric,Mean,Std
RF,,,,,BinaryVector,hamming_accuracy,0.8838808326360195,0.007172230407196653
RF,,,,,BinaryVector,subset0_1,0.46427265120211186,0.026791083192572507
RF,,,,,BinaryVector,f1,0.557413133574959,0.031186921455240983
RF,,,,,BinaryVector,mfrd,0.562107921126846,0.07131239847944443
RF,,,,,BinaryVector,afrd,0.3600056441568438,0.03961579915336895
