Base_Learner,Algorithm,Algorithm_Metric,Algorithm_Height,Algorithm_Order,Prediction_Type,Metric,Mean,Std
RF,,,,,BinaryVector,hamming_accuracy,0.9062448420332236,0.003528279249987654
RF,,,,,BinaryVector,subset0_1,0.5375950000431329,0.014709959553973377
RF,,,,,BinaryVector,f1,0.5881787288633761,0.017479627463955892
RF,,,,,BinaryVector,mfrd,0.6434004393627792,0.0554869391660594
RF,,,,,BinaryVector,afrd,0.3794065316433606,0.02211374314654761
