Base_Learner,Algorithm,Algorithm_Metric,Algorithm_Height,Algorithm_Order,Prediction_Type,Metric,Mean,Std
RF,,,,,BinaryVector,hamming_accuracy,0.8075783972125434,0.021097740712659234
RF,,,,,BinaryVector,subset0_1,0.2075493612078978,0.058213069097467623
RF,,,,,BinaryVector,f1,0.30256097560975603,0.08244150463097706
RF,,,,,BinaryVector,mfrd,0.9949358974358974,0.010129219358500606
RF,,,,,BinaryVector,afrd,0.6298525954098636,0.05680051603234216
