Base_Learner,Algorithm,Algorithm_Metric,Algorithm_Height,Algorithm_Order,Prediction_Type,Metric,Mean,Std
RF,,,,,BinaryVector,hamming_accuracy,0.9092652692436,0.002535046493086266
RF,,,,,BinaryVector,subset0_1,0.09578627977901011,0.012648452466351505
RF,,,,,BinaryVector,f1,0.12698940837344302,0.01434887463017034
RF,,,,,BinaryVector,mfrd,0.9991829531540507,0.0011010276788808856
RF,,,,,BinaryVector,afrd,0.9321258255488406,0.0046178150056544395
