Base_Learner,Algorithm,Algorithm_Metric,Algorithm_Height,Algorithm_Order,Prediction_Type,Metric,Mean,Std
RF,,,,,BinaryVector,hamming_accuracy,0.7334231805929919,0.004497189680178854
RF,,,,,BinaryVector,subset0_1,0.029245283018867925,0.005500898014004999
RF,,,,,BinaryVector,f1,0.5439005091056174,0.009228581417306434
RF,,,,,BinaryVector,mfrd,0.8497963749016441,0.02814720015506359
RF,,,,,BinaryVector,afrd,0.44741238708049913,0.02010399672801838
