Base_Learner,Algorithm,Algorithm_Metric,Algorithm_Height,Algorithm_Order,Prediction_Type,Metric,Mean,Std
RF,,,,,BinaryVector,hamming_accuracy,0.9082992336067969,0.0023969057304233338
RF,,,,,BinaryVector,subset0_1,0.09175922042551429,0.013684569677636062
RF,,,,,BinaryVector,f1,0.12434409311617012,0.01874200238980461
RF,,,,,BinaryVector,mfrd,0.9988571792341631,0.0007482579787262032
RF,,,,,BinaryVector,afrd,0.9312628667474957,0.009895521641044677
