Base_Learner,Algorithm,Algorithm_Metric,Algorithm_Height,Algorithm_Order,Prediction_Type,Metric,Mean,Std
RF,,,,,BinaryVector,hamming_accuracy,0.6877358490566038,0.011545154363914881
RF,,,,,BinaryVector,subset0_1,0.010849056603773586,0.005985178085117698
RF,,,,,BinaryVector,f1,0.42536670437810986,0.02925614347499745
RF,,,,,BinaryVector,mfrd,0.8798514811852197,0.08216604989527199
RF,,,,,BinaryVector,afrd,0.519485249334128,0.0504337995938365
