Base_Learner,Algorithm,Algorithm_Metric,Algorithm_Height,Algorithm_Order,Prediction_Type,Metric,Mean,Std
RF,,,,,BinaryVector,hamming_accuracy,0.8491203779585522,0.003193120879611028
RF,,,,,BinaryVector,subset0_1,0.15247194209849813,0.016970689974209384
RF,,,,,BinaryVector,f1,0.16327355124035625,0.017764660131041863
RF,,,,,BinaryVector,mfrd,0.9983193277310924,0.0033613445378151145
RF,,,,,BinaryVector,afrd,0.8306730108587134,0.017506071630302183
