Base_Learner,Algorithm,Algorithm_Metric,Algorithm_Height,Algorithm_Order,Prediction_Type,Metric,Mean,Std
RF,,,,,BinaryVector,hamming_accuracy,0.8656360797439635,0.003488099997179644
RF,,,,,BinaryVector,subset0_1,0.25011214534036114,0.019157159276001836
RF,,,,,BinaryVector,f1,0.2654148083608665,0.021148055503148768
RF,,,,,BinaryVector,mfrd,0.9818594758384753,0.014540408423221355
RF,,,,,BinaryVector,afrd,0.726684372633606,0.019154237886916094
