Base_Learner,Algorithm,Algorithm_Metric,Algorithm_Height,Algorithm_Order,Prediction_Type,Metric,Mean,Std
RF,,,,,BinaryVector,hamming_accuracy,0.7635189669087974,0.012440913415198028
RF,,,,,BinaryVector,subset0_1,0.13918957413473865,0.03773453444677575
RF,,,,,BinaryVector,f1,0.3343832787352229,0.04097778771689018
RF,,,,,BinaryVector,mfrd,0.9318326639440138,0.03379695475071405
RF,,,,,BinaryVector,afrd,0.6602667041335429,0.037415351764921646
