Base_Learner,Algorithm,Algorithm_Metric,Algorithm_Height,Algorithm_Order,Prediction_Type,Metric,Mean,Std
RF,,,,,BinaryVector,hamming_accuracy,0.8605821349597284,0.005033175480819518
RF,,,,,BinaryVector,subset0_1,0.22747302041907852,0.028002787995717784
RF,,,,,BinaryVector,f1,0.2398198773302508,0.029149997844464176
RF,,,,,BinaryVector,mfrd,0.9593225247649538,0.021578233463300806
RF,,,,,BinaryVector,afrd,0.7549914670955458,0.026829061702667387
