Base_Learner,Algorithm,Algorithm_Metric,Algorithm_Height,Algorithm_Order,Prediction_Type,Metric,Mean,Std
RF,,,,,BinaryVector,hamming_accuracy,0.6644144144144144,0.008838476067724583
RF,,,,,BinaryVector,subset0_1,0.07387387387387387,0.026966900084857234
RF,,,,,BinaryVector,f1,0.43839768339768315,0.020824898786035183
RF,,,,,BinaryVector,mfrd,0.999074074074074,0.0027777777777777905
RF,,,,,BinaryVector,afrd,0.73515380702452,0.04551375685900106
