Base_Learner,Algorithm,Algorithm_Metric,Algorithm_Height,Algorithm_Order,Prediction_Type,Metric,Mean,Std
RF,,,,,BinaryVector,hamming_accuracy,0.7910257323268292,0.00953467024910538
RF,,,,,BinaryVector,subset0_1,0.25977068793619146,0.03865221946059288
RF,,,,,BinaryVector,f1,0.5853032060281739,0.03128055481573731
RF,,,,,BinaryVector,mfrd,0.6414365643775307,0.08101389758380292
RF,,,,,BinaryVector,afrd,0.30593073630316486,0.025820744588001585
