Base_Learner,Algorithm,Algorithm_Metric,Algorithm_Height,Algorithm_Order,Prediction_Type,Metric,Mean,Std
RF,,,,,BinaryVector,hamming_accuracy,0.7594217347956131,0.015221087879815754
RF,,,,,BinaryVector,subset0_1,0.12988890471442815,0.03555818338922044
RF,,,,,BinaryVector,f1,0.3308287043631012,0.040016517759554525
RF,,,,,BinaryVector,mfrd,0.9347199561938414,0.05102267769807463
RF,,,,,BinaryVector,afrd,0.6545828545306925,0.05828911411009598
