Base_Learner,Algorithm,Algorithm_Metric,Algorithm_Height,Algorithm_Order,Prediction_Type,Metric,Mean,Std
RF,,,,,BinaryVector,hamming_accuracy,0.8121029767839338,0.010347195076257318
RF,,,,,BinaryVector,subset0_1,0.2900370317618573,0.033823597447853695
RF,,,,,BinaryVector,f1,0.6169783506622986,0.024164447435000902
RF,,,,,BinaryVector,mfrd,0.6293981261226615,0.09520060158288533
RF,,,,,BinaryVector,afrd,0.31033950067015786,0.03719131269339188
