Base_Learner,Algorithm,Algorithm_Metric,Algorithm_Height,Algorithm_Order,Prediction_Type,Metric,Mean,Std
RF,,,,,BinaryVector,hamming_accuracy,0.7306603773584905,0.0098244188510014
RF,,,,,BinaryVector,subset0_1,0.020754716981132078,0.010589596377662098
RF,,,,,BinaryVector,f1,0.49382138979530765,0.007630452275525855
RF,,,,,BinaryVector,mfrd,0.9610492926134073,0.019762273533147995
RF,,,,,BinaryVector,afrd,0.5544593622043203,0.017797845986264695
