Base_Learner,Algorithm,Algorithm_Metric,Algorithm_Height,Algorithm_Order,Prediction_Type,Metric,Mean,Std
RF,,,,,BinaryVector,hamming_accuracy,0.6545148247978435,0.007768638773229502
RF,,,,,BinaryVector,subset0_1,0.006132075471698114,0.0036840800358050258
RF,,,,,BinaryVector,f1,0.48100896521876146,0.020455873910678518
RF,,,,,BinaryVector,mfrd,0.5811894533411819,0.037681758204131346
RF,,,,,BinaryVector,afrd,0.2959119972750272,0.02446622565148524
