Base_Learner,Algorithm,Algorithm_Metric,Algorithm_Height,Algorithm_Order,Prediction_Type,Metric,Mean,Std
RF,,,,,BinaryVector,hamming_accuracy,0.7021021021021021,0.016546519296043127
RF,,,,,BinaryVector,subset0_1,0.14414414414414414,0.028488987929444858
RF,,,,,BinaryVector,f1,0.6178278278278274,0.023240276421177965
RF,,,,,BinaryVector,mfrd,0.9990654205607477,0.00280373831775701
RF,,,,,BinaryVector,afrd,0.6138143164514716,0.038737150702528506
