Base_Learner,Algorithm,Algorithm_Metric,Algorithm_Height,Algorithm_Order,Prediction_Type,Metric,Mean,Std
RF,,,,,BinaryVector,hamming_accuracy,0.792592460713099,0.01451343320478243
RF,,,,,BinaryVector,subset0_1,0.24868964534966528,0.039224189256966566
RF,,,,,BinaryVector,f1,0.5744462530775019,0.0392885828321659
RF,,,,,BinaryVector,mfrd,0.6541568570514065,0.08303271512997594
RF,,,,,BinaryVector,afrd,0.33093807151936405,0.05158114001330484
