Base_Learner,Algorithm,Algorithm_Metric,Algorithm_Height,Algorithm_Order,Prediction_Type,Metric,Mean,Std
RF,,,,,BinaryVector,hamming_accuracy,0.8106656086631816,0.017254789958838022
RF,,,,,BinaryVector,subset0_1,0.4383215085884989,0.05374173990432616
RF,,,,,BinaryVector,f1,0.4862381752551655,0.05648372633053274
RF,,,,,BinaryVector,mfrd,0.9184101640656263,0.10432675072598728
RF,,,,,BinaryVector,afrd,0.5182005292769715,0.06612909527428852
