Base_Learner,Algorithm,Algorithm_Metric,Algorithm_Height,Algorithm_Order,Prediction_Type,Metric,Mean,Std
RF,,,,,BinaryVector,hamming_accuracy,0.8441304144884244,0.018234553672651803
RF,,,,,BinaryVector,subset0_1,0.5056385362210605,0.07177595156593965
RF,,,,,BinaryVector,f1,0.5157720313666916,0.0707278245462595
RF,,,,,BinaryVector,mfrd,0.9969991996798718,0.0045846715746805655
RF,,,,,BinaryVector,afrd,0.5759200494160587,0.048947668277470886
