Base_Learner,Algorithm,Algorithm_Metric,Algorithm_Height,Algorithm_Order,Prediction_Type,Metric,Mean,Std
RF,,,,,BinaryVector,hamming_accuracy,0.8981752572824002,0.0018560781656314091
RF,,,,,BinaryVector,subset0_1,0.0757012035583464,0.023972376081251048
RF,,,,,BinaryVector,f1,0.09817198674341533,0.02663218781102161
RF,,,,,BinaryVector,mfrd,0.9984177927927927,0.0024173970164957184
RF,,,,,BinaryVector,afrd,0.9169743192181501,0.02858298884216842
