Base_Learner,Algorithm,Algorithm_Metric,Algorithm_Height,Algorithm_Order,Prediction_Type,Metric,Mean,Std
RF,,,,,BinaryVector,hamming_accuracy,0.9162862351659034,0.002838637055245511
RF,,,,,BinaryVector,subset0_1,0.5762338144080884,0.011230364354674787
RF,,,,,BinaryVector,f1,0.6107875190862743,0.014125283707485291
RF,,,,,BinaryVector,mfrd,0.6268409952704292,0.03522774235255421
RF,,,,,BinaryVector,afrd,0.37426877341996384,0.017424322041163464
