Base_Learner,Algorithm,Algorithm_Metric,Algorithm_Height,Algorithm_Order,Prediction_Type,Metric,Mean,Std
RF,,,,,BinaryVector,hamming_accuracy,0.7222371967654986,0.0058244573204975884
RF,,,,,BinaryVector,subset0_1,0.018396226415094342,0.004924672881561581
RF,,,,,BinaryVector,f1,0.5415881133919205,0.017086096852611553
RF,,,,,BinaryVector,mfrd,0.7824139165317161,0.040929335352426086
RF,,,,,BinaryVector,afrd,0.41320556138373715,0.023234641079563412
