Base_Learner,Algorithm,Algorithm_Metric,Algorithm_Height,Algorithm_Order,Prediction_Type,Metric,Mean,Std
RF,,,,,BinaryVector,hamming_accuracy,0.8023615950445219,0.018123057480536584
RF,,,,,BinaryVector,subset0_1,0.19808362369337978,0.026030838892693836
RF,,,,,BinaryVector,f1,0.2876751838946961,0.04123399470011928
RF,,,,,BinaryVector,mfrd,0.9857142857142858,0.04285714285714287
RF,,,,,BinaryVector,afrd,0.602942883254971,0.06292012416540373
