Base_Learner,Algorithm,Algorithm_Metric,Algorithm_Height,Algorithm_Order,Prediction_Type,Metric,Mean,Std
RF,,,,,BinaryVector,hamming_accuracy,0.9146240399352432,0.004150864173968518
RF,,,,,BinaryVector,subset0_1,0.5735345623312429,0.01942863602969679
RF,,,,,BinaryVector,f1,0.6137876513602654,0.021629355076451307
RF,,,,,BinaryVector,mfrd,0.6378799399254561,0.029209056963351847
RF,,,,,BinaryVector,afrd,0.36512406216062976,0.02438408983086606
