Base_Learner,Algorithm,Algorithm_Metric,Algorithm_Height,Algorithm_Order,Prediction_Type,Metric,Mean,Std
RF,,,,,BinaryVector,hamming_accuracy,0.6411411411411413,0.02305672773345897
RF,,,,,BinaryVector,subset0_1,0.06666666666666668,0.022862301874683823
RF,,,,,BinaryVector,f1,0.5396310596310591,0.030870794197315556
RF,,,,,BinaryVector,mfrd,0.9260553783292277,0.09619308980205316
RF,,,,,BinaryVector,afrd,0.45344821443455113,0.06779454435524157
