Base_Learner,Algorithm,Algorithm_Metric,Algorithm_Height,Algorithm_Order,Prediction_Type,Metric,Mean,Std
RF,,,,,BinaryVector,hamming_accuracy,0.7454219899341851,0.035763250079130914
RF,,,,,BinaryVector,subset0_1,0.13286875725900116,0.04647342936153574
RF,,,,,BinaryVector,f1,0.24932802389248382,0.05850656169772275
RF,,,,,BinaryVector,mfrd,0.9349481074481074,0.05039078187343456
RF,,,,,BinaryVector,afrd,0.5756442211190135,0.06433717004769611
