Base_Learner,Algorithm,Algorithm_Metric,Algorithm_Height,Algorithm_Order,Prediction_Type,Metric,Mean,Std
RF,,,,,BinaryVector,hamming_accuracy,0.8104045683313977,0.017705056842022726
RF,,,,,BinaryVector,subset0_1,0.21515679442508712,0.04608170366788187
RF,,,,,BinaryVector,f1,0.2930507162214479,0.057744021505939325
RF,,,,,BinaryVector,jaccard,0.27327719705768483,0.053873666069105444
RF,,,,,BinaryVector,macro_f1,0.2357286767619245,0.08163900045307793
RF,,,,,BinaryVector,micro_f1,0.3767610337452039,0.06580897843871694
RF,,,,,BinaryVector,macro_precision,0.28358655233655233,0.06744417040256089
RF,,,,,BinaryVector,micro_precision,0.5655584156861141,0.08222200235982945
RF,,,,,BinaryVector,macro_recall,0.21466857088920963,0.09093264090693186
RF,,,,,BinaryVector,micro_recall,0.2854476437783697,0.06072809483235515
RF,,,,,BinaryVector,example_precision,0.31165311653116523,0.062012277896103474
RF,,,,,BinaryVector,example_recall,0.29462833914053427,0.06081141129522452
RF,,,,,BinaryVector,mfrd,1.0,0.0
RF,,,,,BinaryVector,afrd,0.6447164116805556,0.04012538879471508
