Base_Learner,Algorithm,Algorithm_Metric,Algorithm_Height,Algorithm_Order,Prediction_Type,Metric,Mean,Std
RF,,,,,BinaryVector,hamming_accuracy,0.7025525525525526,0.02020565834090417
RF,,,,,BinaryVector,subset0_1,0.17117117117117117,0.036036036036036036
RF,,,,,BinaryVector,f1,0.6328800228800224,0.023078440869916634
RF,,,,,BinaryVector,mfrd,0.999074074074074,0.0027777777777777905
RF,,,,,BinaryVector,afrd,0.5318973869982743,0.03958109004618546
