Base_Learner,Algorithm,Algorithm_Metric,Algorithm_Height,Algorithm_Order,Prediction_Type,Metric,Mean,Std
RF,,,,,BinaryVector,hamming_accuracy,0.7127695417789757,0.006621712940375192
RF,,,,,BinaryVector,subset0_1,0.015566037735849057,0.00474050736845325
RF,,,,,BinaryVector,f1,0.4658808959998795,0.011540016500321958
RF,,,,,BinaryVector,mfrd,0.9131128820862667,0.0290526734965209
RF,,,,,BinaryVector,afrd,0.5325171134633337,0.02090807540020805
