Base_Learner,Algorithm,Algorithm_Metric,Algorithm_Height,Algorithm_Order,Prediction_Type,Metric,Mean,Std
RF,,,,,BinaryVector,hamming_accuracy,0.8697550486969574,0.003106810232904537
RF,,,,,BinaryVector,subset0_1,0.27441015864252377,0.018990459900328913
RF,,,,,BinaryVector,f1,0.29127013224523596,0.020399732958100523
RF,,,,,BinaryVector,mfrd,0.9719581045693634,0.015110673010997014
RF,,,,,BinaryVector,afrd,0.6991193009843515,0.018921482149016424
