Base_Learner,Algorithm,Algorithm_Metric,Algorithm_Height,Algorithm_Order,Prediction_Type,Metric,Mean,Std
RF,,,,,BinaryVector,hamming_accuracy,0.8114098181645539,0.008513231508763522
RF,,,,,BinaryVector,subset0_1,0.3128329297820823,0.026375951515770144
RF,,,,,BinaryVector,f1,0.624660304799886,0.01299764765036067
RF,,,,,BinaryVector,mfrd,0.6661284540128319,0.07520092326273356
RF,,,,,BinaryVector,afrd,0.29602555356298244,0.030793254821835713
