Base_Learner,Algorithm,Algorithm_Metric,Algorithm_Height,Algorithm_Order,Prediction_Type,Metric,Mean,Std
RF,,,,,BinaryVector,hamming_accuracy,0.9075948993998788,0.00466925069250675
RF,,,,,BinaryVector,subset0_1,0.5481910093943287,0.02400101296624664
RF,,,,,BinaryVector,f1,0.5982915232500293,0.02500227884820883
RF,,,,,BinaryVector,mfrd,0.620964989979448,0.05075991472896953
RF,,,,,BinaryVector,afrd,0.36942263465221803,0.026321233969596236
