Base_Learner,Algorithm,Algorithm_Metric,Algorithm_Height,Algorithm_Order,Prediction_Type,Metric,Mean,Std
RF,,,,,BinaryVector,hamming_accuracy,0.9136555642779708,0.0025918053553530265
RF,,,,,BinaryVector,subset0_1,0.5656442749803746,0.008453526183311947
RF,,,,,BinaryVector,f1,0.6065248315663253,0.012102302836260095
RF,,,,,BinaryVector,mfrd,0.645505385800609,0.03539612806153861
RF,,,,,BinaryVector,afrd,0.37194533560237686,0.01345799378647518
