Base_Learner,Algorithm,Algorithm_Metric,Algorithm_Height,Algorithm_Order,Prediction_Type,Metric,Mean,Std
RF,,,,,BinaryVector,hamming_accuracy,0.721933962264151,0.005040525857826417
RF,,,,,BinaryVector,subset0_1,0.018396226415094342,0.005757809252704578
RF,,,,,BinaryVector,f1,0.536701313627536,0.015564485699595764
RF,,,,,BinaryVector,mfrd,0.8249064448553053,0.0539842033735988
RF,,,,,BinaryVector,afrd,0.4229490523785951,0.02406997827093026
