Base_Learner,Algorithm,Algorithm_Metric,Algorithm_Height,Algorithm_Order,Prediction_Type,Metric,Mean,Std
RF,,,,,BinaryVector,hamming_accuracy,0.6261261261261261,0.013580082948462503
RF,,,,,BinaryVector,subset0_1,0.03963963963963964,0.020225175063642926
RF,,,,,BinaryVector,f1,0.31611397111397105,0.04438489639201947
RF,,,,,BinaryVector,mfrd,0.9944265021341374,0.006179391093485648
RF,,,,,BinaryVector,afrd,0.6917461822569676,0.03356544740748403
