Base_Learner,Algorithm,Algorithm_Metric,Algorithm_Height,Algorithm_Order,Prediction_Type,Metric,Mean,Std
RF,,,,,BinaryVector,hamming_accuracy,0.7450695532450269,0.014427098764126569
RF,,,,,BinaryVector,subset0_1,0.10957840763424014,0.020865658750280743
RF,,,,,BinaryVector,f1,0.2873102122204814,0.04088839833979075
RF,,,,,BinaryVector,mfrd,0.935331889178024,0.05921187483084295
RF,,,,,BinaryVector,afrd,0.7140517622622259,0.049735918014796696
