Base_Learner,Algorithm,Algorithm_Metric,Algorithm_Height,Algorithm_Order,Prediction_Type,Metric,Mean,Std
RF,,,,,BinaryVector,hamming_accuracy,0.7460392631628923,0.014886465593678514
RF,,,,,BinaryVector,subset0_1,0.17028913260219342,0.019265337000695455
RF,,,,,BinaryVector,f1,0.5127717866807736,0.03648954773104186
RF,,,,,BinaryVector,mfrd,0.5322480656679102,0.08668094065175147
RF,,,,,BinaryVector,afrd,0.30294980373644587,0.04389295745715543
