Base_Learner,Algorithm,Algorithm_Metric,Algorithm_Height,Algorithm_Order,Prediction_Type,Metric,Mean,Std
RF,,,,,BinaryVector,hamming_accuracy,0.7548877274487031,0.032160752305983226
RF,,,,,BinaryVector,subset0_1,0.14233449477351917,0.05947291101658075
RF,,,,,BinaryVector,f1,0.2790495547812621,0.07533880563541381
RF,,,,,BinaryVector,mfrd,0.9639352539352538,0.033689638972491436
RF,,,,,BinaryVector,afrd,0.5494792683261024,0.06782920480710265
