Base_Learner,Algorithm,Algorithm_Metric,Algorithm_Height,Algorithm_Order,Prediction_Type,Metric,Mean,Std
RF,,,,,BinaryVector,hamming_accuracy,0.6873873873873875,0.012522918595791618
RF,,,,,BinaryVector,subset0_1,0.11891891891891893,0.020857363788811215
RF,,,,,BinaryVector,f1,0.6017789217789213,0.02763359601764846
RF,,,,,BinaryVector,mfrd,0.9917253532206803,0.01257894649599412
RF,,,,,BinaryVector,afrd,0.5547628735827373,0.0414727447281554
