Base_Learner,Algorithm,Algorithm_Metric,Algorithm_Height,Algorithm_Order,Prediction_Type,Metric,Mean,Std
RF,,,,,BinaryVector,hamming_accuracy,0.6394894894894896,0.01695367413590181
RF,,,,,BinaryVector,subset0_1,0.06936936936936937,0.026126126126126123
RF,,,,,BinaryVector,f1,0.5336636636636631,0.026940435609015545
RF,,,,,BinaryVector,mfrd,0.8842927927366299,0.1306081564539404
RF,,,,,BinaryVector,afrd,0.4118880140219227,0.05952845526061954
