Base_Learner,Algorithm,Algorithm_Metric,Algorithm_Height,Algorithm_Order,Prediction_Type,Metric,Mean,Std
RF,,,,,BinaryVector,hamming_accuracy,0.7227088948787062,0.007218424961465164
RF,,,,,BinaryVector,subset0_1,0.021226415094339625,0.009011779799312641
RF,,,,,BinaryVector,f1,0.4832770510566017,0.014107554005266115
RF,,,,,BinaryVector,mfrd,0.9467582489928406,0.016518614444160102
RF,,,,,BinaryVector,afrd,0.5473409302954326,0.022472385287020558
