Base_Learner,Algorithm,Algorithm_Metric,Algorithm_Height,Algorithm_Order,Prediction_Type,Metric,Mean,Std
RF,,,,,BinaryVector,hamming_accuracy,0.6824324324324325,0.019774837479749452
RF,,,,,BinaryVector,subset0_1,0.118018018018018,0.025305534964302948
RF,,,,,BinaryVector,f1,0.5947869297869294,0.020273590640709722
RF,,,,,BinaryVector,mfrd,0.9944263388603011,0.007460935794214199
RF,,,,,BinaryVector,afrd,0.5069110444868563,0.04311137560981647
