Base_Learner,Algorithm,Algorithm_Metric,Algorithm_Height,Algorithm_Order,Prediction_Type,Metric,Mean,Std
RF,,,,,BinaryVector,hamming_accuracy,0.8198309832407539,0.013297703147862385
RF,,,,,BinaryVector,subset0_1,0.33045150263495227,0.03674155788230309
RF,,,,,BinaryVector,f1,0.6193794806058015,0.024986588795634014
RF,,,,,BinaryVector,mfrd,0.6978026401669805,0.08959691700171074
RF,,,,,BinaryVector,afrd,0.33101184362152475,0.025179669491220507
