Base_Learner,Algorithm,Metric,Mean,Std
RF,CLR,hamming_accuracy,0.6831870243877101,0.0021318685124103176
RF,CLR,subset0_1,0.08287016596109394,0.007057891592862894
RF,CLR,f1,0.49527569280315864,0.012466684723391882
RF,CLR,mean_ir,5.865180798401381,0.8181944748344834
RF,CLR,cv_ir,1.7536564656684064,0.05232400484127819
