Base_Learner,Algorithm,Metric,Mean,Std
RF,BR,hamming_accuracy,0.7105366248517431,0.014493459384117224
RF,BR,subset0_1,0.16577928992546034,0.007505908630496327
RF,BR,f1,0.6317219458059142,0.023933890535843775
RF,BR,mean_ir,5.865180798401381,0.8181944748344834
RF,BR,cv_ir,1.7536564656684064,0.05232400484127819
