Base_Learner,Algorithm,Metric,Mean,Std
RF,CC,hamming_accuracy,0.7048379347063864,0.018387095377849383
RF,CC,subset0_1,0.17840817598628678,0.01653767238916448
RF,CC,f1,0.6444707926284049,0.02414705162120978
RF,CC,mean_ir,5.865180798401381,0.8181944748344834
RF,CC,cv_ir,1.7536564656684064,0.05232400484127819
