Base_Learner,Algorithm,Algorithm_Metric,Algorithm_Height,Algorithm_Order,Prediction_Type,Metric,Mean,Std
RF,,,,,BinaryVector,hamming_accuracy,0.7318059299191375,0.004218996183961847
RF,,,,,BinaryVector,subset0_1,0.027358490566037737,0.009146565768710055
RF,,,,,BinaryVector,f1,0.5507507454316556,0.008914254564645325
RF,,,,,BinaryVector,mfrd,0.8472996605803023,0.030373108552652548
RF,,,,,BinaryVector,afrd,0.4369737398789416,0.01704298988869441
