Base_Learner,Algorithm,Algorithm_Metric,Algorithm_Height,Algorithm_Order,Prediction_Type,Metric,Mean,Std
RF,,,,,BinaryVector,hamming_accuracy,0.7016846361185983,0.005836139736435197
RF,,,,,BinaryVector,subset0_1,0.009905660377358492,0.007138087712462998
RF,,,,,BinaryVector,f1,0.5168501030143796,0.01829897874716262
RF,,,,,BinaryVector,mfrd,0.7635043448137565,0.037502073194150276
RF,,,,,BinaryVector,afrd,0.38901111591917986,0.021288844301722728
