Base_Learner,Algorithm,Algorithm_Metric,Algorithm_Height,Algorithm_Order,Prediction_Type,Metric,Mean,Std
RF,,,,,BinaryVector,hamming_accuracy,0.6596024258760107,0.009447249499190161
RF,,,,,BinaryVector,subset0_1,0.0033018867924528303,0.0030203416214305886
RF,,,,,BinaryVector,f1,0.48004570390179957,0.021687774436233227
RF,,,,,BinaryVector,mfrd,0.6218387559457383,0.06247061956839711
RF,,,,,BinaryVector,afrd,0.3168622218067948,0.03545517721141781
