Base_Learner,Algorithm,Metric,Mean,Std
LightGBM,CLR,hamming_accuracy,0.6723740141460839,0.0009111844098728117
LightGBM,CLR,subset0_1,0.09369399787029582,0.0001688180141807133
LightGBM,CLR,f1,0.5017234896971547,0.0006060752223389088
